Started HTTP and WebSocket JSON-RPC server at http://127.0.0.1:8545/

Accounts
========

WARNING: These accounts, and their private keys, are publicly known.
Any funds sent to them on Mainnet or any other live network WILL BE LOST.

Account #0: 0xf39Fd6e51aad88F6F4ce6aB8827279cffFb92266 (10000 ETH)
Private Key: 0xac0974bec39a17e36ba4a6b4d238ff944bacb478cbed5efcae784d7bf4f2ff80

Account #1: 0x70997970C51812dc3A010C7d01b50e0d17dc79C8 (10000 ETH)
Private Key: 0x59c6995e998f97a5a0044966f0945389dc9e86dae88c7a8412f4603b6b78690d

Account #2: 0x3C44CdDdB6a900fa2b585dd299e03d12FA4293BC (10000 ETH)
Private Key: 0x5de4111afa1a4b94908f83103eb1f1706367c2e68ca870fc3fb9a804cdab365a

Account #3: 0x90F79bf6EB2c4f870365E785982E1f101E93b906 (10000 ETH)
Private Key: 0x7c852118294e51e653712a81e05800f419141751be58f605c371e15141b007a6

Account #4: 0x15d34AAf54267DB7D7c367839AAf71A00a2C6A65 (10000 ETH)
Private Key: 0x47e179ec197488593b187f80a00eb0da91f1b9d0b13f8733639f19c30a34926a

Account #5: 0x9965507D1a55bcC2695C58ba16FB37d819B0A4dc (10000 ETH)
Private Key: 0x8b3a350cf5c34c9194ca85829a2df0ec3153be0318b5e2d3348e872092edffba

Account #6: 0x976EA74026E726554dB657fA54763abd0C3a0aa9 (10000 ETH)
Private Key: 0x92db14e403b83dfe3df233f83dfa3a0d7096f21ca9b0d6d6b8d88b2b4ec1564e

Account #7: 0x14dC79964da2C08b23698B3D3cc7Ca32193d9955 (10000 ETH)
Private Key: 0x4bbbf85ce3377467afe5d46f804f221813b2bb87f24d81f60f1fcdbf7cbf4356

Account #8: 0x23618e81E3f5cdF7f54C3d65f7FBc0aBf5B21E8f (10000 ETH)
Private Key: 0xdbda1821b80551c9d65939329250298aa3472ba22feea921c0cf5d620ea67b97

Account #9: 0xa0Ee7A142d267C1f36714E4a8F75612F20a79720 (10000 ETH)
Private Key: 0x2a871d0798f97d79848a013d4936a73bf4cc922c825d33c1cf7073dff6d409c6

Account #10: 0xBcd4042DE499D14e55001CcbB24a551F3b954096 (10000 ETH)
Private Key: 0xf214f2b2cd398c806f84e317254e0f0b801d0643303237d97a22a48e01628897

Account #11: 0x71bE63f3384f5fb98995898A86B02Fb2426c5788 (10000 ETH)
Private Key: 0x701b615bbdfb9de65240bc28bd21bbc0d996645a3dd57e7b12bc2bdf6f192c82

Account #12: 0xFABB0ac9d68B0B445fB7357272Ff202C5651694a (10000 ETH)
Private Key: 0xa267530f49f8280200edf313ee7af6b827f2a8bce2897751d06a843f644967b1

Account #13: 0x1CBd3b2770909D4e10f157cABC84C7264073C9Ec (10000 ETH)
Private Key: 0x47c99abed3324a2707c28affff1267e45918ec8c3f20b8aa892e8b065d2942dd

Account #14: 0xdF3e18d64BC6A983f673Ab319CCaE4f1a57C7097 (10000 ETH)
Private Key: 0xc526ee95bf44d8fc405a158bb884d9d1238d99f0612e9f33d006bb0789009aaa

Account #15: 0xcd3B766CCDd6AE721141F452C550Ca635964ce71 (10000 ETH)
Private Key: 0x8166f546bab6da521a8369cab06c5d2b9e46670292d85c875ee9ec20e84ffb61

Account #16: 0x2546BcD3c84621e976D8185a91A922aE77ECEc30 (10000 ETH)
Private Key: 0xea6c44ac03bff858b476bba40716402b03e41b8e97e276d1baec7c37d42484a0

Account #17: 0xbDA5747bFD65F08deb54cb465eB87D40e51B197E (10000 ETH)
Private Key: 0x689af8efa8c651a91ad287602527f3af2fe9f6501a7ac4b061667b5a93e037fd

Account #18: 0xdD2FD4581271e230360230F9337D5c0430Bf44C0 (10000 ETH)
Private Key: 0xde9be858da4a475276426320d5e9262ecfc3ba460bfac56360bfa6c4c28b4ee0

Account #19: 0x8626f6940E2eb28930eFb4CeF49B2d1F2C9C1199 (10000 ETH)
Private Key: 0xdf57089febbacf7ba0bc227dafbffa9fc08a93fdc68e1e42411a14efcf23656e

WARNING: These accounts, and their private keys, are publicly known.
Any funds sent to them on Mainnet or any other live network WILL BE LOST.

[32meth_chainId[0m
[32meth_accounts[0m
[32meth_blockNumber[0m
[32meth_chainId[0m
[32meth_chainId (2)[0m
[32meth_estimateGas[0m
[32meth_getBlockByNumber[0m
[32meth_feeHistory[0m
[32meth_maxPriorityFeePerGas[0m
[32meth_sendTransaction[0m
  Contract deployment: MIPS
  Contract address:    0x5fbdb2315678afecb367f032d93f642f64180aa3
  Transaction:         0xc097e4803543ca50dbe4f427b3d8a8ecd4d9e8670849e00a867f97005a6675bd
  From:                0xf39fd6e51aad88f6f4ce6ab8827279cfffb92266
  Value:               0 ETH
  Gas used:            5576934 of 5576934
  Block #1:            0x5a0a9383cd3fe4f6e6a0f7e5261893ef41421cc4998328b72aa48cf7b66ebdcb

[32meth_chainId[0m
[32meth_getTransactionByHash[0m
[32meth_chainId[0m
[32meth_getTransactionReceipt[0m
[32meth_chainId[0m
[32meth_call[0m
  Contract call:       MIPS#m
  From:                0xf39fd6e51aad88f6f4ce6ab8827279cfffb92266
  To:                  0x5fbdb2315678afecb367f032d93f642f64180aa3

[32meth_accounts[0m
[32meth_accounts (2)[0m
[32meth_chainId[0m
[32meth_estimateGas[0m
[32meth_feeHistory[0m
[32meth_sendTransaction[0m
  Contract deployment: Challenge
  Contract address:    0xe7f1725e7734ce288f8367e1bb143e90bb3f0512
  Transaction:         0x41c93af0316332167695cce87353bf85215e016c208ecab7a9a0544549654325
  From:                0xf39fd6e51aad88f6f4ce6ab8827279cfffb92266
  Value:               0 ETH
  Gas used:            1323271 of 1323271
  Block #2:            0x9a3522c1b1591661ac6096e9af2048e706c5393cd25971f53fddf311d7a27918

[32meth_chainId[0m
[32meth_getTransactionByHash[0m
[32meth_chainId[0m
[32meth_accounts[0m
[32meth_accounts (2)[0m
[32meth_accounts (3)[0m
[32meth_chainId[0m
[32meth_accounts[0m
[31meth_call[0m
  Contract call:       Challenge#callWithTrieNodes
  From:                0xf39fd6e51aad88f6f4ce6ab8827279cfffb92266
  To:                  0xe7f1725e7734ce288f8367e1bb143e90bb3f0512

  Error: reverted with reason string '2dca86ebbd9708777ce54e5e453ba3ed067dcf9184758deaf8129ec810df5408'

[32meth_chainId[0m
[31meth_call[0m
  Contract call:       Challenge#callWithTrieNodes
  From:                0xf39fd6e51aad88f6f4ce6ab8827279cfffb92266
  To:                  0xe7f1725e7734ce288f8367e1bb143e90bb3f0512

  Error: reverted with reason string '0cb33735f7ae2e24b34e0267ae8ce1bcea9aa350f9cb686cbf35ffff2fcf14e1'

[32meth_chainId[0m
[31meth_call[0m
  Contract call:       Challenge#callWithTrieNodes
  From:                0xf39fd6e51aad88f6f4ce6ab8827279cfffb92266
  To:                  0xe7f1725e7734ce288f8367e1bb143e90bb3f0512

  Error: reverted with reason string '9bb51ad8a54c6bad5c6b92b11b8a1b3db6a7d91f8c26a84213e3822e086a531a'

[32meth_chainId[0m
[31meth_call[0m
  Contract call:       Challenge#callWithTrieNodes
  From:                0xf39fd6e51aad88f6f4ce6ab8827279cfffb92266
  To:                  0xe7f1725e7734ce288f8367e1bb143e90bb3f0512

  Error: reverted with reason string '3da91779b428565a1c6157e87bde41b635323378d1fb3b339d3f64b4d348d5b8'

[32meth_chainId[0m
[31meth_call[0m
  Contract call:       Challenge#callWithTrieNodes
  From:                0xf39fd6e51aad88f6f4ce6ab8827279cfffb92266
  To:                  0xe7f1725e7734ce288f8367e1bb143e90bb3f0512

  Error: reverted with reason string 'f00dde62ba26b9d32bba67f507be19830db86252a9504bc895a4561e38d2cc9c'

[32meth_chainId[0m
[31meth_call[0m
  Contract call:       Challenge#callWithTrieNodes
  From:                0xf39fd6e51aad88f6f4ce6ab8827279cfffb92266
  To:                  0xe7f1725e7734ce288f8367e1bb143e90bb3f0512

  Error: reverted with reason string 'b2f0f022eede30dc2b0aafca45a947f0148fd2b7eb11e37cdaf7973053e92471'

[32meth_chainId[0m
[31meth_call[0m
  Contract call:       Challenge#callWithTrieNodes
  From:                0xf39fd6e51aad88f6f4ce6ab8827279cfffb92266
  To:                  0xe7f1725e7734ce288f8367e1bb143e90bb3f0512

  Error: reverted with reason string 'ea1731a24032d2823ffd2436db589f7a8b5413bd0cdc5d4995e7fce5f5b9f290'

[32meth_chainId[0m
[32meth_call[0m
  Contract call:       Challenge#callWithTrieNodes
  From:                0xf39fd6e51aad88f6f4ce6ab8827279cfffb92266
  To:                  0xe7f1725e7734ce288f8367e1bb143e90bb3f0512

[32meth_blockNumber[0m
[32meth_chainId[0m
[32meth_chainId (2)[0m
[32meth_estimateGas[0m
[32meth_getBlockByNumber[0m
[32meth_feeHistory[0m
[32meth_sendTransaction[0m
  Contract call:       MIPSMemory#AddTrieNode
  Transaction:         0x818688f0c97fa60d2cac6aa36c03707d2f606c857a4ff1a1fa8ed01f4ff7732e
  From:                0xf39fd6e51aad88f6f4ce6ab8827279cfffb92266
  To:                  0xa16e02e87b7454126e5e10d957a927a7f5b5d2be
  Value:               0 ETH
  Gas used:            135059 of 135059
  Block #3:            0xad0610ac420640d1949f812d4ab99fffaf5ae6525bab0386e3d475d94bafc4f6

[32meth_chainId[0m
[32meth_getTransactionByHash[0m
[32meth_chainId[0m
[32meth_estimateGas[0m
[32meth_feeHistory[0m
[32meth_sendTransaction[0m
  Contract call:       MIPSMemory#AddTrieNode
  Transaction:         0xcd93b83e3f6952e55aa454fb70c2e7cedbb5c4a76e65a438775be9a0a6667e11
  From:                0xf39fd6e51aad88f6f4ce6ab8827279cfffb92266
  To:                  0xa16e02e87b7454126e5e10d957a927a7f5b5d2be
  Value:               0 ETH
  Gas used:            89503 of 89503
  Block #4:            0xf64088645768ef046f076a6f9267d07839b41fa28d51c4eae58c898b919df634

[32meth_chainId[0m
[32meth_getTransactionByHash[0m
[32meth_chainId[0m
[32meth_estimateGas[0m
[32meth_feeHistory[0m
[32meth_sendTransaction[0m
  Contract call:       MIPSMemory#AddTrieNode
  Transaction:         0x18a3acf2f921497ba42a635d94f6e60a63465d300c74363aef4c57f89311b618
  From:                0xf39fd6e51aad88f6f4ce6ab8827279cfffb92266
  To:                  0xa16e02e87b7454126e5e10d957a927a7f5b5d2be
  Value:               0 ETH
  Gas used:            135071 of 135071
  Block #5:            0x825e46115af693ad8e36f68438de80cb9012535e6439808b2678693235d2b3c5

[32meth_chainId[0m
[32meth_getTransactionByHash[0m
[32meth_chainId[0m
[32meth_estimateGas[0m
[32meth_feeHistory[0m
[32meth_sendTransaction[0m
  Contract call:       MIPSMemory#AddTrieNode
  Transaction:         0x6cf2212b4572fc5db0fadf9629cb5597338f3e6c3e3ad42890d39d10b1302036
  From:                0xf39fd6e51aad88f6f4ce6ab8827279cfffb92266
  To:                  0xa16e02e87b7454126e5e10d957a927a7f5b5d2be
  Value:               0 ETH
  Gas used:            89443 of 89443
  Block #6:            0x26f6381d6c30d83f2d147632833a6bf592fb1a5e1d300e1faed895890e539f5a

[32meth_chainId[0m
[32meth_getTransactionByHash[0m
[32meth_chainId[0m
[32meth_estimateGas[0m
[32meth_feeHistory[0m
[32meth_sendTransaction[0m
  Contract call:       MIPSMemory#AddTrieNode
  Transaction:         0xb3f6e0953a259d3b986559a6b58a8831064b1c542abda6252471a518310694b9
  From:                0xf39fd6e51aad88f6f4ce6ab8827279cfffb92266
  To:                  0xa16e02e87b7454126e5e10d957a927a7f5b5d2be
  Value:               0 ETH
  Gas used:            157753 of 157753
  Block #7:            0x7e2e5638f2155c5d4aeb982d7091f69917ffbf5fb5c796a77c8bef08998249c7

[32meth_chainId[0m
[32meth_getTransactionByHash[0m
[32meth_chainId[0m
[32meth_estimateGas[0m
[32meth_feeHistory[0m
[32meth_sendTransaction[0m
  Contract call:       MIPSMemory#AddTrieNode
  Transaction:         0x3cc0a6d5493090d9b37dab766da9d5423ec76491d5bbe70d8bcad0170df154eb
  From:                0xf39fd6e51aad88f6f4ce6ab8827279cfffb92266
  To:                  0xa16e02e87b7454126e5e10d957a927a7f5b5d2be
  Value:               0 ETH
  Gas used:            135167 of 135167
  Block #8:            0xd41bff46a7c47a86592428db27874395c2b7a180f334383ef4a225c6b9b319a2

[32meth_chainId[0m
[32meth_getTransactionByHash[0m
[32meth_chainId[0m
[32meth_estimateGas[0m
[32meth_feeHistory[0m
[32meth_sendTransaction[0m
  Contract call:       MIPSMemory#AddTrieNode
  Transaction:         0xba8d1180e9ebcc6fd6286538a87885298bb9d015d828e3122dc262a491432bf1
  From:                0xf39fd6e51aad88f6f4ce6ab8827279cfffb92266
  To:                  0xa16e02e87b7454126e5e10d957a927a7f5b5d2be
  Value:               0 ETH
  Gas used:            89383 of 89383
  Block #9:            0x42aa76c0ff66f5a55513d7eba87100080be857fb87740b572736d30f863eca8b

[32meth_chainId[0m
[32meth_getTransactionByHash[0m
[32meth_chainId[0m
[32meth_estimateGas[0m
[32meth_feeHistory[0m
[32meth_sendTransaction[0m
  Contract call:       Challenge#initiatePureComputationChallenge
  Transaction:         0x4afc6a81deed69c3c945712494339b5bc621a58b5e3072740210742dbddf8ec5
  From:                0xf39fd6e51aad88f6f4ce6ab8827279cfffb92266
  To:                  0xe7f1725e7734ce288f8367e1bb143e90bb3f0512
  Value:               0 ETH
  Gas used:            536480 of 536480
  Block #10:           0xb7492a56ff1cf730184174cde95016f9c030d2e031242591d7b0f63c0c56c80f

[32meth_chainId[0m
[32meth_getTransactionByHash[0m
[32meth_chainId[0m
[32meth_getTransactionReceipt[0m
[32meth_chainId[0m
[32meth_accounts[0m
[32meth_accounts (2)[0m
[32meth_accounts (3)[0m
[32meth_chainId[0m
[32meth_call[0m
  Contract call:       Challenge#getStepNumber
  From:                0xf39fd6e51aad88f6f4ce6ab8827279cfffb92266
  To:                  0xe7f1725e7734ce288f8367e1bb143e90bb3f0512

[32meth_chainId[0m
[32meth_call[0m
  Contract call:       Challenge#isSearching
  From:                0xf39fd6e51aad88f6f4ce6ab8827279cfffb92266
  To:                  0xe7f1725e7734ce288f8367e1bb143e90bb3f0512

[32meth_chainId[0m
[32meth_call[0m
  Contract call:       Challenge#getProposedState
  From:                0xf39fd6e51aad88f6f4ce6ab8827279cfffb92266
  To:                  0xe7f1725e7734ce288f8367e1bb143e90bb3f0512

[32meth_blockNumber[0m
[32meth_chainId[0m
[32meth_chainId (2)[0m
[32meth_estimateGas[0m
[32meth_getBlockByNumber[0m
[32meth_feeHistory[0m
[32meth_sendTransaction[0m
  Contract call:       Challenge#proposeState
  Transaction:         0xa02be1c54237f9a1af8397cc5a3d4cd7cd1def1bddf3d10fa9f5bad683dddabd
  From:                0xf39fd6e51aad88f6f4ce6ab8827279cfffb92266
  To:                  0xe7f1725e7734ce288f8367e1bb143e90bb3f0512
  Value:               0 ETH
  Gas used:            51634 of 51634
  Block #11:           0xdeab57b85c9aee704182209204a18fc20643c71f3aa6e57d59ef08073c474bb9

[32meth_chainId[0m
[32meth_getTransactionByHash[0m
[32meth_chainId[0m
[32meth_getTransactionReceipt[0m
[32meth_chainId[0m
[32meth_accounts[0m
[32meth_accounts (2)[0m
[32meth_accounts (3)[0m
[32meth_chainId[0m
[32meth_call[0m
  Contract call:       Challenge#getStepNumber
  From:                0xf39fd6e51aad88f6f4ce6ab8827279cfffb92266
  To:                  0xe7f1725e7734ce288f8367e1bb143e90bb3f0512

[32meth_chainId[0m
[32meth_call[0m
  Contract call:       Challenge#isSearching
  From:                0xf39fd6e51aad88f6f4ce6ab8827279cfffb92266
  To:                  0xe7f1725e7734ce288f8367e1bb143e90bb3f0512

[32meth_chainId[0m
[32meth_call[0m
  Contract call:       Challenge#getProposedState
  From:                0xf39fd6e51aad88f6f4ce6ab8827279cfffb92266
  To:                  0xe7f1725e7734ce288f8367e1bb143e90bb3f0512

[32meth_blockNumber[0m
[32meth_chainId[0m
[32meth_chainId (2)[0m
[32meth_estimateGas[0m
[32meth_getBlockByNumber[0m
[32meth_feeHistory[0m
[32meth_sendTransaction[0m
  Contract call:       Challenge#respondState
  Transaction:         0x451fc6450b113cc950e6ea5e0de95213e0a4ea8de5bead2a942b6231372a700d
  From:                0xf39fd6e51aad88f6f4ce6ab8827279cfffb92266
  To:                  0xe7f1725e7734ce288f8367e1bb143e90bb3f0512
  Value:               0 ETH
  Gas used:            73939 of 73939
  Block #12:           0xb170216de316b711259378ba276d993319c1515e9f0009370b43a47d4c473b19

[32meth_chainId[0m
[32meth_getTransactionByHash[0m
[32meth_chainId[0m
[32meth_getTransactionReceipt[0m
[32meth_chainId[0m
[32meth_accounts[0m
[32meth_accounts (2)[0m
[32meth_accounts (3)[0m
[32meth_chainId[0m
[32meth_call[0m
  Contract call:       Challenge#getStepNumber
  From:                0xf39fd6e51aad88f6f4ce6ab8827279cfffb92266
  To:                  0xe7f1725e7734ce288f8367e1bb143e90bb3f0512

[32meth_chainId[0m
[32meth_call[0m
  Contract call:       Challenge#isSearching
  From:                0xf39fd6e51aad88f6f4ce6ab8827279cfffb92266
  To:                  0xe7f1725e7734ce288f8367e1bb143e90bb3f0512

[32meth_chainId[0m
[32meth_call[0m
  Contract call:       Challenge#getProposedState
  From:                0xf39fd6e51aad88f6f4ce6ab8827279cfffb92266
  To:                  0xe7f1725e7734ce288f8367e1bb143e90bb3f0512

[32meth_blockNumber[0m
[32meth_chainId[0m
[32meth_chainId (2)[0m
[32meth_estimateGas[0m
[32meth_getBlockByNumber[0m
[32meth_feeHistory[0m
[32meth_sendTransaction[0m
  Contract call:       Challenge#proposeState
  Transaction:         0x21dfc9d48a2fd2e1efa597c827c7f81a9369524600c9399db0c870a2ae368373
  From:                0xf39fd6e51aad88f6f4ce6ab8827279cfffb92266
  To:                  0xe7f1725e7734ce288f8367e1bb143e90bb3f0512
  Value:               0 ETH
  Gas used:            51634 of 51634
  Block #13:           0x94f761d7e072db943e55c3bd8331cca757befaea49fc497c480dbbc3cc835db5

[32meth_chainId[0m
[32meth_getTransactionByHash[0m
[32meth_chainId[0m
[32meth_getTransactionReceipt[0m
[32meth_chainId[0m
[32meth_accounts[0m
[32meth_accounts (2)[0m
[32meth_accounts (3)[0m
[32meth_chainId[0m
[32meth_call[0m
  Contract call:       Challenge#getStepNumber
  From:                0xf39fd6e51aad88f6f4ce6ab8827279cfffb92266
  To:                  0xe7f1725e7734ce288f8367e1bb143e90bb3f0512

[32meth_chainId[0m
[32meth_call[0m
  Contract call:       Challenge#isSearching
  From:                0xf39fd6e51aad88f6f4ce6ab8827279cfffb92266
  To:                  0xe7f1725e7734ce288f8367e1bb143e90bb3f0512

[32meth_chainId[0m
[32meth_call[0m
  Contract call:       Challenge#getProposedState
  From:                0xf39fd6e51aad88f6f4ce6ab8827279cfffb92266
  To:                  0xe7f1725e7734ce288f8367e1bb143e90bb3f0512

[32meth_blockNumber[0m
[32meth_chainId[0m
[32meth_chainId (2)[0m
[32meth_estimateGas[0m
[32meth_getBlockByNumber[0m
[32meth_feeHistory[0m
[32meth_sendTransaction[0m
  Contract call:       Challenge#respondState
  Transaction:         0xa7b04a2b268eae1fd8b120ecf811fe3a41287cec3c8638d4533ae0378c2fe1cd
  From:                0xf39fd6e51aad88f6f4ce6ab8827279cfffb92266
  To:                  0xe7f1725e7734ce288f8367e1bb143e90bb3f0512
  Value:               0 ETH
  Gas used:            56839 of 56839
  Block #14:           0xe076bf0d08a5397a0c384d1ce4d2f674ff2c88623bfb7909ac5205dfcddff19a

[32meth_chainId[0m
[32meth_getTransactionByHash[0m
[32meth_chainId[0m
[32meth_getTransactionReceipt[0m
[32meth_chainId[0m
[32meth_accounts[0m
[32meth_accounts (2)[0m
[32meth_accounts (3)[0m
[32meth_chainId[0m
[32meth_call[0m
  Contract call:       Challenge#getStepNumber
  From:                0xf39fd6e51aad88f6f4ce6ab8827279cfffb92266
  To:                  0xe7f1725e7734ce288f8367e1bb143e90bb3f0512

[32meth_chainId[0m
[32meth_call[0m
  Contract call:       Challenge#isSearching
  From:                0xf39fd6e51aad88f6f4ce6ab8827279cfffb92266
  To:                  0xe7f1725e7734ce288f8367e1bb143e90bb3f0512

[32meth_chainId[0m
[32meth_call[0m
  Contract call:       Challenge#getProposedState
  From:                0xf39fd6e51aad88f6f4ce6ab8827279cfffb92266
  To:                  0xe7f1725e7734ce288f8367e1bb143e90bb3f0512

[32meth_blockNumber[0m
[32meth_chainId[0m
[32meth_chainId (2)[0m
[32meth_estimateGas[0m
[32meth_getBlockByNumber[0m
[32meth_feeHistory[0m
[32meth_sendTransaction[0m
  Contract call:       Challenge#proposeState
  Transaction:         0xb80725672b8241455438a5dc8de8b775b34548978e189a7dfaf2651a8018f6a2
  From:                0xf39fd6e51aad88f6f4ce6ab8827279cfffb92266
  To:                  0xe7f1725e7734ce288f8367e1bb143e90bb3f0512
  Value:               0 ETH
  Gas used:            51634 of 51634
  Block #15:           0xdbcfa5a230281cabe204d7ddef4fef81272af2d2f6254c83a5e853c4a66a8bcd

[32meth_chainId[0m
[32meth_getTransactionByHash[0m
[32meth_chainId[0m
[32meth_getTransactionReceipt[0m
[32meth_chainId[0m
[32meth_accounts[0m
[32meth_accounts (2)[0m
[32meth_accounts (3)[0m
[32meth_chainId[0m
[32meth_call[0m
  Contract call:       Challenge#getStepNumber
  From:                0xf39fd6e51aad88f6f4ce6ab8827279cfffb92266
  To:                  0xe7f1725e7734ce288f8367e1bb143e90bb3f0512

[32meth_chainId[0m
[32meth_call[0m
  Contract call:       Challenge#isSearching
  From:                0xf39fd6e51aad88f6f4ce6ab8827279cfffb92266
  To:                  0xe7f1725e7734ce288f8367e1bb143e90bb3f0512

[32meth_chainId[0m
[32meth_call[0m
  Contract call:       Challenge#getProposedState
  From:                0xf39fd6e51aad88f6f4ce6ab8827279cfffb92266
  To:                  0xe7f1725e7734ce288f8367e1bb143e90bb3f0512

[32meth_blockNumber[0m
[32meth_chainId[0m
[32meth_chainId (2)[0m
[32meth_estimateGas[0m
[32meth_getBlockByNumber[0m
[32meth_feeHistory[0m
[32meth_sendTransaction[0m
  Contract call:       Challenge#respondState
  Transaction:         0x97459dc5d28d40cd7152a7532ab069b980c57421bac1bbf4394735a82cfe7c4d
  From:                0xf39fd6e51aad88f6f4ce6ab8827279cfffb92266
  To:                  0xe7f1725e7734ce288f8367e1bb143e90bb3f0512
  Value:               0 ETH
  Gas used:            56839 of 56839
  Block #16:           0x16dfff54a970cda2bd6225938f4b4d40d8242db7360b882e063a4049690c6b0d

[32meth_chainId[0m
[32meth_getTransactionByHash[0m
[32meth_chainId[0m
[32meth_getTransactionReceipt[0m
[32meth_chainId[0m
[32meth_accounts[0m
[32meth_accounts (2)[0m
[32meth_accounts (3)[0m
[32meth_chainId[0m
[32meth_call[0m
  Contract call:       Challenge#getStepNumber
  From:                0xf39fd6e51aad88f6f4ce6ab8827279cfffb92266
  To:                  0xe7f1725e7734ce288f8367e1bb143e90bb3f0512

[32meth_chainId[0m
[32meth_call[0m
  Contract call:       Challenge#isSearching
  From:                0xf39fd6e51aad88f6f4ce6ab8827279cfffb92266
  To:                  0xe7f1725e7734ce288f8367e1bb143e90bb3f0512

[32meth_chainId[0m
[32meth_call[0m
  Contract call:       Challenge#getProposedState
  From:                0xf39fd6e51aad88f6f4ce6ab8827279cfffb92266
  To:                  0xe7f1725e7734ce288f8367e1bb143e90bb3f0512

[32meth_blockNumber[0m
[32meth_chainId[0m
[32meth_chainId (2)[0m
[32meth_estimateGas[0m
[32meth_getBlockByNumber[0m
[32meth_feeHistory[0m
[32meth_sendTransaction[0m
  Contract call:       Challenge#proposeState
  Transaction:         0x4ae4b78a9bdb870df42d6bf994b42a44b71b75a78d48fd8b327d474e49ab29d9
  From:                0xf39fd6e51aad88f6f4ce6ab8827279cfffb92266
  To:                  0xe7f1725e7734ce288f8367e1bb143e90bb3f0512
  Value:               0 ETH
  Gas used:            51634 of 51634
  Block #17:           0x06e3782772a454f0a39240ac44bba7c7ec5773fe54e0e8fd495268a2915d29b9

[32meth_chainId[0m
[32meth_getTransactionByHash[0m
[32meth_chainId[0m
[32meth_getTransactionReceipt[0m
[32meth_chainId[0m
[32meth_accounts[0m
[32meth_accounts (2)[0m
[32meth_accounts (3)[0m
[32meth_chainId[0m
[32meth_call[0m
  Contract call:       Challenge#getStepNumber
  From:                0xf39fd6e51aad88f6f4ce6ab8827279cfffb92266
  To:                  0xe7f1725e7734ce288f8367e1bb143e90bb3f0512

[32meth_chainId[0m
[32meth_call[0m
  Contract call:       Challenge#isSearching
  From:                0xf39fd6e51aad88f6f4ce6ab8827279cfffb92266
  To:                  0xe7f1725e7734ce288f8367e1bb143e90bb3f0512

[32meth_chainId[0m
[32meth_call[0m
  Contract call:       Challenge#getProposedState
  From:                0xf39fd6e51aad88f6f4ce6ab8827279cfffb92266
  To:                  0xe7f1725e7734ce288f8367e1bb143e90bb3f0512

[32meth_blockNumber[0m
[32meth_chainId[0m
[32meth_chainId (2)[0m
[32meth_estimateGas[0m
[32meth_getBlockByNumber[0m
[32meth_feeHistory[0m
[32meth_sendTransaction[0m
  Contract call:       Challenge#respondState
  Transaction:         0xe1c9e0dcabc7091f19b9df225c7fc674da439ee549d0d102b6c3e28a97c67652
  From:                0xf39fd6e51aad88f6f4ce6ab8827279cfffb92266
  To:                  0xe7f1725e7734ce288f8367e1bb143e90bb3f0512
  Value:               0 ETH
  Gas used:            56839 of 56839
  Block #18:           0xebd764b7e7b83d808f56ae2e9e0e0dd6d988263e48bfae206e307741cc715f86

[32meth_chainId[0m
[32meth_getTransactionByHash[0m
[32meth_chainId[0m
[32meth_getTransactionReceipt[0m
[32meth_chainId[0m
[32meth_accounts[0m
[32meth_accounts (2)[0m
[32meth_accounts (3)[0m
[32meth_chainId[0m
[32meth_call[0m
  Contract call:       Challenge#getStepNumber
  From:                0xf39fd6e51aad88f6f4ce6ab8827279cfffb92266
  To:                  0xe7f1725e7734ce288f8367e1bb143e90bb3f0512

[32meth_chainId[0m
[32meth_call[0m
  Contract call:       Challenge#isSearching
  From:                0xf39fd6e51aad88f6f4ce6ab8827279cfffb92266
  To:                  0xe7f1725e7734ce288f8367e1bb143e90bb3f0512

[32meth_chainId[0m
[32meth_call[0m
  Contract call:       Challenge#getProposedState
  From:                0xf39fd6e51aad88f6f4ce6ab8827279cfffb92266
  To:                  0xe7f1725e7734ce288f8367e1bb143e90bb3f0512

[32meth_blockNumber[0m
[32meth_chainId[0m
[32meth_chainId (2)[0m
[32meth_estimateGas[0m
[32meth_getBlockByNumber[0m
[32meth_feeHistory[0m
[32meth_sendTransaction[0m
  Contract call:       Challenge#proposeState
  Transaction:         0xa9dd11ce2f98f580fc45f1c194a903f2e8fced6dcb7b702864cf106c650e6bc9
  From:                0xf39fd6e51aad88f6f4ce6ab8827279cfffb92266
  To:                  0xe7f1725e7734ce288f8367e1bb143e90bb3f0512
  Value:               0 ETH
  Gas used:            51634 of 51634
  Block #19:           0xb863d9056a15759bc0cd116a03996be6825d8be51b81060b4bd14767a825a790

[32meth_chainId[0m
[32meth_getTransactionByHash[0m
[32meth_chainId[0m
[32meth_getTransactionReceipt[0m
[32meth_chainId[0m
[32meth_accounts[0m
[32meth_accounts (2)[0m
[32meth_accounts (3)[0m
[32meth_chainId[0m
[32meth_call[0m
  Contract call:       Challenge#getStepNumber
  From:                0xf39fd6e51aad88f6f4ce6ab8827279cfffb92266
  To:                  0xe7f1725e7734ce288f8367e1bb143e90bb3f0512

[32meth_chainId[0m
[32meth_call[0m
  Contract call:       Challenge#isSearching
  From:                0xf39fd6e51aad88f6f4ce6ab8827279cfffb92266
  To:                  0xe7f1725e7734ce288f8367e1bb143e90bb3f0512

[32meth_chainId[0m
[32meth_call[0m
  Contract call:       Challenge#getProposedState
  From:                0xf39fd6e51aad88f6f4ce6ab8827279cfffb92266
  To:                  0xe7f1725e7734ce288f8367e1bb143e90bb3f0512

[32meth_blockNumber[0m
[32meth_chainId[0m
[32meth_chainId (2)[0m
[32meth_estimateGas[0m
[32meth_getBlockByNumber[0m
[32meth_feeHistory[0m
[32meth_sendTransaction[0m
  Contract call:       Challenge#respondState
  Transaction:         0x59e39dbb1a20c07ee9d4141d39493914e77e8f27e0c8f71bce42f438aac629cd
  From:                0xf39fd6e51aad88f6f4ce6ab8827279cfffb92266
  To:                  0xe7f1725e7734ce288f8367e1bb143e90bb3f0512
  Value:               0 ETH
  Gas used:            56839 of 56839
  Block #20:           0x45773e21d78cd8ca1ab140e665c22a11cc5aff7cd5c8ca003ceb9958310f6538

[32meth_chainId[0m
[32meth_getTransactionByHash[0m
[32meth_chainId[0m
[32meth_getTransactionReceipt[0m
[32meth_chainId[0m
[32meth_accounts[0m
[32meth_accounts (2)[0m
[32meth_accounts (3)[0m
[32meth_chainId[0m
[32meth_call[0m
  Contract call:       Challenge#getStepNumber
  From:                0xf39fd6e51aad88f6f4ce6ab8827279cfffb92266
  To:                  0xe7f1725e7734ce288f8367e1bb143e90bb3f0512

[32meth_chainId[0m
[32meth_call[0m
  Contract call:       Challenge#isSearching
  From:                0xf39fd6e51aad88f6f4ce6ab8827279cfffb92266
  To:                  0xe7f1725e7734ce288f8367e1bb143e90bb3f0512

[32meth_chainId[0m
[32meth_call[0m
  Contract call:       Challenge#getProposedState
  From:                0xf39fd6e51aad88f6f4ce6ab8827279cfffb92266
  To:                  0xe7f1725e7734ce288f8367e1bb143e90bb3f0512

[32meth_blockNumber[0m
[32meth_chainId[0m
[32meth_chainId (2)[0m
[32meth_estimateGas[0m
[32meth_getBlockByNumber[0m
[32meth_feeHistory[0m
[32meth_sendTransaction[0m
  Contract call:       Challenge#proposeState
  Transaction:         0x90f46b2176d80b10ce4feeb3b5281a1e5c17db47f241dea97f2a5206dda181f5
  From:                0xf39fd6e51aad88f6f4ce6ab8827279cfffb92266
  To:                  0xe7f1725e7734ce288f8367e1bb143e90bb3f0512
  Value:               0 ETH
  Gas used:            51634 of 51634
  Block #21:           0xebfcac0a14ea324753ebdaf15e764660325a9743a58bee935f89e3162b64e534

[32meth_chainId[0m
[32meth_getTransactionByHash[0m
[32meth_chainId[0m
[32meth_getTransactionReceipt[0m
[32meth_chainId[0m
[32meth_accounts[0m
[32meth_accounts (2)[0m
[32meth_accounts (3)[0m
[32meth_chainId[0m
[32meth_call[0m
  Contract call:       Challenge#getStepNumber
  From:                0xf39fd6e51aad88f6f4ce6ab8827279cfffb92266
  To:                  0xe7f1725e7734ce288f8367e1bb143e90bb3f0512

[32meth_chainId[0m
[32meth_call[0m
  Contract call:       Challenge#isSearching
  From:                0xf39fd6e51aad88f6f4ce6ab8827279cfffb92266
  To:                  0xe7f1725e7734ce288f8367e1bb143e90bb3f0512

[32meth_chainId[0m
[32meth_call[0m
  Contract call:       Challenge#getProposedState
  From:                0xf39fd6e51aad88f6f4ce6ab8827279cfffb92266
  To:                  0xe7f1725e7734ce288f8367e1bb143e90bb3f0512

[32meth_blockNumber[0m
[32meth_chainId[0m
[32meth_chainId (2)[0m
[32meth_estimateGas[0m
[32meth_getBlockByNumber[0m
[32meth_feeHistory[0m
[32meth_sendTransaction[0m
  Contract call:       Challenge#respondState
  Transaction:         0x67efcb2239e0f302e63277b0921fff838ecc88bb684b369e1a5061adb1fcde4d
  From:                0xf39fd6e51aad88f6f4ce6ab8827279cfffb92266
  To:                  0xe7f1725e7734ce288f8367e1bb143e90bb3f0512
  Value:               0 ETH
  Gas used:            56839 of 56839
  Block #22:           0xf5f16cd3d0cde617001b91a9778c4194f2f324d9d940ae99606c8cdc69b02171

[32meth_chainId[0m
[32meth_getTransactionByHash[0m
[32meth_chainId[0m
[32meth_getTransactionReceipt[0m
[32meth_chainId[0m
[32meth_accounts[0m
[32meth_accounts (2)[0m
[32meth_accounts (3)[0m
[32meth_chainId[0m
[32meth_call[0m
  Contract call:       Challenge#getStepNumber
  From:                0xf39fd6e51aad88f6f4ce6ab8827279cfffb92266
  To:                  0xe7f1725e7734ce288f8367e1bb143e90bb3f0512

[32meth_chainId[0m
[32meth_call[0m
  Contract call:       Challenge#isSearching
  From:                0xf39fd6e51aad88f6f4ce6ab8827279cfffb92266
  To:                  0xe7f1725e7734ce288f8367e1bb143e90bb3f0512

[32meth_chainId[0m
[32meth_call[0m
  Contract call:       Challenge#getProposedState
  From:                0xf39fd6e51aad88f6f4ce6ab8827279cfffb92266
  To:                  0xe7f1725e7734ce288f8367e1bb143e90bb3f0512

[32meth_blockNumber[0m
[32meth_chainId[0m
[32meth_chainId (2)[0m
[32meth_estimateGas[0m
[32meth_getBlockByNumber[0m
[32meth_feeHistory[0m
[32meth_sendTransaction[0m
  Contract call:       Challenge#proposeState
  Transaction:         0xfc440b14550f37d1b3b39a4fee3df0acf7ab75ec0bb35c99c69d2e6bace66f09
  From:                0xf39fd6e51aad88f6f4ce6ab8827279cfffb92266
  To:                  0xe7f1725e7734ce288f8367e1bb143e90bb3f0512
  Value:               0 ETH
  Gas used:            51634 of 51634
  Block #23:           0x147c175ff1c56e6721ec9ecc8938eb96282dc4927c73d330bb7463f3690b733b

[32meth_chainId[0m
[32meth_getTransactionByHash[0m
[32meth_chainId[0m
[32meth_getTransactionReceipt[0m
[32meth_chainId[0m
[32meth_accounts[0m
[32meth_accounts (2)[0m
[32meth_accounts (3)[0m
[32meth_chainId[0m
[32meth_call[0m
  Contract call:       Challenge#getStepNumber
  From:                0xf39fd6e51aad88f6f4ce6ab8827279cfffb92266
  To:                  0xe7f1725e7734ce288f8367e1bb143e90bb3f0512

[32meth_chainId[0m
[32meth_call[0m
  Contract call:       Challenge#isSearching
  From:                0xf39fd6e51aad88f6f4ce6ab8827279cfffb92266
  To:                  0xe7f1725e7734ce288f8367e1bb143e90bb3f0512

[32meth_chainId[0m
[32meth_call[0m
  Contract call:       Challenge#getProposedState
  From:                0xf39fd6e51aad88f6f4ce6ab8827279cfffb92266
  To:                  0xe7f1725e7734ce288f8367e1bb143e90bb3f0512

[32meth_blockNumber[0m
[32meth_chainId[0m
[32meth_chainId (2)[0m
[32meth_estimateGas[0m
[32meth_getBlockByNumber[0m
[32meth_feeHistory[0m
[32meth_sendTransaction[0m
  Contract call:       Challenge#respondState
  Transaction:         0x67951c727a68e124da36b5feddd0e8d99dab602002038d509c0a149644d7c454
  From:                0xf39fd6e51aad88f6f4ce6ab8827279cfffb92266
  To:                  0xe7f1725e7734ce288f8367e1bb143e90bb3f0512
  Value:               0 ETH
  Gas used:            56839 of 56839
  Block #24:           0x62a76a4efcc75d788182614da35496492268ce103fe164ce7bb4e4e9d47ebd58

[32meth_chainId[0m
[32meth_getTransactionByHash[0m
[32meth_chainId[0m
[32meth_getTransactionReceipt[0m
[32meth_chainId[0m
[32meth_accounts[0m
[32meth_accounts (2)[0m
[32meth_accounts (3)[0m
[32meth_chainId[0m
[32meth_call[0m
  Contract call:       Challenge#getStepNumber
  From:                0xf39fd6e51aad88f6f4ce6ab8827279cfffb92266
  To:                  0xe7f1725e7734ce288f8367e1bb143e90bb3f0512

[32meth_chainId[0m
[32meth_call[0m
  Contract call:       Challenge#isSearching
  From:                0xf39fd6e51aad88f6f4ce6ab8827279cfffb92266
  To:                  0xe7f1725e7734ce288f8367e1bb143e90bb3f0512

[32meth_chainId[0m
[32meth_call[0m
  Contract call:       Challenge#getProposedState
  From:                0xf39fd6e51aad88f6f4ce6ab8827279cfffb92266
  To:                  0xe7f1725e7734ce288f8367e1bb143e90bb3f0512

[32meth_blockNumber[0m
[32meth_chainId[0m
[32meth_chainId (2)[0m
[32meth_estimateGas[0m
[32meth_getBlockByNumber[0m
[32meth_feeHistory[0m
[32meth_sendTransaction[0m
  Contract call:       Challenge#proposeState
  Transaction:         0x86baef6d07899db943613cea3f10bd1ec38e5227b736251693dd252fb988c0e4
  From:                0xf39fd6e51aad88f6f4ce6ab8827279cfffb92266
  To:                  0xe7f1725e7734ce288f8367e1bb143e90bb3f0512
  Value:               0 ETH
  Gas used:            51634 of 51634
  Block #25:           0xc9c267e407f45474cb8a0aecb4f8d158c3659a8748f001e1b7793552b015dda6

[32meth_chainId[0m
[32meth_getTransactionByHash[0m
[32meth_chainId[0m
[32meth_getTransactionReceipt[0m
[32meth_chainId[0m
[32meth_accounts[0m
[32meth_accounts (2)[0m
[32meth_accounts (3)[0m
[32meth_chainId[0m
[32meth_call[0m
  Contract call:       Challenge#getStepNumber
  From:                0xf39fd6e51aad88f6f4ce6ab8827279cfffb92266
  To:                  0xe7f1725e7734ce288f8367e1bb143e90bb3f0512

[32meth_chainId[0m
[32meth_call[0m
  Contract call:       Challenge#isSearching
  From:                0xf39fd6e51aad88f6f4ce6ab8827279cfffb92266
  To:                  0xe7f1725e7734ce288f8367e1bb143e90bb3f0512

[32meth_chainId[0m
[32meth_call[0m
  Contract call:       Challenge#getProposedState
  From:                0xf39fd6e51aad88f6f4ce6ab8827279cfffb92266
  To:                  0xe7f1725e7734ce288f8367e1bb143e90bb3f0512

[32meth_blockNumber[0m
[32meth_chainId[0m
[32meth_chainId (2)[0m
[32meth_estimateGas[0m
[32meth_getBlockByNumber[0m
[32meth_feeHistory[0m
[32meth_sendTransaction[0m
  Contract call:       Challenge#respondState
  Transaction:         0x929330aea7772dbd939be0d47f592f1e16b9b09231467dd62acbc516d5e8fd25
  From:                0xf39fd6e51aad88f6f4ce6ab8827279cfffb92266
  To:                  0xe7f1725e7734ce288f8367e1bb143e90bb3f0512
  Value:               0 ETH
  Gas used:            56839 of 56839
  Block #26:           0x8bdf47332a9398ae0738fd060c936b1f80cab20dab19a8730a18410a8ec0dc09

[32meth_chainId[0m
[32meth_getTransactionByHash[0m
[32meth_chainId[0m
[32meth_getTransactionReceipt[0m
[32meth_chainId[0m
[32meth_accounts[0m
[32meth_accounts (2)[0m
[32meth_accounts (3)[0m
[32meth_chainId[0m
[32meth_call[0m
  Contract call:       Challenge#getStepNumber
  From:                0xf39fd6e51aad88f6f4ce6ab8827279cfffb92266
  To:                  0xe7f1725e7734ce288f8367e1bb143e90bb3f0512

[32meth_chainId[0m
[32meth_call[0m
  Contract call:       Challenge#isSearching
  From:                0xf39fd6e51aad88f6f4ce6ab8827279cfffb92266
  To:                  0xe7f1725e7734ce288f8367e1bb143e90bb3f0512

[32meth_chainId[0m
[32meth_call[0m
  Contract call:       Challenge#getProposedState
  From:                0xf39fd6e51aad88f6f4ce6ab8827279cfffb92266
  To:                  0xe7f1725e7734ce288f8367e1bb143e90bb3f0512

[32meth_blockNumber[0m
[32meth_chainId[0m
[32meth_chainId (2)[0m
[32meth_estimateGas[0m
[32meth_getBlockByNumber[0m
[32meth_feeHistory[0m
[32meth_sendTransaction[0m
  Contract call:       Challenge#proposeState
  Transaction:         0x9db180cae26031d82ad683d7e7bea0cbff2d4291c91b10162a4852a0722f53ba
  From:                0xf39fd6e51aad88f6f4ce6ab8827279cfffb92266
  To:                  0xe7f1725e7734ce288f8367e1bb143e90bb3f0512
  Value:               0 ETH
  Gas used:            51634 of 51634
  Block #27:           0xbcdd45d57a2c5eb0a6530132ac3b5b3dcc34da82873dd2ed58a64ff904d882f5

[32meth_chainId[0m
[32meth_getTransactionByHash[0m
[32meth_chainId[0m
[32meth_getTransactionReceipt[0m
[32meth_chainId[0m
[32meth_accounts[0m
[32meth_accounts (2)[0m
[32meth_accounts (3)[0m
[32meth_chainId[0m
[32meth_call[0m
  Contract call:       Challenge#getStepNumber
  From:                0xf39fd6e51aad88f6f4ce6ab8827279cfffb92266
  To:                  0xe7f1725e7734ce288f8367e1bb143e90bb3f0512

[32meth_chainId[0m
[32meth_call[0m
  Contract call:       Challenge#isSearching
  From:                0xf39fd6e51aad88f6f4ce6ab8827279cfffb92266
  To:                  0xe7f1725e7734ce288f8367e1bb143e90bb3f0512

[32meth_chainId[0m
[32meth_call[0m
  Contract call:       Challenge#getProposedState
  From:                0xf39fd6e51aad88f6f4ce6ab8827279cfffb92266
  To:                  0xe7f1725e7734ce288f8367e1bb143e90bb3f0512

[32meth_blockNumber[0m
[32meth_chainId[0m
[32meth_chainId (2)[0m
[32meth_estimateGas[0m
[32meth_getBlockByNumber[0m
[32meth_feeHistory[0m
[32meth_sendTransaction[0m
  Contract call:       Challenge#respondState
  Transaction:         0xe0fd00e9bdde54c830bea6abc80e564f89be7753cfc1cbf11289d908ce805eb7
  From:                0xf39fd6e51aad88f6f4ce6ab8827279cfffb92266
  To:                  0xe7f1725e7734ce288f8367e1bb143e90bb3f0512
  Value:               0 ETH
  Gas used:            56839 of 56839
  Block #28:           0x620be3c9dce651af4d6c8b1b5b1e5749e6340c0f79ab33bc9949f0dcf58660a8

[32meth_chainId[0m
[32meth_getTransactionByHash[0m
[32meth_chainId[0m
[32meth_getTransactionReceipt[0m
[32meth_chainId[0m
[32meth_accounts[0m
[32meth_accounts (2)[0m
[32meth_accounts (3)[0m
[32meth_chainId[0m
[32meth_call[0m
  Contract call:       Challenge#getStepNumber
  From:                0xf39fd6e51aad88f6f4ce6ab8827279cfffb92266
  To:                  0xe7f1725e7734ce288f8367e1bb143e90bb3f0512

[32meth_chainId[0m
[32meth_call[0m
  Contract call:       Challenge#isSearching
  From:                0xf39fd6e51aad88f6f4ce6ab8827279cfffb92266
  To:                  0xe7f1725e7734ce288f8367e1bb143e90bb3f0512

[32meth_chainId[0m
[32meth_call[0m
  Contract call:       Challenge#getProposedState
  From:                0xf39fd6e51aad88f6f4ce6ab8827279cfffb92266
  To:                  0xe7f1725e7734ce288f8367e1bb143e90bb3f0512

[32meth_blockNumber[0m
[32meth_chainId[0m
[32meth_chainId (2)[0m
[32meth_estimateGas[0m
[32meth_getBlockByNumber[0m
[32meth_feeHistory[0m
[32meth_sendTransaction[0m
  Contract call:       Challenge#proposeState
  Transaction:         0xdb5db96a8a4ee273e8dd87867b78cbcdab197855b80d8e6f4ceb965cc5a14534
  From:                0xf39fd6e51aad88f6f4ce6ab8827279cfffb92266
  To:                  0xe7f1725e7734ce288f8367e1bb143e90bb3f0512
  Value:               0 ETH
  Gas used:            51634 of 51634
  Block #29:           0x45464511313a049dd1a824313618afd5da9dde359c13042e1d541da5db3b2d18

[32meth_chainId[0m
[32meth_getTransactionByHash[0m
[32meth_chainId[0m
[32meth_getTransactionReceipt[0m
[32meth_chainId[0m
[32meth_accounts[0m
[32meth_accounts (2)[0m
[32meth_accounts (3)[0m
[32meth_chainId[0m
[32meth_call[0m
  Contract call:       Challenge#getStepNumber
  From:                0xf39fd6e51aad88f6f4ce6ab8827279cfffb92266
  To:                  0xe7f1725e7734ce288f8367e1bb143e90bb3f0512

[32meth_chainId[0m
[32meth_call[0m
  Contract call:       Challenge#isSearching
  From:                0xf39fd6e51aad88f6f4ce6ab8827279cfffb92266
  To:                  0xe7f1725e7734ce288f8367e1bb143e90bb3f0512

[32meth_chainId[0m
[32meth_call[0m
  Contract call:       Challenge#getProposedState
  From:                0xf39fd6e51aad88f6f4ce6ab8827279cfffb92266
  To:                  0xe7f1725e7734ce288f8367e1bb143e90bb3f0512

[32meth_blockNumber[0m
[32meth_chainId[0m
[32meth_chainId (2)[0m
[32meth_estimateGas[0m
[32meth_getBlockByNumber[0m
[32meth_feeHistory[0m
[32meth_sendTransaction[0m
  Contract call:       Challenge#respondState
  Transaction:         0x48d9029e60272e847bc19577e6acc298ef8820f99ae12b64c89fa332e86d2a70
  From:                0xf39fd6e51aad88f6f4ce6ab8827279cfffb92266
  To:                  0xe7f1725e7734ce288f8367e1bb143e90bb3f0512
  Value:               0 ETH
  Gas used:            56839 of 56839
  Block #30:           0x580fef2416db506e9416c5fa1a7cf8f428519882a7c344bc33a5442778fee45d

[32meth_chainId[0m
[32meth_getTransactionByHash[0m
[32meth_chainId[0m
[32meth_getTransactionReceipt[0m
[32meth_chainId[0m
[32meth_accounts[0m
[32meth_accounts (2)[0m
[32meth_accounts (3)[0m
[32meth_chainId[0m
[32meth_call[0m
  Contract call:       Challenge#getStepNumber
  From:                0xf39fd6e51aad88f6f4ce6ab8827279cfffb92266
  To:                  0xe7f1725e7734ce288f8367e1bb143e90bb3f0512

[32meth_chainId[0m
[32meth_call[0m
  Contract call:       Challenge#isSearching
  From:                0xf39fd6e51aad88f6f4ce6ab8827279cfffb92266
  To:                  0xe7f1725e7734ce288f8367e1bb143e90bb3f0512

[32meth_chainId[0m
[32meth_call[0m
  Contract call:       Challenge#getProposedState
  From:                0xf39fd6e51aad88f6f4ce6ab8827279cfffb92266
  To:                  0xe7f1725e7734ce288f8367e1bb143e90bb3f0512

[32meth_blockNumber[0m
[32meth_chainId[0m
[32meth_chainId (2)[0m
[32meth_estimateGas[0m
[32meth_getBlockByNumber[0m
[32meth_feeHistory[0m
[32meth_sendTransaction[0m
  Contract call:       Challenge#proposeState
  Transaction:         0xe07a74147350768c8ad409c66ecf0f1f2ddcb7dca21ff294269961f4e0de883d
  From:                0xf39fd6e51aad88f6f4ce6ab8827279cfffb92266
  To:                  0xe7f1725e7734ce288f8367e1bb143e90bb3f0512
  Value:               0 ETH
  Gas used:            51634 of 51634
  Block #31:           0x39230f517074c817e396f43255c9c4735121f1ccc5427d552cb927027a7a7342

[32meth_chainId[0m
[32meth_getTransactionByHash[0m
[32meth_chainId[0m
[32meth_getTransactionReceipt[0m
[32meth_chainId[0m
[32meth_accounts[0m
[32meth_accounts (2)[0m
[32meth_accounts (3)[0m
[32meth_chainId[0m
[32meth_call[0m
  Contract call:       Challenge#getStepNumber
  From:                0xf39fd6e51aad88f6f4ce6ab8827279cfffb92266
  To:                  0xe7f1725e7734ce288f8367e1bb143e90bb3f0512

[32meth_chainId[0m
[32meth_call[0m
  Contract call:       Challenge#isSearching
  From:                0xf39fd6e51aad88f6f4ce6ab8827279cfffb92266
  To:                  0xe7f1725e7734ce288f8367e1bb143e90bb3f0512

[32meth_chainId[0m
[32meth_call[0m
  Contract call:       Challenge#getProposedState
  From:                0xf39fd6e51aad88f6f4ce6ab8827279cfffb92266
  To:                  0xe7f1725e7734ce288f8367e1bb143e90bb3f0512

[32meth_blockNumber[0m
[32meth_chainId[0m
[32meth_chainId (2)[0m
[32meth_estimateGas[0m
[32meth_getBlockByNumber[0m
[32meth_feeHistory[0m
[32meth_sendTransaction[0m
  Contract call:       Challenge#respondState
  Transaction:         0x32c167ceb8746242709eb2685069eff18a02d9f1cd06044bf11c1a38a5855cae
  From:                0xf39fd6e51aad88f6f4ce6ab8827279cfffb92266
  To:                  0xe7f1725e7734ce288f8367e1bb143e90bb3f0512
  Value:               0 ETH
  Gas used:            56839 of 56839
  Block #32:           0x805ecf8390a6cba1b274763048bc7e35465fc5c69adbf2d63730ae3069bbe155

[32meth_chainId[0m
[32meth_getTransactionByHash[0m
[32meth_chainId[0m
[32meth_getTransactionReceipt[0m
[32meth_chainId[0m
[32meth_accounts[0m
[32meth_accounts (2)[0m
[32meth_accounts (3)[0m
[32meth_chainId[0m
[32meth_call[0m
  Contract call:       Challenge#getStepNumber
  From:                0xf39fd6e51aad88f6f4ce6ab8827279cfffb92266
  To:                  0xe7f1725e7734ce288f8367e1bb143e90bb3f0512

[32meth_chainId[0m
[32meth_call[0m
  Contract call:       Challenge#isSearching
  From:                0xf39fd6e51aad88f6f4ce6ab8827279cfffb92266
  To:                  0xe7f1725e7734ce288f8367e1bb143e90bb3f0512

[32meth_chainId[0m
[32meth_call[0m
  Contract call:       Challenge#getProposedState
  From:                0xf39fd6e51aad88f6f4ce6ab8827279cfffb92266
  To:                  0xe7f1725e7734ce288f8367e1bb143e90bb3f0512

[32meth_blockNumber[0m
[32meth_chainId[0m
[32meth_chainId (2)[0m
[32meth_estimateGas[0m
[32meth_getBlockByNumber[0m
[32meth_feeHistory[0m
[32meth_sendTransaction[0m
  Contract call:       Challenge#proposeState
  Transaction:         0x6219537f3b7c134f91c257b017f5841deb625d4acf3868de396e538709056cfc
  From:                0xf39fd6e51aad88f6f4ce6ab8827279cfffb92266
  To:                  0xe7f1725e7734ce288f8367e1bb143e90bb3f0512
  Value:               0 ETH
  Gas used:            51634 of 51634
  Block #33:           0x7ad5565135465454e31bd356dc1fa32c508fc79c631926ff39b3166d495bee50

[32meth_chainId[0m
[32meth_getTransactionByHash[0m
[32meth_chainId[0m
[32meth_getTransactionReceipt[0m
[32meth_chainId[0m
[32meth_accounts[0m
[32meth_accounts (2)[0m
[32meth_accounts (3)[0m
[32meth_chainId[0m
[32meth_call[0m
  Contract call:       Challenge#getStepNumber
  From:                0xf39fd6e51aad88f6f4ce6ab8827279cfffb92266
  To:                  0xe7f1725e7734ce288f8367e1bb143e90bb3f0512

[32meth_chainId[0m
[32meth_call[0m
  Contract call:       Challenge#isSearching
  From:                0xf39fd6e51aad88f6f4ce6ab8827279cfffb92266
  To:                  0xe7f1725e7734ce288f8367e1bb143e90bb3f0512

[32meth_chainId[0m
[32meth_call[0m
  Contract call:       Challenge#getProposedState
  From:                0xf39fd6e51aad88f6f4ce6ab8827279cfffb92266
  To:                  0xe7f1725e7734ce288f8367e1bb143e90bb3f0512

[32meth_blockNumber[0m
[32meth_chainId[0m
[32meth_chainId (2)[0m
[32meth_estimateGas[0m
[32meth_getBlockByNumber[0m
[32meth_feeHistory[0m
[32meth_sendTransaction[0m
  Contract call:       Challenge#respondState
  Transaction:         0x9bcefbc73a4437fa7420b4f958f5f9afe12dab58edb909507f2fe7720b074a58
  From:                0xf39fd6e51aad88f6f4ce6ab8827279cfffb92266
  To:                  0xe7f1725e7734ce288f8367e1bb143e90bb3f0512
  Value:               0 ETH
  Gas used:            56839 of 56839
  Block #34:           0x2198d4d1ba7faaef207b2a49f54380767900f759ec1537b097aeaf481d2eadfb

[32meth_chainId[0m
[32meth_getTransactionByHash[0m
[32meth_chainId[0m
[32meth_getTransactionReceipt[0m
[32meth_chainId[0m
[32meth_accounts[0m
[32meth_accounts (2)[0m
[32meth_accounts (3)[0m
[32meth_chainId[0m
[32meth_call[0m
  Contract call:       Challenge#getStepNumber
  From:                0xf39fd6e51aad88f6f4ce6ab8827279cfffb92266
  To:                  0xe7f1725e7734ce288f8367e1bb143e90bb3f0512

[32meth_chainId[0m
[32meth_call[0m
  Contract call:       Challenge#isSearching
  From:                0xf39fd6e51aad88f6f4ce6ab8827279cfffb92266
  To:                  0xe7f1725e7734ce288f8367e1bb143e90bb3f0512

[32meth_chainId[0m
[32meth_call[0m
  Contract call:       Challenge#getProposedState
  From:                0xf39fd6e51aad88f6f4ce6ab8827279cfffb92266
  To:                  0xe7f1725e7734ce288f8367e1bb143e90bb3f0512

[32meth_blockNumber[0m
[32meth_chainId[0m
[32meth_chainId (2)[0m
[32meth_estimateGas[0m
[32meth_getBlockByNumber[0m
[32meth_feeHistory[0m
[32meth_sendTransaction[0m
  Contract call:       Challenge#proposeState
  Transaction:         0xadf6b23713866e6a1f72746119d666ea05f75f18707d43c6e7ff275a1c1360d7
  From:                0xf39fd6e51aad88f6f4ce6ab8827279cfffb92266
  To:                  0xe7f1725e7734ce288f8367e1bb143e90bb3f0512
  Value:               0 ETH
  Gas used:            51634 of 51634
  Block #35:           0x19b899893e8eb1bc50c1e120717fa61143f5a9f585000b2d4c138f7db4ce77a2

[32meth_chainId[0m
[32meth_getTransactionByHash[0m
[32meth_chainId[0m
[32meth_getTransactionReceipt[0m
[32meth_chainId[0m
[32meth_accounts[0m
[32meth_accounts (2)[0m
[32meth_accounts (3)[0m
[32meth_chainId[0m
[32meth_call[0m
  Contract call:       Challenge#getStepNumber
  From:                0xf39fd6e51aad88f6f4ce6ab8827279cfffb92266
  To:                  0xe7f1725e7734ce288f8367e1bb143e90bb3f0512

[32meth_chainId[0m
[32meth_call[0m
  Contract call:       Challenge#isSearching
  From:                0xf39fd6e51aad88f6f4ce6ab8827279cfffb92266
  To:                  0xe7f1725e7734ce288f8367e1bb143e90bb3f0512

[32meth_chainId[0m
[32meth_call[0m
  Contract call:       Challenge#getProposedState
  From:                0xf39fd6e51aad88f6f4ce6ab8827279cfffb92266
  To:                  0xe7f1725e7734ce288f8367e1bb143e90bb3f0512

[32meth_blockNumber[0m
[32meth_chainId[0m
[32meth_chainId (2)[0m
[32meth_estimateGas[0m
[32meth_getBlockByNumber[0m
[32meth_feeHistory[0m
[32meth_sendTransaction[0m
  Contract call:       Challenge#respondState
  Transaction:         0xacb8a56e09be6a4dcc7cce6b6d52a2251894cbd5501d6004b6fffde353934e38
  From:                0xf39fd6e51aad88f6f4ce6ab8827279cfffb92266
  To:                  0xe7f1725e7734ce288f8367e1bb143e90bb3f0512
  Value:               0 ETH
  Gas used:            56839 of 56839
  Block #36:           0xdb01390ccd3a5c3b5277c15b1c19d30fe4d2192a096522c58130dc2d3bcf9953

[32meth_chainId[0m
[32meth_getTransactionByHash[0m
[32meth_chainId[0m
[32meth_getTransactionReceipt[0m
[32meth_chainId[0m
[32meth_accounts[0m
[32meth_accounts (2)[0m
[32meth_accounts (3)[0m
[32meth_chainId[0m
[32meth_call[0m
  Contract call:       Challenge#getStepNumber
  From:                0xf39fd6e51aad88f6f4ce6ab8827279cfffb92266
  To:                  0xe7f1725e7734ce288f8367e1bb143e90bb3f0512

[32meth_chainId[0m
[32meth_call[0m
  Contract call:       Challenge#isSearching
  From:                0xf39fd6e51aad88f6f4ce6ab8827279cfffb92266
  To:                  0xe7f1725e7734ce288f8367e1bb143e90bb3f0512

[32meth_chainId[0m
[32meth_call[0m
  Contract call:       Challenge#getProposedState
  From:                0xf39fd6e51aad88f6f4ce6ab8827279cfffb92266
  To:                  0xe7f1725e7734ce288f8367e1bb143e90bb3f0512

[32meth_blockNumber[0m
[32meth_chainId[0m
[32meth_chainId (2)[0m
[32meth_estimateGas[0m
[32meth_getBlockByNumber[0m
[32meth_feeHistory[0m
[32meth_sendTransaction[0m
  Contract call:       Challenge#proposeState
  Transaction:         0x54f2c99254f4576d9b0b4fa74eb1f7b09b05ce15577f8ccf93d4b99b7c607b13
  From:                0xf39fd6e51aad88f6f4ce6ab8827279cfffb92266
  To:                  0xe7f1725e7734ce288f8367e1bb143e90bb3f0512
  Value:               0 ETH
  Gas used:            51622 of 51622
  Block #37:           0x3efd2ad75924a2562bd6f82ba1abad3c445142525c59fd942e82025f374ba084

[32meth_chainId[0m
[32meth_getTransactionByHash[0m
[32meth_chainId[0m
[32meth_getTransactionReceipt[0m
[32meth_chainId[0m
[32meth_accounts[0m
[32meth_accounts (2)[0m
[32meth_accounts (3)[0m
[32meth_chainId[0m
[32meth_call[0m
  Contract call:       Challenge#getStepNumber
  From:                0xf39fd6e51aad88f6f4ce6ab8827279cfffb92266
  To:                  0xe7f1725e7734ce288f8367e1bb143e90bb3f0512

[32meth_chainId[0m
[32meth_call[0m
  Contract call:       Challenge#isSearching
  From:                0xf39fd6e51aad88f6f4ce6ab8827279cfffb92266
  To:                  0xe7f1725e7734ce288f8367e1bb143e90bb3f0512

[32meth_chainId[0m
[32meth_call[0m
  Contract call:       Challenge#getProposedState
  From:                0xf39fd6e51aad88f6f4ce6ab8827279cfffb92266
  To:                  0xe7f1725e7734ce288f8367e1bb143e90bb3f0512

[32meth_blockNumber[0m
[32meth_chainId[0m
[32meth_chainId (2)[0m
[32meth_estimateGas[0m
[32meth_getBlockByNumber[0m
[32meth_feeHistory[0m
[32meth_sendTransaction[0m
  Contract call:       Challenge#respondState
  Transaction:         0x44a4b1fb738b089c6d4ff9f184bda967dfc9d85ff089a7fbc04f21260039bc58
  From:                0xf39fd6e51aad88f6f4ce6ab8827279cfffb92266
  To:                  0xe7f1725e7734ce288f8367e1bb143e90bb3f0512
  Value:               0 ETH
  Gas used:            56827 of 56827
  Block #38:           0xc69a461644fb6a407a44dcf57a3d9f1831acf993001d6a9cd25028858cf26e4c

[32meth_chainId[0m
[32meth_getTransactionByHash[0m
[32meth_chainId[0m
[32meth_getTransactionReceipt[0m
[32meth_chainId[0m
[32meth_accounts[0m
[32meth_accounts (2)[0m
[32meth_accounts (3)[0m
[32meth_chainId[0m
[32meth_call[0m
  Contract call:       Challenge#getStepNumber
  From:                0xf39fd6e51aad88f6f4ce6ab8827279cfffb92266
  To:                  0xe7f1725e7734ce288f8367e1bb143e90bb3f0512

[32meth_chainId[0m
[32meth_call[0m
  Contract call:       Challenge#isSearching
  From:                0xf39fd6e51aad88f6f4ce6ab8827279cfffb92266
  To:                  0xe7f1725e7734ce288f8367e1bb143e90bb3f0512

[32meth_chainId[0m
[32meth_call[0m
  Contract call:       Challenge#getProposedState
  From:                0xf39fd6e51aad88f6f4ce6ab8827279cfffb92266
  To:                  0xe7f1725e7734ce288f8367e1bb143e90bb3f0512

[32meth_blockNumber[0m
[32meth_chainId[0m
[32meth_chainId (2)[0m
[32meth_estimateGas[0m
[32meth_getBlockByNumber[0m
[32meth_feeHistory[0m
[32meth_sendTransaction[0m
  Contract call:       Challenge#proposeState
  Transaction:         0x8af62fe1d4dcc21729e59e72229dbe9c4c054b8dee65e7fe46c804a4b0c68bc2
  From:                0xf39fd6e51aad88f6f4ce6ab8827279cfffb92266
  To:                  0xe7f1725e7734ce288f8367e1bb143e90bb3f0512
  Value:               0 ETH
  Gas used:            51634 of 51634
  Block #39:           0xdb5963657d22febf8d67435d6ccf98f976dd0e32bbd40d49c4d470b00e2dcaf3

[32meth_chainId[0m
[32meth_getTransactionByHash[0m
[32meth_chainId[0m
[32meth_getTransactionReceipt[0m
[32meth_chainId[0m
[32meth_accounts[0m
[32meth_accounts (2)[0m
[32meth_accounts (3)[0m
[32meth_chainId[0m
[32meth_call[0m
  Contract call:       Challenge#getStepNumber
  From:                0xf39fd6e51aad88f6f4ce6ab8827279cfffb92266
  To:                  0xe7f1725e7734ce288f8367e1bb143e90bb3f0512

[32meth_chainId[0m
[32meth_call[0m
  Contract call:       Challenge#isSearching
  From:                0xf39fd6e51aad88f6f4ce6ab8827279cfffb92266
  To:                  0xe7f1725e7734ce288f8367e1bb143e90bb3f0512

[32meth_chainId[0m
[32meth_call[0m
  Contract call:       Challenge#getProposedState
  From:                0xf39fd6e51aad88f6f4ce6ab8827279cfffb92266
  To:                  0xe7f1725e7734ce288f8367e1bb143e90bb3f0512

[32meth_blockNumber[0m
[32meth_chainId[0m
[32meth_chainId (2)[0m
[32meth_estimateGas[0m
[32meth_getBlockByNumber[0m
[32meth_feeHistory[0m
[32meth_sendTransaction[0m
  Contract call:       Challenge#respondState
  Transaction:         0xb303a09ff4f171f112981fbc17e7de4542c786e9db0b86ed9687560b50a0c3bc
  From:                0xf39fd6e51aad88f6f4ce6ab8827279cfffb92266
  To:                  0xe7f1725e7734ce288f8367e1bb143e90bb3f0512
  Value:               0 ETH
  Gas used:            56839 of 56839
  Block #40:           0x2e4532b0a3f338ae4c4fd90ebd0193891286f86d335d55bdae95a4c5ac2d2aab

[32meth_chainId[0m
[32meth_getTransactionByHash[0m
[32meth_chainId[0m
[32meth_getTransactionReceipt[0m
[32meth_chainId[0m
[32meth_accounts[0m
[32meth_accounts (2)[0m
[32meth_accounts (3)[0m
[32meth_chainId[0m
[32meth_call[0m
  Contract call:       Challenge#getStepNumber
  From:                0xf39fd6e51aad88f6f4ce6ab8827279cfffb92266
  To:                  0xe7f1725e7734ce288f8367e1bb143e90bb3f0512

[32meth_chainId[0m
[32meth_call[0m
  Contract call:       Challenge#isSearching
  From:                0xf39fd6e51aad88f6f4ce6ab8827279cfffb92266
  To:                  0xe7f1725e7734ce288f8367e1bb143e90bb3f0512

[32meth_chainId[0m
[32meth_call[0m
  Contract call:       Challenge#getProposedState
  From:                0xf39fd6e51aad88f6f4ce6ab8827279cfffb92266
  To:                  0xe7f1725e7734ce288f8367e1bb143e90bb3f0512

[32meth_blockNumber[0m
[32meth_chainId[0m
[32meth_chainId (2)[0m
[32meth_estimateGas[0m
[32meth_getBlockByNumber[0m
[32meth_feeHistory[0m
[32meth_sendTransaction[0m
  Contract call:       Challenge#proposeState
  Transaction:         0xae7390da101a591c366825998629fbe789ccc5bb97a4e53567d1a357cbf4d91d
  From:                0xf39fd6e51aad88f6f4ce6ab8827279cfffb92266
  To:                  0xe7f1725e7734ce288f8367e1bb143e90bb3f0512
  Value:               0 ETH
  Gas used:            51622 of 51622
  Block #41:           0x8ba7914e970bb55af4a73bf85da86f87df3a182b3754351cd030f85f6852f001

[32meth_chainId[0m
[32meth_getTransactionByHash[0m
[32meth_chainId[0m
[32meth_getTransactionReceipt[0m
[32meth_chainId[0m
[32meth_accounts[0m
[32meth_accounts (2)[0m
[32meth_accounts (3)[0m
[32meth_chainId[0m
[32meth_call[0m
  Contract call:       Challenge#getStepNumber
  From:                0xf39fd6e51aad88f6f4ce6ab8827279cfffb92266
  To:                  0xe7f1725e7734ce288f8367e1bb143e90bb3f0512

[32meth_chainId[0m
[32meth_call[0m
  Contract call:       Challenge#isSearching
  From:                0xf39fd6e51aad88f6f4ce6ab8827279cfffb92266
  To:                  0xe7f1725e7734ce288f8367e1bb143e90bb3f0512

[32meth_chainId[0m
[32meth_call[0m
  Contract call:       Challenge#getProposedState
  From:                0xf39fd6e51aad88f6f4ce6ab8827279cfffb92266
  To:                  0xe7f1725e7734ce288f8367e1bb143e90bb3f0512

[32meth_blockNumber[0m
[32meth_chainId[0m
[32meth_chainId (2)[0m
[32meth_estimateGas[0m
[32meth_getBlockByNumber[0m
[32meth_feeHistory[0m
[32meth_sendTransaction[0m
  Contract call:       Challenge#respondState
  Transaction:         0x850b8711e334f9870999d0b10dab6034c7608c6da8107cf0a854c749a19197bc
  From:                0xf39fd6e51aad88f6f4ce6ab8827279cfffb92266
  To:                  0xe7f1725e7734ce288f8367e1bb143e90bb3f0512
  Value:               0 ETH
  Gas used:            56827 of 56827
  Block #42:           0xc4cd3f4d300dfcb7d33cb6610dfbce63430d91a15fba72d5d469892e9bc35b9d

[32meth_chainId[0m
[32meth_getTransactionByHash[0m
[32meth_chainId[0m
[32meth_getTransactionReceipt[0m
[32meth_chainId[0m
[32meth_accounts[0m
[32meth_accounts (2)[0m
[32meth_accounts (3)[0m
[32meth_chainId[0m
[32meth_call[0m
  Contract call:       Challenge#getStepNumber
  From:                0xf39fd6e51aad88f6f4ce6ab8827279cfffb92266
  To:                  0xe7f1725e7734ce288f8367e1bb143e90bb3f0512

[32meth_chainId[0m
[32meth_call[0m
  Contract call:       Challenge#isSearching
  From:                0xf39fd6e51aad88f6f4ce6ab8827279cfffb92266
  To:                  0xe7f1725e7734ce288f8367e1bb143e90bb3f0512

[32meth_chainId[0m
[32meth_call[0m
  Contract call:       Challenge#getProposedState
  From:                0xf39fd6e51aad88f6f4ce6ab8827279cfffb92266
  To:                  0xe7f1725e7734ce288f8367e1bb143e90bb3f0512

[32meth_blockNumber[0m
[32meth_chainId[0m
[32meth_chainId (2)[0m
[32meth_estimateGas[0m
[32meth_getBlockByNumber[0m
[32meth_feeHistory[0m
[32meth_sendTransaction[0m
  Contract call:       Challenge#proposeState
  Transaction:         0x89b3125809bd289691972f9055eff8ba35418de1f24c075d9e1a56cd2fa411dc
  From:                0xf39fd6e51aad88f6f4ce6ab8827279cfffb92266
  To:                  0xe7f1725e7734ce288f8367e1bb143e90bb3f0512
  Value:               0 ETH
  Gas used:            51634 of 51634
  Block #43:           0xeefd4f7e6855df5396a4342a31cf695c7784a43f7a8912d1672673194d128918

[32meth_chainId[0m
[32meth_getTransactionByHash[0m
[32meth_chainId[0m
[32meth_getTransactionReceipt[0m
[32meth_chainId[0m
[32meth_accounts[0m
[32meth_accounts (2)[0m
[32meth_accounts (3)[0m
[32meth_chainId[0m
[32meth_call[0m
  Contract call:       Challenge#getStepNumber
  From:                0xf39fd6e51aad88f6f4ce6ab8827279cfffb92266
  To:                  0xe7f1725e7734ce288f8367e1bb143e90bb3f0512

[32meth_chainId[0m
[32meth_call[0m
  Contract call:       Challenge#isSearching
  From:                0xf39fd6e51aad88f6f4ce6ab8827279cfffb92266
  To:                  0xe7f1725e7734ce288f8367e1bb143e90bb3f0512

[32meth_chainId[0m
[32meth_call[0m
  Contract call:       Challenge#getProposedState
  From:                0xf39fd6e51aad88f6f4ce6ab8827279cfffb92266
  To:                  0xe7f1725e7734ce288f8367e1bb143e90bb3f0512

[32meth_blockNumber[0m
[32meth_chainId[0m
[32meth_chainId (2)[0m
[32meth_estimateGas[0m
[32meth_getBlockByNumber[0m
[32meth_feeHistory[0m
[32meth_sendTransaction[0m
  Contract call:       Challenge#respondState
  Transaction:         0x07a0a1b632acdf381c7a28e7b3960d102901c222a23f5c9855a941379fc053b2
  From:                0xf39fd6e51aad88f6f4ce6ab8827279cfffb92266
  To:                  0xe7f1725e7734ce288f8367e1bb143e90bb3f0512
  Value:               0 ETH
  Gas used:            56839 of 56839
  Block #44:           0xf2cb5dac5bdfa82eba08588cef342a01f0a95a515ac5465cb7eb8ff755ce761f

[32meth_chainId[0m
[32meth_getTransactionByHash[0m
[32meth_chainId[0m
[32meth_getTransactionReceipt[0m
[32meth_chainId[0m
[32meth_accounts[0m
[32meth_accounts (2)[0m
[32meth_accounts (3)[0m
[32meth_chainId[0m
[32meth_call[0m
  Contract call:       Challenge#getStepNumber
  From:                0xf39fd6e51aad88f6f4ce6ab8827279cfffb92266
  To:                  0xe7f1725e7734ce288f8367e1bb143e90bb3f0512

[32meth_chainId[0m
[32meth_call[0m
  Contract call:       Challenge#isSearching
  From:                0xf39fd6e51aad88f6f4ce6ab8827279cfffb92266
  To:                  0xe7f1725e7734ce288f8367e1bb143e90bb3f0512

[32meth_chainId[0m
[32meth_call[0m
  Contract call:       Challenge#getProposedState
  From:                0xf39fd6e51aad88f6f4ce6ab8827279cfffb92266
  To:                  0xe7f1725e7734ce288f8367e1bb143e90bb3f0512

[32meth_blockNumber[0m
[32meth_chainId[0m
[32meth_chainId (2)[0m
[32meth_estimateGas[0m
[32meth_getBlockByNumber[0m
[32meth_feeHistory[0m
[32meth_sendTransaction[0m
  Contract call:       Challenge#proposeState
  Transaction:         0x82834cccd8d2b35f03b89a2e090fe7dc4e95c8165cf3d742d4f948708518285f
  From:                0xf39fd6e51aad88f6f4ce6ab8827279cfffb92266
  To:                  0xe7f1725e7734ce288f8367e1bb143e90bb3f0512
  Value:               0 ETH
  Gas used:            51634 of 51634
  Block #45:           0x213030fd02df6225d83753375d0434d8d36371aa81935afb618f6bc1b796e07f

[32meth_chainId[0m
[32meth_getTransactionByHash[0m
[32meth_chainId[0m
[32meth_getTransactionReceipt[0m
[32meth_chainId[0m
[32meth_accounts[0m
[32meth_accounts (2)[0m
[32meth_accounts (3)[0m
[32meth_chainId[0m
[32meth_call[0m
  Contract call:       Challenge#getStepNumber
  From:                0xf39fd6e51aad88f6f4ce6ab8827279cfffb92266
  To:                  0xe7f1725e7734ce288f8367e1bb143e90bb3f0512

[32meth_chainId[0m
[32meth_call[0m
  Contract call:       Challenge#isSearching
  From:                0xf39fd6e51aad88f6f4ce6ab8827279cfffb92266
  To:                  0xe7f1725e7734ce288f8367e1bb143e90bb3f0512

[32meth_chainId[0m
[32meth_call[0m
  Contract call:       Challenge#getProposedState
  From:                0xf39fd6e51aad88f6f4ce6ab8827279cfffb92266
  To:                  0xe7f1725e7734ce288f8367e1bb143e90bb3f0512

[32meth_blockNumber[0m
[32meth_chainId[0m
[32meth_chainId (2)[0m
[32meth_estimateGas[0m
[32meth_getBlockByNumber[0m
[32meth_feeHistory[0m
[32meth_sendTransaction[0m
  Contract call:       Challenge#respondState
  Transaction:         0xd36268a2d6bf337e67efc31d67fbf483dffb7e6d31bb45b08b66b7a61f734761
  From:                0xf39fd6e51aad88f6f4ce6ab8827279cfffb92266
  To:                  0xe7f1725e7734ce288f8367e1bb143e90bb3f0512
  Value:               0 ETH
  Gas used:            56839 of 56839
  Block #46:           0x94cc460716302cfeba59e0c30535271c9a85c4211902ff4931f5d1d7f2337468

[32meth_chainId[0m
[32meth_getTransactionByHash[0m
[32meth_chainId[0m
[32meth_getTransactionReceipt[0m
[32meth_chainId[0m
[32meth_accounts[0m
[32meth_accounts (2)[0m
[32meth_accounts (3)[0m
[32meth_chainId[0m
[32meth_call[0m
  Contract call:       Challenge#getStepNumber
  From:                0xf39fd6e51aad88f6f4ce6ab8827279cfffb92266
  To:                  0xe7f1725e7734ce288f8367e1bb143e90bb3f0512

[32meth_chainId[0m
[32meth_call[0m
  Contract call:       Challenge#isSearching
  From:                0xf39fd6e51aad88f6f4ce6ab8827279cfffb92266
  To:                  0xe7f1725e7734ce288f8367e1bb143e90bb3f0512

[32meth_chainId[0m
[32meth_call[0m
  Contract call:       Challenge#getProposedState
  From:                0xf39fd6e51aad88f6f4ce6ab8827279cfffb92266
  To:                  0xe7f1725e7734ce288f8367e1bb143e90bb3f0512

[32meth_blockNumber[0m
[32meth_chainId[0m
[32meth_chainId (2)[0m
[32meth_estimateGas[0m
[32meth_getBlockByNumber[0m
[32meth_feeHistory[0m
[32meth_sendTransaction[0m
  Contract call:       Challenge#proposeState
  Transaction:         0x7eb9b8022a31cbbbf8a6421d2c9ea2b28a68339a551b78d12dba110931e36d20
  From:                0xf39fd6e51aad88f6f4ce6ab8827279cfffb92266
  To:                  0xe7f1725e7734ce288f8367e1bb143e90bb3f0512
  Value:               0 ETH
  Gas used:            51634 of 51634
  Block #47:           0x9f7d693efd7e9dacd594e8a18456ce417f4082b1da2f8e9043041f40e1d73715

[32meth_chainId[0m
[32meth_getTransactionByHash[0m
[32meth_chainId[0m
[32meth_getTransactionReceipt[0m
[32meth_chainId[0m
[32meth_accounts[0m
[32meth_accounts (2)[0m
[32meth_accounts (3)[0m
[32meth_chainId[0m
[32meth_call[0m
  Contract call:       Challenge#getStepNumber
  From:                0xf39fd6e51aad88f6f4ce6ab8827279cfffb92266
  To:                  0xe7f1725e7734ce288f8367e1bb143e90bb3f0512

[32meth_chainId[0m
[32meth_call[0m
  Contract call:       Challenge#isSearching
  From:                0xf39fd6e51aad88f6f4ce6ab8827279cfffb92266
  To:                  0xe7f1725e7734ce288f8367e1bb143e90bb3f0512

[32meth_chainId[0m
[32meth_call[0m
  Contract call:       Challenge#getProposedState
  From:                0xf39fd6e51aad88f6f4ce6ab8827279cfffb92266
  To:                  0xe7f1725e7734ce288f8367e1bb143e90bb3f0512

[32meth_blockNumber[0m
[32meth_chainId[0m
[32meth_chainId (2)[0m
[32meth_estimateGas[0m
[32meth_getBlockByNumber[0m
[32meth_feeHistory[0m
[32meth_sendTransaction[0m
  Contract call:       Challenge#respondState
  Transaction:         0x99ea945072aff96eaf243796f8149dadd51c4c52c1cd6b765272f2e3ed9ddc18
  From:                0xf39fd6e51aad88f6f4ce6ab8827279cfffb92266
  To:                  0xe7f1725e7734ce288f8367e1bb143e90bb3f0512
  Value:               0 ETH
  Gas used:            56839 of 56839
  Block #48:           0xcb6eee62c397fd07604ff92cb0f680c3321a2c85d08921403f685186aecc9bc2

[32meth_chainId[0m
[32meth_getTransactionByHash[0m
[32meth_chainId[0m
[32meth_getTransactionReceipt[0m
[32meth_chainId[0m
[32meth_accounts[0m
[32meth_accounts (2)[0m
[32meth_accounts (3)[0m
[32meth_chainId[0m
[32meth_call[0m
  Contract call:       Challenge#getStepNumber
  From:                0xf39fd6e51aad88f6f4ce6ab8827279cfffb92266
  To:                  0xe7f1725e7734ce288f8367e1bb143e90bb3f0512

[32meth_chainId[0m
[32meth_call[0m
  Contract call:       Challenge#isSearching
  From:                0xf39fd6e51aad88f6f4ce6ab8827279cfffb92266
  To:                  0xe7f1725e7734ce288f8367e1bb143e90bb3f0512

[32meth_chainId[0m
[32meth_call[0m
  Contract call:       Challenge#getProposedState
  From:                0xf39fd6e51aad88f6f4ce6ab8827279cfffb92266
  To:                  0xe7f1725e7734ce288f8367e1bb143e90bb3f0512

[32meth_blockNumber[0m
[32meth_chainId[0m
[32meth_chainId (2)[0m
[32meth_estimateGas[0m
[32meth_getBlockByNumber[0m
[32meth_feeHistory[0m
[32meth_sendTransaction[0m
  Contract call:       Challenge#proposeState
  Transaction:         0xd617b31bb0dd89f53d57c2812bcff43f05ac38f21f97f7aedfc9280b7e8b3c00
  From:                0xf39fd6e51aad88f6f4ce6ab8827279cfffb92266
  To:                  0xe7f1725e7734ce288f8367e1bb143e90bb3f0512
  Value:               0 ETH
  Gas used:            51634 of 51634
  Block #49:           0x28d57a1eeb2caed4754c37bd1e83849aa0d2511a452b0481925d1f9b6eaa8368

[32meth_chainId[0m
[32meth_getTransactionByHash[0m
[32meth_chainId[0m
[32meth_getTransactionReceipt[0m
[32meth_chainId[0m
[32meth_accounts[0m
[32meth_accounts (2)[0m
[32meth_accounts (3)[0m
[32meth_chainId[0m
[32meth_call[0m
  Contract call:       Challenge#getStepNumber
  From:                0xf39fd6e51aad88f6f4ce6ab8827279cfffb92266
  To:                  0xe7f1725e7734ce288f8367e1bb143e90bb3f0512

[32meth_chainId[0m
[32meth_call[0m
  Contract call:       Challenge#isSearching
  From:                0xf39fd6e51aad88f6f4ce6ab8827279cfffb92266
  To:                  0xe7f1725e7734ce288f8367e1bb143e90bb3f0512

[32meth_chainId[0m
[32meth_call[0m
  Contract call:       Challenge#getProposedState
  From:                0xf39fd6e51aad88f6f4ce6ab8827279cfffb92266
  To:                  0xe7f1725e7734ce288f8367e1bb143e90bb3f0512

[32meth_blockNumber[0m
[32meth_chainId[0m
[32meth_chainId (2)[0m
[32meth_estimateGas[0m
[32meth_getBlockByNumber[0m
[32meth_feeHistory[0m
[32meth_sendTransaction[0m
  Contract call:       Challenge#respondState
  Transaction:         0x534b3a0170601bf42095635deedac96d9a9523abdbbe2e7ddbdec2ad4b5b32bd
  From:                0xf39fd6e51aad88f6f4ce6ab8827279cfffb92266
  To:                  0xe7f1725e7734ce288f8367e1bb143e90bb3f0512
  Value:               0 ETH
  Gas used:            56839 of 56839
  Block #50:           0x0e9b02f0a6cece01b327b344f3a881caac77ed00e4776925dc85dce2f5660ce1

[32meth_chainId[0m
[32meth_getTransactionByHash[0m
[32meth_chainId[0m
[32meth_getTransactionReceipt[0m
[32meth_chainId[0m
[32meth_accounts[0m
[32meth_accounts (2)[0m
[32meth_accounts (3)[0m
[32meth_chainId[0m
[32meth_call[0m
  Contract call:       Challenge#getStepNumber
  From:                0xf39fd6e51aad88f6f4ce6ab8827279cfffb92266
  To:                  0xe7f1725e7734ce288f8367e1bb143e90bb3f0512

[32meth_chainId[0m
[32meth_call[0m
  Contract call:       Challenge#isSearching
  From:                0xf39fd6e51aad88f6f4ce6ab8827279cfffb92266
  To:                  0xe7f1725e7734ce288f8367e1bb143e90bb3f0512

[32meth_chainId[0m
[32meth_call[0m
  Contract call:       Challenge#getProposedState
  From:                0xf39fd6e51aad88f6f4ce6ab8827279cfffb92266
  To:                  0xe7f1725e7734ce288f8367e1bb143e90bb3f0512

[32meth_blockNumber[0m
[32meth_chainId[0m
[32meth_chainId (2)[0m
[32meth_estimateGas[0m
[32meth_getBlockByNumber[0m
[32meth_feeHistory[0m
[32meth_sendTransaction[0m
  Contract call:       Challenge#proposeState
  Transaction:         0x927ebd575184e30afa6e3271f66d99d54f2dac7aa82ed70aee209e11ad4f31dd
  From:                0xf39fd6e51aad88f6f4ce6ab8827279cfffb92266
  To:                  0xe7f1725e7734ce288f8367e1bb143e90bb3f0512
  Value:               0 ETH
  Gas used:            51634 of 51634
  Block #51:           0xc8b5527a402e97ba5f6af502467a567edd0be0708518c18ef22931abc691294e

[32meth_chainId[0m
[32meth_getTransactionByHash[0m
[32meth_chainId[0m
[32meth_getTransactionReceipt[0m
[32meth_chainId[0m
[32meth_accounts[0m
[32meth_accounts (2)[0m
[32meth_accounts (3)[0m
[32meth_chainId[0m
[32meth_call[0m
  Contract call:       Challenge#getStepNumber
  From:                0xf39fd6e51aad88f6f4ce6ab8827279cfffb92266
  To:                  0xe7f1725e7734ce288f8367e1bb143e90bb3f0512

[32meth_chainId[0m
[32meth_call[0m
  Contract call:       Challenge#isSearching
  From:                0xf39fd6e51aad88f6f4ce6ab8827279cfffb92266
  To:                  0xe7f1725e7734ce288f8367e1bb143e90bb3f0512

[32meth_chainId[0m
[32meth_call[0m
  Contract call:       Challenge#getProposedState
  From:                0xf39fd6e51aad88f6f4ce6ab8827279cfffb92266
  To:                  0xe7f1725e7734ce288f8367e1bb143e90bb3f0512

[32meth_blockNumber[0m
[32meth_chainId[0m
[32meth_chainId (2)[0m
[32meth_estimateGas[0m
[32meth_getBlockByNumber[0m
[32meth_feeHistory[0m
[32meth_sendTransaction[0m
  Contract call:       Challenge#respondState
  Transaction:         0x620e01c1a14e5d9976aa8f5c034cb4d060a6c70e0f9bcefbe51d47962d499501
  From:                0xf39fd6e51aad88f6f4ce6ab8827279cfffb92266
  To:                  0xe7f1725e7734ce288f8367e1bb143e90bb3f0512
  Value:               0 ETH
  Gas used:            56839 of 56839
  Block #52:           0x3e14183d96090e52d79a4b27e8faa250e532ceff7cacd669c20a56a42720aeea

[32meth_chainId[0m
[32meth_getTransactionByHash[0m
[32meth_chainId[0m
[32meth_getTransactionReceipt[0m
[32meth_chainId[0m
[32meth_accounts[0m
[32meth_accounts (2)[0m
[32meth_accounts (3)[0m
[32meth_chainId[0m
[32meth_call[0m
  Contract call:       Challenge#getStepNumber
  From:                0xf39fd6e51aad88f6f4ce6ab8827279cfffb92266
  To:                  0xe7f1725e7734ce288f8367e1bb143e90bb3f0512

[32meth_chainId[0m
[32meth_call[0m
  Contract call:       Challenge#isSearching
  From:                0xf39fd6e51aad88f6f4ce6ab8827279cfffb92266
  To:                  0xe7f1725e7734ce288f8367e1bb143e90bb3f0512

[32meth_chainId[0m
[32meth_call[0m
  Contract call:       Challenge#getProposedState
  From:                0xf39fd6e51aad88f6f4ce6ab8827279cfffb92266
  To:                  0xe7f1725e7734ce288f8367e1bb143e90bb3f0512

[32meth_blockNumber[0m
[32meth_chainId[0m
[32meth_chainId (2)[0m
[32meth_estimateGas[0m
[32meth_getBlockByNumber[0m
[32meth_feeHistory[0m
[32meth_sendTransaction[0m
  Contract call:       Challenge#proposeState
  Transaction:         0x16e5a9d42cf6558d560b3f1d2b51d425f944e27bd6e9c9d925370c1d9a68787d
  From:                0xf39fd6e51aad88f6f4ce6ab8827279cfffb92266
  To:                  0xe7f1725e7734ce288f8367e1bb143e90bb3f0512
  Value:               0 ETH
  Gas used:            51634 of 51634
  Block #53:           0xa966002a501ce65e70f45e4ccf18cc8682a60761494796e3d9009ec506b5e196

[32meth_chainId[0m
[32meth_getTransactionByHash[0m
[32meth_chainId[0m
[32meth_getTransactionReceipt[0m
[32meth_chainId[0m
[32meth_accounts[0m
[32meth_accounts (2)[0m
[32meth_accounts (3)[0m
[32meth_chainId[0m
[32meth_call[0m
  Contract call:       Challenge#getStepNumber
  From:                0xf39fd6e51aad88f6f4ce6ab8827279cfffb92266
  To:                  0xe7f1725e7734ce288f8367e1bb143e90bb3f0512

[32meth_chainId[0m
[32meth_call[0m
  Contract call:       Challenge#isSearching
  From:                0xf39fd6e51aad88f6f4ce6ab8827279cfffb92266
  To:                  0xe7f1725e7734ce288f8367e1bb143e90bb3f0512

[32meth_chainId[0m
[32meth_call[0m
  Contract call:       Challenge#getProposedState
  From:                0xf39fd6e51aad88f6f4ce6ab8827279cfffb92266
  To:                  0xe7f1725e7734ce288f8367e1bb143e90bb3f0512

[32meth_blockNumber[0m
[32meth_chainId[0m
[32meth_chainId (2)[0m
[32meth_estimateGas[0m
[32meth_getBlockByNumber[0m
[32meth_feeHistory[0m
[32meth_sendTransaction[0m
  Contract call:       Challenge#respondState
  Transaction:         0xa2c1182d864a09e23c0e3cc1704a0e02cb5a41954036a9f4f2a2543b0432b089
  From:                0xf39fd6e51aad88f6f4ce6ab8827279cfffb92266
  To:                  0xe7f1725e7734ce288f8367e1bb143e90bb3f0512
  Value:               0 ETH
  Gas used:            56839 of 56839
  Block #54:           0xe3b5ef8dc873e5bf8076f7c2a9c24cb5af417240b4c7f1fdefbeb47c6e811efc

[32meth_chainId[0m
[32meth_getTransactionByHash[0m
[32meth_chainId[0m
[32meth_getTransactionReceipt[0m
[32meth_chainId[0m
[32meth_accounts[0m
[32meth_accounts (2)[0m
[32meth_accounts (3)[0m
[32meth_chainId[0m
[32meth_call[0m
  Contract call:       Challenge#getStepNumber
  From:                0xf39fd6e51aad88f6f4ce6ab8827279cfffb92266
  To:                  0xe7f1725e7734ce288f8367e1bb143e90bb3f0512

[32meth_chainId[0m
[32meth_call[0m
  Contract call:       Challenge#isSearching
  From:                0xf39fd6e51aad88f6f4ce6ab8827279cfffb92266
  To:                  0xe7f1725e7734ce288f8367e1bb143e90bb3f0512

[32meth_chainId[0m
[32meth_call[0m
  Contract call:       Challenge#getProposedState
  From:                0xf39fd6e51aad88f6f4ce6ab8827279cfffb92266
  To:                  0xe7f1725e7734ce288f8367e1bb143e90bb3f0512

[32meth_blockNumber[0m
[32meth_chainId[0m
[32meth_chainId (2)[0m
[32meth_estimateGas[0m
[32meth_getBlockByNumber[0m
[32meth_feeHistory[0m
[32meth_sendTransaction[0m
  Contract call:       Challenge#proposeState
  Transaction:         0x66f049124c09aef45fe7d863491fc66f2b1896ac007c9e1a0f0211939d1907ce
  From:                0xf39fd6e51aad88f6f4ce6ab8827279cfffb92266
  To:                  0xe7f1725e7734ce288f8367e1bb143e90bb3f0512
  Value:               0 ETH
  Gas used:            51634 of 51634
  Block #55:           0x8026748f097880edd49374c59c915b56ca6d9e8d6f90ae0fff950c343d9b0084

[32meth_chainId[0m
[32meth_getTransactionByHash[0m
[32meth_chainId[0m
[32meth_getTransactionReceipt[0m
[32meth_chainId[0m
[32meth_accounts[0m
[32meth_accounts (2)[0m
[32meth_accounts (3)[0m
[32meth_chainId[0m
[32meth_call[0m
  Contract call:       Challenge#getStepNumber
  From:                0xf39fd6e51aad88f6f4ce6ab8827279cfffb92266
  To:                  0xe7f1725e7734ce288f8367e1bb143e90bb3f0512

[32meth_chainId[0m
[32meth_call[0m
  Contract call:       Challenge#isSearching
  From:                0xf39fd6e51aad88f6f4ce6ab8827279cfffb92266
  To:                  0xe7f1725e7734ce288f8367e1bb143e90bb3f0512

[32meth_chainId[0m
[32meth_call[0m
  Contract call:       Challenge#getProposedState
  From:                0xf39fd6e51aad88f6f4ce6ab8827279cfffb92266
  To:                  0xe7f1725e7734ce288f8367e1bb143e90bb3f0512

[32meth_blockNumber[0m
[32meth_chainId[0m
[32meth_chainId (2)[0m
[32meth_estimateGas[0m
[32meth_getBlockByNumber[0m
[32meth_feeHistory[0m
[32meth_sendTransaction[0m
  Contract call:       Challenge#respondState
  Transaction:         0xb2e0f9f5782dc15e0841e2f1e059b55300c0131a0f500388a4416fbadee9b0df
  From:                0xf39fd6e51aad88f6f4ce6ab8827279cfffb92266
  To:                  0xe7f1725e7734ce288f8367e1bb143e90bb3f0512
  Value:               0 ETH
  Gas used:            56839 of 56839
  Block #56:           0x65aa53b00631d261426fceab667f3eafd1ab4f7c886fd1814acb3a8a568ae821

[32meth_chainId[0m
[32meth_getTransactionByHash[0m
[32meth_chainId[0m
[32meth_getTransactionReceipt[0m
[32meth_chainId[0m
[32meth_accounts[0m
[32meth_accounts (2)[0m
[32meth_accounts (3)[0m
[32meth_chainId[0m
[32meth_call[0m
  Contract call:       Challenge#getStepNumber
  From:                0xf39fd6e51aad88f6f4ce6ab8827279cfffb92266
  To:                  0xe7f1725e7734ce288f8367e1bb143e90bb3f0512

[32meth_chainId[0m
[32meth_call[0m
  Contract call:       Challenge#isSearching
  From:                0xf39fd6e51aad88f6f4ce6ab8827279cfffb92266
  To:                  0xe7f1725e7734ce288f8367e1bb143e90bb3f0512

[32meth_chainId[0m
[32meth_call[0m
  Contract call:       Challenge#getProposedState
  From:                0xf39fd6e51aad88f6f4ce6ab8827279cfffb92266
  To:                  0xe7f1725e7734ce288f8367e1bb143e90bb3f0512

[32meth_blockNumber[0m
[32meth_chainId[0m
[32meth_chainId (2)[0m
[32meth_estimateGas[0m
[32meth_getBlockByNumber[0m
[32meth_feeHistory[0m
[32meth_sendTransaction[0m
  Contract call:       Challenge#proposeState
  Transaction:         0x4b305702b9ec85d6ff4822c43821982b2bf6034995de7c96cbd4031e16585788
  From:                0xf39fd6e51aad88f6f4ce6ab8827279cfffb92266
  To:                  0xe7f1725e7734ce288f8367e1bb143e90bb3f0512
  Value:               0 ETH
  Gas used:            51634 of 51634
  Block #57:           0xa88cf58688fa53c0820de5f5ecee8d1dd95a56e377c6fe23fe32be958e36c38c

[32meth_chainId[0m
[32meth_getTransactionByHash[0m
[32meth_chainId[0m
[32meth_getTransactionReceipt[0m
[32meth_chainId[0m
[32meth_accounts[0m
[32meth_accounts (2)[0m
[32meth_accounts (3)[0m
[32meth_chainId[0m
[32meth_call[0m
  Contract call:       Challenge#getStepNumber
  From:                0xf39fd6e51aad88f6f4ce6ab8827279cfffb92266
  To:                  0xe7f1725e7734ce288f8367e1bb143e90bb3f0512

[32meth_chainId[0m
[32meth_call[0m
  Contract call:       Challenge#isSearching
  From:                0xf39fd6e51aad88f6f4ce6ab8827279cfffb92266
  To:                  0xe7f1725e7734ce288f8367e1bb143e90bb3f0512

[32meth_chainId[0m
[32meth_call[0m
  Contract call:       Challenge#getProposedState
  From:                0xf39fd6e51aad88f6f4ce6ab8827279cfffb92266
  To:                  0xe7f1725e7734ce288f8367e1bb143e90bb3f0512

[32meth_blockNumber[0m
[32meth_chainId[0m
[32meth_chainId (2)[0m
[32meth_estimateGas[0m
[32meth_getBlockByNumber[0m
[32meth_feeHistory[0m
[32meth_sendTransaction[0m
  Contract call:       Challenge#respondState
  Transaction:         0x237b5142255f35b31e0496dec4722ab92c884e54216a464184d44c4c03750b70
  From:                0xf39fd6e51aad88f6f4ce6ab8827279cfffb92266
  To:                  0xe7f1725e7734ce288f8367e1bb143e90bb3f0512
  Value:               0 ETH
  Gas used:            56839 of 56839
  Block #58:           0x2ee6ebb893df48ae28cef80cdf26fdbea9a4bacfaf90697a2ab8c9e2ff0b5549

[32meth_chainId[0m
[32meth_getTransactionByHash[0m
[32meth_chainId[0m
[32meth_getTransactionReceipt[0m
[32meth_chainId[0m
[32meth_accounts[0m
[32meth_accounts (2)[0m
[32meth_accounts (3)[0m
[32meth_chainId[0m
[32meth_call[0m
  Contract call:       Challenge#getStepNumber
  From:                0xf39fd6e51aad88f6f4ce6ab8827279cfffb92266
  To:                  0xe7f1725e7734ce288f8367e1bb143e90bb3f0512

[32meth_chainId[0m
[32meth_call[0m
  Contract call:       Challenge#isSearching
  From:                0xf39fd6e51aad88f6f4ce6ab8827279cfffb92266
  To:                  0xe7f1725e7734ce288f8367e1bb143e90bb3f0512

[32meth_chainId[0m
[32meth_accounts[0m
[32meth_accounts (2)[0m
[32meth_accounts (3)[0m
[32meth_chainId[0m
[32meth_call[0m
  Contract call:       Challenge#getStepNumber
  From:                0xf39fd6e51aad88f6f4ce6ab8827279cfffb92266
  To:                  0xe7f1725e7734ce288f8367e1bb143e90bb3f0512

[32meth_chainId[0m
[32meth_call[0m
  Contract call:       Challenge#isSearching
  From:                0xf39fd6e51aad88f6f4ce6ab8827279cfffb92266
  To:                  0xe7f1725e7734ce288f8367e1bb143e90bb3f0512

[32meth_chainId[0m
[32meth_accounts[0m
[32meth_accounts (2)[0m
[32meth_accounts (3)[0m
[32meth_chainId[0m
[32meth_call[0m
  Contract call:       Challenge#getStepNumber
  From:                0xf39fd6e51aad88f6f4ce6ab8827279cfffb92266
  To:                  0xe7f1725e7734ce288f8367e1bb143e90bb3f0512

[32meth_chainId[0m
[32meth_call[0m
  Contract call:       Challenge#isSearching
  From:                0xf39fd6e51aad88f6f4ce6ab8827279cfffb92266
  To:                  0xe7f1725e7734ce288f8367e1bb143e90bb3f0512

[32meth_chainId[0m
[32meth_accounts[0m
[32meth_call[0m
  Contract call:       Challenge#callWithTrieNodes
  From:                0xf39fd6e51aad88f6f4ce6ab8827279cfffb92266
  To:                  0xe7f1725e7734ce288f8367e1bb143e90bb3f0512

[32meth_blockNumber[0m
[32meth_chainId[0m
[32meth_chainId (2)[0m
[32meth_estimateGas[0m
[32meth_getBlockByNumber[0m
[32meth_feeHistory[0m
[32meth_sendTransaction[0m
  Contract call:       Challenge#denyStateTransition
  Transaction:         0x9d7f726625371a4aa1e01dd78654b539211ce97ce4b4107b3c7819b171f8941b
  From:                0xf39fd6e51aad88f6f4ce6ab8827279cfffb92266
  To:                  0xe7f1725e7734ce288f8367e1bb143e90bb3f0512
  Value:               0 ETH
  Gas used:            157142 of 157142
  Block #59:           0xf909b2a956e3ef20f7378ace7b403f6904f902a89ea3ad5d9362c324cc83d99a

[32meth_chainId[0m
[32meth_getTransactionByHash[0m
[32meth_chainId[0m
[32meth_getTransactionReceipt[0m
[32meth_chainId[0m
[32meth_accounts[0m
[32meth_blockNumber[0m
[32meth_chainId[0m
[32meth_chainId (2)[0m
[32meth_estimateGas[0m
[32meth_getBlockByNumber[0m
[32meth_feeHistory[0m
[32meth_sendTransaction[0m
  Contract deployment: MIPS
  Contract address:    0xfd471836031dc5108809d173a067e8486b9047a3
  Transaction:         0x63ff1d543a12dfa358d30d0e594edcff9c2785feb901bb6cc0dbf6aa9d5747fa
  From:                0xf39fd6e51aad88f6f4ce6ab8827279cfffb92266
  Value:               0 ETH
  Gas used:            5576934 of 5576934
  Block #60:           0x6e38e41993ee3cf9374baf56a2a9cf5225ce9c3d9092fe7a53e6996584ebd465

[32meth_chainId[0m
[32meth_getTransactionByHash[0m
[32meth_chainId[0m
[32meth_getTransactionReceipt[0m
[32meth_chainId[0m
[32meth_call[0m
  Contract call:       MIPS#m
  From:                0xf39fd6e51aad88f6f4ce6ab8827279cfffb92266
  To:                  0xfd471836031dc5108809d173a067e8486b9047a3

[32meth_accounts[0m
[32meth_accounts (2)[0m
[32meth_chainId[0m
[32meth_estimateGas[0m
[32meth_feeHistory[0m
[32meth_sendTransaction[0m
  Contract deployment: Challenge
  Contract address:    0xcbeaf3bde82155f56486fb5a1072cb8baaf547cc
  Transaction:         0xfca0190d444bbef2b13c7c7cd49c7f44f1541ab5e4a15c252338cb2795a79823
  From:                0xf39fd6e51aad88f6f4ce6ab8827279cfffb92266
  Value:               0 ETH
  Gas used:            1323271 of 1323271
  Block #61:           0x80506e2439481ee3a4232cc268bb952b8abf93f4c9e3f1f270741fd27728bbce

[32meth_chainId[0m
[32meth_getTransactionByHash[0m
[32meth_chainId[0m
[32meth_accounts[0m
[32meth_accounts (2)[0m
[32meth_accounts (3)[0m
[32meth_chainId[0m
[32meth_accounts[0m
[31meth_call[0m
  Contract call:       Challenge#callWithTrieNodes
  From:                0xf39fd6e51aad88f6f4ce6ab8827279cfffb92266
  To:                  0xcbeaf3bde82155f56486fb5a1072cb8baaf547cc

  Error: reverted with reason string '2dca86ebbd9708777ce54e5e453ba3ed067dcf9184758deaf8129ec810df5408'

[32meth_chainId[0m
[31meth_call[0m
  Contract call:       Challenge#callWithTrieNodes
  From:                0xf39fd6e51aad88f6f4ce6ab8827279cfffb92266
  To:                  0xcbeaf3bde82155f56486fb5a1072cb8baaf547cc

  Error: reverted with reason string '0cb33735f7ae2e24b34e0267ae8ce1bcea9aa350f9cb686cbf35ffff2fcf14e1'

[32meth_chainId[0m
[31meth_call[0m
  Contract call:       Challenge#callWithTrieNodes
  From:                0xf39fd6e51aad88f6f4ce6ab8827279cfffb92266
  To:                  0xcbeaf3bde82155f56486fb5a1072cb8baaf547cc

  Error: reverted with reason string '9bb51ad8a54c6bad5c6b92b11b8a1b3db6a7d91f8c26a84213e3822e086a531a'

[32meth_chainId[0m
[31meth_call[0m
  Contract call:       Challenge#callWithTrieNodes
  From:                0xf39fd6e51aad88f6f4ce6ab8827279cfffb92266
  To:                  0xcbeaf3bde82155f56486fb5a1072cb8baaf547cc

  Error: reverted with reason string '3da91779b428565a1c6157e87bde41b635323378d1fb3b339d3f64b4d348d5b8'

[32meth_chainId[0m
[31meth_call[0m
  Contract call:       Challenge#callWithTrieNodes
  From:                0xf39fd6e51aad88f6f4ce6ab8827279cfffb92266
  To:                  0xcbeaf3bde82155f56486fb5a1072cb8baaf547cc

  Error: reverted with reason string 'f00dde62ba26b9d32bba67f507be19830db86252a9504bc895a4561e38d2cc9c'

[32meth_chainId[0m
[31meth_call[0m
  Contract call:       Challenge#callWithTrieNodes
  From:                0xf39fd6e51aad88f6f4ce6ab8827279cfffb92266
  To:                  0xcbeaf3bde82155f56486fb5a1072cb8baaf547cc

  Error: reverted with reason string 'b2f0f022eede30dc2b0aafca45a947f0148fd2b7eb11e37cdaf7973053e92471'

[32meth_chainId[0m
[31meth_call[0m
  Contract call:       Challenge#callWithTrieNodes
  From:                0xf39fd6e51aad88f6f4ce6ab8827279cfffb92266
  To:                  0xcbeaf3bde82155f56486fb5a1072cb8baaf547cc

  Error: reverted with reason string 'ea1731a24032d2823ffd2436db589f7a8b5413bd0cdc5d4995e7fce5f5b9f290'

[32meth_chainId[0m
[32meth_call[0m
  Contract call:       Challenge#callWithTrieNodes
  From:                0xf39fd6e51aad88f6f4ce6ab8827279cfffb92266
  To:                  0xcbeaf3bde82155f56486fb5a1072cb8baaf547cc

[32meth_blockNumber[0m
[32meth_chainId[0m
[32meth_chainId (2)[0m
[32meth_estimateGas[0m
[32meth_getBlockByNumber[0m
[32meth_feeHistory[0m
[32meth_sendTransaction[0m
  Contract call:       MIPSMemory#AddTrieNode
  Transaction:         0x5d396845bc41cb01828f5460c86d3fc031a96452a1fcd06dbd97432c51b0f74e
  From:                0xf39fd6e51aad88f6f4ce6ab8827279cfffb92266
  To:                  0x3063527aee58c9470ad00e31e4fc6a613b84a8b1
  Value:               0 ETH
  Gas used:            135059 of 135059
  Block #62:           0x91c860352a115f3d5c7059fd8028f8555a7eea269381aa89a583bbba9c78c2d9

[32meth_chainId[0m
[32meth_getTransactionByHash[0m
[32meth_chainId[0m
[32meth_estimateGas[0m
[32meth_feeHistory[0m
[32meth_sendTransaction[0m
  Contract call:       MIPSMemory#AddTrieNode
  Transaction:         0x51a476d6e3af373fdebc7cb6e1a80494abe64790505d5b0a8c397c018a64e83a
  From:                0xf39fd6e51aad88f6f4ce6ab8827279cfffb92266
  To:                  0x3063527aee58c9470ad00e31e4fc6a613b84a8b1
  Value:               0 ETH
  Gas used:            89503 of 89503
  Block #63:           0xd6efecf86ec9105e8e623c38ff80353c37d7f8366df9a57eb5d4b0308eaa6cec

[32meth_chainId[0m
[32meth_getTransactionByHash[0m
[32meth_chainId[0m
[32meth_estimateGas[0m
[32meth_feeHistory[0m
[32meth_sendTransaction[0m
  Contract call:       MIPSMemory#AddTrieNode
  Transaction:         0xe587740b6ee4770232cd8db912735508179c2d9c441f1187d9e83bfbca2cd390
  From:                0xf39fd6e51aad88f6f4ce6ab8827279cfffb92266
  To:                  0x3063527aee58c9470ad00e31e4fc6a613b84a8b1
  Value:               0 ETH
  Gas used:            135071 of 135071
  Block #64:           0x91ac1da5bd768c325e2831a70788ee75cf97361065f6efcfd336498cb1f81aec

[32meth_chainId[0m
[32meth_getTransactionByHash[0m
[32meth_chainId[0m
[32meth_estimateGas[0m
[32meth_feeHistory[0m
[32meth_sendTransaction[0m
  Contract call:       MIPSMemory#AddTrieNode
  Transaction:         0xfbb1a0ac561be8f2066cb432cf2fa84d5090355a0ad5fddae19e3147dd714807
  From:                0xf39fd6e51aad88f6f4ce6ab8827279cfffb92266
  To:                  0x3063527aee58c9470ad00e31e4fc6a613b84a8b1
  Value:               0 ETH
  Gas used:            89443 of 89443
  Block #65:           0x212d85e7b19c23bce5f8e7075cf2b1de4eb7fae64267b82276baa432c7d5f355

[32meth_chainId[0m
[32meth_getTransactionByHash[0m
[32meth_chainId[0m
[32meth_estimateGas[0m
[32meth_feeHistory[0m
[32meth_sendTransaction[0m
  Contract call:       MIPSMemory#AddTrieNode
  Transaction:         0x1a8aeac1547f3eb499bea864f99d71ea57b4e26d5efb8285e4f989398d4e2c3a
  From:                0xf39fd6e51aad88f6f4ce6ab8827279cfffb92266
  To:                  0x3063527aee58c9470ad00e31e4fc6a613b84a8b1
  Value:               0 ETH
  Gas used:            157753 of 157753
  Block #66:           0xf468c8d7952a263597b65cbd5cfd393190aa885947b168233e0999302bc4ec84

[32meth_chainId[0m
[32meth_getTransactionByHash[0m
[32meth_chainId[0m
[32meth_estimateGas[0m
[32meth_feeHistory[0m
[32meth_sendTransaction[0m
  Contract call:       MIPSMemory#AddTrieNode
  Transaction:         0xf7500840337d69eb0c748c8a21ab93bf8c921cf178bbd083a6ee2f0e51f013af
  From:                0xf39fd6e51aad88f6f4ce6ab8827279cfffb92266
  To:                  0x3063527aee58c9470ad00e31e4fc6a613b84a8b1
  Value:               0 ETH
  Gas used:            135167 of 135167
  Block #67:           0x05b326504535c1125920e17eec99fbc907f07786ce6d836e6a10b39372d97a91

[32meth_chainId[0m
[32meth_getTransactionByHash[0m
[32meth_chainId[0m
[32meth_estimateGas[0m
[32meth_feeHistory[0m
[32meth_sendTransaction[0m
  Contract call:       MIPSMemory#AddTrieNode
  Transaction:         0x5690f7d1e2c08ad78944d14b1d3c4248a076988e0a007b1da41a691c88db86da
  From:                0xf39fd6e51aad88f6f4ce6ab8827279cfffb92266
  To:                  0x3063527aee58c9470ad00e31e4fc6a613b84a8b1
  Value:               0 ETH
  Gas used:            89383 of 89383
  Block #68:           0x225e7b44a8adee9efbb96b6b4f3706c7a99b92b28b0a414ad8e8d77c97f77aa4

[32meth_chainId[0m
[32meth_getTransactionByHash[0m
[32meth_chainId[0m
[32meth_estimateGas[0m
[32meth_feeHistory[0m
[32meth_sendTransaction[0m
  Contract call:       Challenge#initiatePureComputationChallenge
  Transaction:         0x770b048f3cddcfaa6ddb3284a9b98da59c54e2dc385f3638841b9025a514402d
  From:                0xf39fd6e51aad88f6f4ce6ab8827279cfffb92266
  To:                  0xcbeaf3bde82155f56486fb5a1072cb8baaf547cc
  Value:               0 ETH
  Gas used:            536480 of 536480
  Block #69:           0xc633a995409527b86ac987ec7a593f7fbf3d5195944241f448f3df941a5edcc9

[32meth_chainId[0m
[32meth_getTransactionByHash[0m
[32meth_chainId[0m
[32meth_getTransactionReceipt[0m
[32meth_chainId[0m
[32meth_accounts[0m
[32meth_accounts (2)[0m
[32meth_accounts (3)[0m
[32meth_chainId[0m
[32meth_call[0m
  Contract call:       Challenge#getStepNumber
  From:                0xf39fd6e51aad88f6f4ce6ab8827279cfffb92266
  To:                  0xcbeaf3bde82155f56486fb5a1072cb8baaf547cc

[32meth_chainId[0m
[32meth_call[0m
  Contract call:       Challenge#isSearching
  From:                0xf39fd6e51aad88f6f4ce6ab8827279cfffb92266
  To:                  0xcbeaf3bde82155f56486fb5a1072cb8baaf547cc

[32meth_chainId[0m
[32meth_call[0m
  Contract call:       Challenge#getProposedState
  From:                0xf39fd6e51aad88f6f4ce6ab8827279cfffb92266
  To:                  0xcbeaf3bde82155f56486fb5a1072cb8baaf547cc

[32meth_blockNumber[0m
[32meth_chainId[0m
[32meth_chainId (2)[0m
[32meth_estimateGas[0m
[32meth_getBlockByNumber[0m
[32meth_feeHistory[0m
[32meth_sendTransaction[0m
  Contract call:       Challenge#proposeState
  Transaction:         0xcc2db2c5a86d7c0ccb01903e9d9c9c694e109aafdb5dc72e7fd8b3972d053086
  From:                0xf39fd6e51aad88f6f4ce6ab8827279cfffb92266
  To:                  0xcbeaf3bde82155f56486fb5a1072cb8baaf547cc
  Value:               0 ETH
  Gas used:            51634 of 51634
  Block #70:           0x25a36ab90de2794636d071f964fea3689227cccec9cdcba3fce6bea51a98a6d8

[32meth_chainId[0m
[32meth_getTransactionByHash[0m
[32meth_chainId[0m
[32meth_getTransactionReceipt[0m
[32meth_chainId[0m
[32meth_accounts[0m
[32meth_accounts (2)[0m
[32meth_accounts (3)[0m
[32meth_chainId[0m
[32meth_call[0m
  Contract call:       Challenge#getStepNumber
  From:                0xf39fd6e51aad88f6f4ce6ab8827279cfffb92266
  To:                  0xcbeaf3bde82155f56486fb5a1072cb8baaf547cc

[32meth_chainId[0m
[32meth_call[0m
  Contract call:       Challenge#isSearching
  From:                0xf39fd6e51aad88f6f4ce6ab8827279cfffb92266
  To:                  0xcbeaf3bde82155f56486fb5a1072cb8baaf547cc

[32meth_chainId[0m
[32meth_call[0m
  Contract call:       Challenge#getProposedState
  From:                0xf39fd6e51aad88f6f4ce6ab8827279cfffb92266
  To:                  0xcbeaf3bde82155f56486fb5a1072cb8baaf547cc

[32meth_blockNumber[0m
[32meth_chainId[0m
[32meth_chainId (2)[0m
[32meth_estimateGas[0m
[32meth_getBlockByNumber[0m
[32meth_feeHistory[0m
[32meth_sendTransaction[0m
  Contract call:       Challenge#respondState
  Transaction:         0xa1f37e8948d1fb28432e023d29b5a9f62a093595af9d6cf7fe4f71e97be25ebe
  From:                0xf39fd6e51aad88f6f4ce6ab8827279cfffb92266
  To:                  0xcbeaf3bde82155f56486fb5a1072cb8baaf547cc
  Value:               0 ETH
  Gas used:            73939 of 73939
  Block #71:           0x2e7c58a3e66f6791936e4f7808ceb73c16a6990e0dd9ad9e1913c3dafdd1b406

[32meth_chainId[0m
[32meth_getTransactionByHash[0m
[32meth_chainId[0m
[32meth_getTransactionReceipt[0m
[32meth_chainId[0m
[32meth_accounts[0m
[32meth_accounts (2)[0m
[32meth_accounts (3)[0m
[32meth_chainId[0m
[32meth_call[0m
  Contract call:       Challenge#getStepNumber
  From:                0xf39fd6e51aad88f6f4ce6ab8827279cfffb92266
  To:                  0xcbeaf3bde82155f56486fb5a1072cb8baaf547cc

[32meth_chainId[0m
[32meth_call[0m
  Contract call:       Challenge#isSearching
  From:                0xf39fd6e51aad88f6f4ce6ab8827279cfffb92266
  To:                  0xcbeaf3bde82155f56486fb5a1072cb8baaf547cc

[32meth_chainId[0m
[32meth_call[0m
  Contract call:       Challenge#getProposedState
  From:                0xf39fd6e51aad88f6f4ce6ab8827279cfffb92266
  To:                  0xcbeaf3bde82155f56486fb5a1072cb8baaf547cc

[32meth_blockNumber[0m
[32meth_chainId[0m
[32meth_chainId (2)[0m
[32meth_estimateGas[0m
[32meth_getBlockByNumber[0m
[32meth_feeHistory[0m
[32meth_sendTransaction[0m
  Contract call:       Challenge#proposeState
  Transaction:         0xf53d2ee36ff4074a3e2d9890d8a555f017ec3f640c700f5fc0d7813186fad986
  From:                0xf39fd6e51aad88f6f4ce6ab8827279cfffb92266
  To:                  0xcbeaf3bde82155f56486fb5a1072cb8baaf547cc
  Value:               0 ETH
  Gas used:            51634 of 51634
  Block #72:           0x741e848c8649b610d29cffa42d8fe1859befd76e30cfa5a9b0ade2f2ee70723e

[32meth_chainId[0m
[32meth_getTransactionByHash[0m
[32meth_chainId[0m
[32meth_getTransactionReceipt[0m
[32meth_chainId[0m
[32meth_accounts[0m
[32meth_accounts (2)[0m
[32meth_accounts (3)[0m
[32meth_chainId[0m
[32meth_call[0m
  Contract call:       Challenge#getStepNumber
  From:                0xf39fd6e51aad88f6f4ce6ab8827279cfffb92266
  To:                  0xcbeaf3bde82155f56486fb5a1072cb8baaf547cc

[32meth_chainId[0m
[32meth_call[0m
  Contract call:       Challenge#isSearching
  From:                0xf39fd6e51aad88f6f4ce6ab8827279cfffb92266
  To:                  0xcbeaf3bde82155f56486fb5a1072cb8baaf547cc

[32meth_chainId[0m
[32meth_call[0m
  Contract call:       Challenge#getProposedState
  From:                0xf39fd6e51aad88f6f4ce6ab8827279cfffb92266
  To:                  0xcbeaf3bde82155f56486fb5a1072cb8baaf547cc

[32meth_blockNumber[0m
[32meth_chainId[0m
[32meth_chainId (2)[0m
[32meth_estimateGas[0m
[32meth_getBlockByNumber[0m
[32meth_feeHistory[0m
[32meth_sendTransaction[0m
  Contract call:       Challenge#respondState
  Transaction:         0x845b98b0034ace14050567da0dc94d022200ddd879b16660fdf06ebe65cefa6e
  From:                0xf39fd6e51aad88f6f4ce6ab8827279cfffb92266
  To:                  0xcbeaf3bde82155f56486fb5a1072cb8baaf547cc
  Value:               0 ETH
  Gas used:            56839 of 56839
  Block #73:           0x070945f30559ff2b9aa05e8deb3184cf885ec8b27b53c6b9cbf6d1d67d4ddf66

[32meth_chainId[0m
[32meth_getTransactionByHash[0m
[32meth_chainId[0m
[32meth_getTransactionReceipt[0m
[32meth_chainId[0m
[32meth_accounts[0m
[32meth_accounts (2)[0m
[32meth_accounts (3)[0m
[32meth_chainId[0m
[32meth_call[0m
  Contract call:       Challenge#getStepNumber
  From:                0xf39fd6e51aad88f6f4ce6ab8827279cfffb92266
  To:                  0xcbeaf3bde82155f56486fb5a1072cb8baaf547cc

[32meth_chainId[0m
[32meth_call[0m
  Contract call:       Challenge#isSearching
  From:                0xf39fd6e51aad88f6f4ce6ab8827279cfffb92266
  To:                  0xcbeaf3bde82155f56486fb5a1072cb8baaf547cc

[32meth_chainId[0m
[32meth_call[0m
  Contract call:       Challenge#getProposedState
  From:                0xf39fd6e51aad88f6f4ce6ab8827279cfffb92266
  To:                  0xcbeaf3bde82155f56486fb5a1072cb8baaf547cc

[32meth_blockNumber[0m
[32meth_chainId[0m
[32meth_chainId (2)[0m
[32meth_estimateGas[0m
[32meth_getBlockByNumber[0m
[32meth_feeHistory[0m
[32meth_sendTransaction[0m
  Contract call:       Challenge#proposeState
  Transaction:         0x18a936bfc444b0bd45bc477e0f7065bffd1d34841127f93046f88849d0151494
  From:                0xf39fd6e51aad88f6f4ce6ab8827279cfffb92266
  To:                  0xcbeaf3bde82155f56486fb5a1072cb8baaf547cc
  Value:               0 ETH
  Gas used:            51634 of 51634
  Block #74:           0x8231bf068bbb911543dd61269753c78bbb2fc6d3d2cc17b334e69841ec3aa11e

[32meth_chainId[0m
[32meth_getTransactionByHash[0m
[32meth_chainId[0m
[32meth_getTransactionReceipt[0m
[32meth_chainId[0m
[32meth_accounts[0m
[32meth_accounts (2)[0m
[32meth_accounts (3)[0m
[32meth_chainId[0m
[32meth_call[0m
  Contract call:       Challenge#getStepNumber
  From:                0xf39fd6e51aad88f6f4ce6ab8827279cfffb92266
  To:                  0xcbeaf3bde82155f56486fb5a1072cb8baaf547cc

[32meth_chainId[0m
[32meth_call[0m
  Contract call:       Challenge#isSearching
  From:                0xf39fd6e51aad88f6f4ce6ab8827279cfffb92266
  To:                  0xcbeaf3bde82155f56486fb5a1072cb8baaf547cc

[32meth_chainId[0m
[32meth_call[0m
  Contract call:       Challenge#getProposedState
  From:                0xf39fd6e51aad88f6f4ce6ab8827279cfffb92266
  To:                  0xcbeaf3bde82155f56486fb5a1072cb8baaf547cc

[32meth_blockNumber[0m
[32meth_chainId[0m
[32meth_chainId (2)[0m
[32meth_estimateGas[0m
[32meth_getBlockByNumber[0m
[32meth_feeHistory[0m
[32meth_sendTransaction[0m
  Contract call:       Challenge#respondState
  Transaction:         0xd402893d6ff5dbc6d0ee4267d66386e7054884e0a1559e64583c89794ae65acf
  From:                0xf39fd6e51aad88f6f4ce6ab8827279cfffb92266
  To:                  0xcbeaf3bde82155f56486fb5a1072cb8baaf547cc
  Value:               0 ETH
  Gas used:            56839 of 56839
  Block #75:           0x7f981644142c59f29ad1a63b3ade98582e28b0538e6a65eb0bfd264ddc9ce244

[32meth_chainId[0m
[32meth_getTransactionByHash[0m
[32meth_chainId[0m
[32meth_getTransactionReceipt[0m
[32meth_chainId[0m
[32meth_accounts[0m
[32meth_accounts (2)[0m
[32meth_accounts (3)[0m
[32meth_chainId[0m
[32meth_call[0m
  Contract call:       Challenge#getStepNumber
  From:                0xf39fd6e51aad88f6f4ce6ab8827279cfffb92266
  To:                  0xcbeaf3bde82155f56486fb5a1072cb8baaf547cc

[32meth_chainId[0m
[32meth_call[0m
  Contract call:       Challenge#isSearching
  From:                0xf39fd6e51aad88f6f4ce6ab8827279cfffb92266
  To:                  0xcbeaf3bde82155f56486fb5a1072cb8baaf547cc

[32meth_chainId[0m
[32meth_call[0m
  Contract call:       Challenge#getProposedState
  From:                0xf39fd6e51aad88f6f4ce6ab8827279cfffb92266
  To:                  0xcbeaf3bde82155f56486fb5a1072cb8baaf547cc

[32meth_blockNumber[0m
[32meth_chainId[0m
[32meth_chainId (2)[0m
[32meth_estimateGas[0m
[32meth_getBlockByNumber[0m
[32meth_feeHistory[0m
[32meth_sendTransaction[0m
  Contract call:       Challenge#proposeState
  Transaction:         0xa0eb3b1a424c8d3011f736a56e30fa62151eaa696b83b9aeee70e5058671726d
  From:                0xf39fd6e51aad88f6f4ce6ab8827279cfffb92266
  To:                  0xcbeaf3bde82155f56486fb5a1072cb8baaf547cc
  Value:               0 ETH
  Gas used:            51634 of 51634
  Block #76:           0xfbec7c433dcfd0a3c853e956ccf1b9a2f7b91dbb64477b38ca7c7004be100f5d

[32meth_chainId[0m
[32meth_getTransactionByHash[0m
[32meth_chainId[0m
[32meth_getTransactionReceipt[0m
[32meth_chainId[0m
[32meth_accounts[0m
[32meth_accounts (2)[0m
[32meth_accounts (3)[0m
[32meth_chainId[0m
[32meth_call[0m
  Contract call:       Challenge#getStepNumber
  From:                0xf39fd6e51aad88f6f4ce6ab8827279cfffb92266
  To:                  0xcbeaf3bde82155f56486fb5a1072cb8baaf547cc

[32meth_chainId[0m
[32meth_call[0m
  Contract call:       Challenge#isSearching
  From:                0xf39fd6e51aad88f6f4ce6ab8827279cfffb92266
  To:                  0xcbeaf3bde82155f56486fb5a1072cb8baaf547cc

[32meth_chainId[0m
[32meth_call[0m
  Contract call:       Challenge#getProposedState
  From:                0xf39fd6e51aad88f6f4ce6ab8827279cfffb92266
  To:                  0xcbeaf3bde82155f56486fb5a1072cb8baaf547cc

[32meth_blockNumber[0m
[32meth_chainId[0m
[32meth_chainId (2)[0m
[32meth_estimateGas[0m
[32meth_getBlockByNumber[0m
[32meth_feeHistory[0m
[32meth_sendTransaction[0m
  Contract call:       Challenge#respondState
  Transaction:         0x3ba41467c7a1084ace6d494fc5b204af002edbae197d9b76934c4a0ade0f83d8
  From:                0xf39fd6e51aad88f6f4ce6ab8827279cfffb92266
  To:                  0xcbeaf3bde82155f56486fb5a1072cb8baaf547cc
  Value:               0 ETH
  Gas used:            56839 of 56839
  Block #77:           0x9e38bf6db883b3fcd636396382ad2085767f37c471b941df42325187a5c23bce

[32meth_chainId[0m
[32meth_getTransactionByHash[0m
[32meth_chainId[0m
[32meth_getTransactionReceipt[0m
[32meth_chainId[0m
[32meth_accounts[0m
[32meth_accounts (2)[0m
[32meth_accounts (3)[0m
[32meth_chainId[0m
[32meth_call[0m
  Contract call:       Challenge#getStepNumber
  From:                0xf39fd6e51aad88f6f4ce6ab8827279cfffb92266
  To:                  0xcbeaf3bde82155f56486fb5a1072cb8baaf547cc

[32meth_chainId[0m
[32meth_call[0m
  Contract call:       Challenge#isSearching
  From:                0xf39fd6e51aad88f6f4ce6ab8827279cfffb92266
  To:                  0xcbeaf3bde82155f56486fb5a1072cb8baaf547cc

[32meth_chainId[0m
[32meth_call[0m
  Contract call:       Challenge#getProposedState
  From:                0xf39fd6e51aad88f6f4ce6ab8827279cfffb92266
  To:                  0xcbeaf3bde82155f56486fb5a1072cb8baaf547cc

[32meth_blockNumber[0m
[32meth_chainId[0m
[32meth_chainId (2)[0m
[32meth_estimateGas[0m
[32meth_getBlockByNumber[0m
[32meth_feeHistory[0m
[32meth_sendTransaction[0m
  Contract call:       Challenge#proposeState
  Transaction:         0xe12dc8523f4078f13ff99a740425607600e57517c589d79594f81a52402b2e0e
  From:                0xf39fd6e51aad88f6f4ce6ab8827279cfffb92266
  To:                  0xcbeaf3bde82155f56486fb5a1072cb8baaf547cc
  Value:               0 ETH
  Gas used:            51634 of 51634
  Block #78:           0x98bf82c68e16dd2e78c52fef90bb712b8786ed29a9d0fe37dcf4ce9f30d80b17

[32meth_chainId[0m
[32meth_getTransactionByHash[0m
[32meth_chainId[0m
[32meth_getTransactionReceipt[0m
[32meth_chainId[0m
[32meth_accounts[0m
[32meth_accounts (2)[0m
[32meth_accounts (3)[0m
[32meth_chainId[0m
[32meth_call[0m
  Contract call:       Challenge#getStepNumber
  From:                0xf39fd6e51aad88f6f4ce6ab8827279cfffb92266
  To:                  0xcbeaf3bde82155f56486fb5a1072cb8baaf547cc

[32meth_chainId[0m
[32meth_call[0m
  Contract call:       Challenge#isSearching
  From:                0xf39fd6e51aad88f6f4ce6ab8827279cfffb92266
  To:                  0xcbeaf3bde82155f56486fb5a1072cb8baaf547cc

[32meth_chainId[0m
[32meth_call[0m
  Contract call:       Challenge#getProposedState
  From:                0xf39fd6e51aad88f6f4ce6ab8827279cfffb92266
  To:                  0xcbeaf3bde82155f56486fb5a1072cb8baaf547cc

[32meth_blockNumber[0m
[32meth_chainId[0m
[32meth_chainId (2)[0m
[32meth_estimateGas[0m
[32meth_getBlockByNumber[0m
[32meth_feeHistory[0m
[32meth_sendTransaction[0m
  Contract call:       Challenge#respondState
  Transaction:         0x0ca522102be3e07e9fd5e381c145f0d3e71a1757aaf18b2015a639f5dc569255
  From:                0xf39fd6e51aad88f6f4ce6ab8827279cfffb92266
  To:                  0xcbeaf3bde82155f56486fb5a1072cb8baaf547cc
  Value:               0 ETH
  Gas used:            56839 of 56839
  Block #79:           0xe1d72db97a530d7b629a1a770b9f7393cbabcb34a322427a59c06350e05afb92

[32meth_chainId[0m
[32meth_getTransactionByHash[0m
[32meth_chainId[0m
[32meth_getTransactionReceipt[0m
[32meth_chainId[0m
[32meth_accounts[0m
[32meth_accounts (2)[0m
[32meth_accounts (3)[0m
[32meth_chainId[0m
[32meth_call[0m
  Contract call:       Challenge#getStepNumber
  From:                0xf39fd6e51aad88f6f4ce6ab8827279cfffb92266
  To:                  0xcbeaf3bde82155f56486fb5a1072cb8baaf547cc

[32meth_chainId[0m
[32meth_call[0m
  Contract call:       Challenge#isSearching
  From:                0xf39fd6e51aad88f6f4ce6ab8827279cfffb92266
  To:                  0xcbeaf3bde82155f56486fb5a1072cb8baaf547cc

[32meth_chainId[0m
[32meth_call[0m
  Contract call:       Challenge#getProposedState
  From:                0xf39fd6e51aad88f6f4ce6ab8827279cfffb92266
  To:                  0xcbeaf3bde82155f56486fb5a1072cb8baaf547cc

[32meth_blockNumber[0m
[32meth_chainId[0m
[32meth_chainId (2)[0m
[32meth_estimateGas[0m
[32meth_getBlockByNumber[0m
[32meth_feeHistory[0m
[32meth_sendTransaction[0m
  Contract call:       Challenge#proposeState
  Transaction:         0xd217c197ea1f134a8b8d9409a8ed83990cafa68da46742c249bd40495bfcac49
  From:                0xf39fd6e51aad88f6f4ce6ab8827279cfffb92266
  To:                  0xcbeaf3bde82155f56486fb5a1072cb8baaf547cc
  Value:               0 ETH
  Gas used:            51634 of 51634
  Block #80:           0x6c3e53cc711000c3d442cf155b6832a54abaeabf8834c010e3ffecb5042479a3

[32meth_chainId[0m
[32meth_getTransactionByHash[0m
[32meth_chainId[0m
[32meth_getTransactionReceipt[0m
[32meth_chainId[0m
[32meth_accounts[0m
[32meth_accounts (2)[0m
[32meth_accounts (3)[0m
[32meth_chainId[0m
[32meth_call[0m
  Contract call:       Challenge#getStepNumber
  From:                0xf39fd6e51aad88f6f4ce6ab8827279cfffb92266
  To:                  0xcbeaf3bde82155f56486fb5a1072cb8baaf547cc

[32meth_chainId[0m
[32meth_call[0m
  Contract call:       Challenge#isSearching
  From:                0xf39fd6e51aad88f6f4ce6ab8827279cfffb92266
  To:                  0xcbeaf3bde82155f56486fb5a1072cb8baaf547cc

[32meth_chainId[0m
[32meth_call[0m
  Contract call:       Challenge#getProposedState
  From:                0xf39fd6e51aad88f6f4ce6ab8827279cfffb92266
  To:                  0xcbeaf3bde82155f56486fb5a1072cb8baaf547cc

[32meth_blockNumber[0m
[32meth_chainId[0m
[32meth_chainId (2)[0m
[32meth_estimateGas[0m
[32meth_getBlockByNumber[0m
[32meth_feeHistory[0m
[32meth_sendTransaction[0m
  Contract call:       Challenge#respondState
  Transaction:         0x69b8ee682f99a47420332ef62deaa3779ac7e589cdfc41dbd69ff131a8c0d994
  From:                0xf39fd6e51aad88f6f4ce6ab8827279cfffb92266
  To:                  0xcbeaf3bde82155f56486fb5a1072cb8baaf547cc
  Value:               0 ETH
  Gas used:            56839 of 56839
  Block #81:           0x9043be8b85bffe55a82abe8f4fdddb36228535e218d122eb4e955935d86b3772

[32meth_chainId[0m
[32meth_getTransactionByHash[0m
[32meth_chainId[0m
[32meth_getTransactionReceipt[0m
[32meth_chainId[0m
[32meth_accounts[0m
[32meth_accounts (2)[0m
[32meth_accounts (3)[0m
[32meth_chainId[0m
[32meth_call[0m
  Contract call:       Challenge#getStepNumber
  From:                0xf39fd6e51aad88f6f4ce6ab8827279cfffb92266
  To:                  0xcbeaf3bde82155f56486fb5a1072cb8baaf547cc

[32meth_chainId[0m
[32meth_call[0m
  Contract call:       Challenge#isSearching
  From:                0xf39fd6e51aad88f6f4ce6ab8827279cfffb92266
  To:                  0xcbeaf3bde82155f56486fb5a1072cb8baaf547cc

[32meth_chainId[0m
[32meth_call[0m
  Contract call:       Challenge#getProposedState
  From:                0xf39fd6e51aad88f6f4ce6ab8827279cfffb92266
  To:                  0xcbeaf3bde82155f56486fb5a1072cb8baaf547cc

[32meth_blockNumber[0m
[32meth_chainId[0m
[32meth_chainId (2)[0m
[32meth_estimateGas[0m
[32meth_getBlockByNumber[0m
[32meth_feeHistory[0m
[32meth_sendTransaction[0m
  Contract call:       Challenge#proposeState
  Transaction:         0xe9d0c94478bec8703388d9807fcbe6654be3ff431354e19818fd08d109b8f016
  From:                0xf39fd6e51aad88f6f4ce6ab8827279cfffb92266
  To:                  0xcbeaf3bde82155f56486fb5a1072cb8baaf547cc
  Value:               0 ETH
  Gas used:            51634 of 51634
  Block #82:           0xd640c51d67c6b7583648aa92b2685f538757fad608c8a17e64acdef40c09e53d

[32meth_chainId[0m
[32meth_getTransactionByHash[0m
[32meth_chainId[0m
[32meth_getTransactionReceipt[0m
[32meth_chainId[0m
[32meth_accounts[0m
[32meth_accounts (2)[0m
[32meth_accounts (3)[0m
[32meth_chainId[0m
[32meth_call[0m
  Contract call:       Challenge#getStepNumber
  From:                0xf39fd6e51aad88f6f4ce6ab8827279cfffb92266
  To:                  0xcbeaf3bde82155f56486fb5a1072cb8baaf547cc

[32meth_chainId[0m
[32meth_call[0m
  Contract call:       Challenge#isSearching
  From:                0xf39fd6e51aad88f6f4ce6ab8827279cfffb92266
  To:                  0xcbeaf3bde82155f56486fb5a1072cb8baaf547cc

[32meth_chainId[0m
[32meth_call[0m
  Contract call:       Challenge#getProposedState
  From:                0xf39fd6e51aad88f6f4ce6ab8827279cfffb92266
  To:                  0xcbeaf3bde82155f56486fb5a1072cb8baaf547cc

[32meth_blockNumber[0m
[32meth_chainId[0m
[32meth_chainId (2)[0m
[32meth_estimateGas[0m
[32meth_getBlockByNumber[0m
[32meth_feeHistory[0m
[32meth_sendTransaction[0m
  Contract call:       Challenge#respondState
  Transaction:         0x172c849e4a824cc065764573635c433599cfd9ea2ef09f27012c435f15991090
  From:                0xf39fd6e51aad88f6f4ce6ab8827279cfffb92266
  To:                  0xcbeaf3bde82155f56486fb5a1072cb8baaf547cc
  Value:               0 ETH
  Gas used:            56839 of 56839
  Block #83:           0xee2308fbc28e84633c64d334ac0bf3439de3fc315484edfa98b80dc996f6b64c

[32meth_chainId[0m
[32meth_getTransactionByHash[0m
[32meth_chainId[0m
[32meth_getTransactionReceipt[0m
[32meth_chainId[0m
[32meth_accounts[0m
[32meth_accounts (2)[0m
[32meth_accounts (3)[0m
[32meth_chainId[0m
[32meth_call[0m
  Contract call:       Challenge#getStepNumber
  From:                0xf39fd6e51aad88f6f4ce6ab8827279cfffb92266
  To:                  0xcbeaf3bde82155f56486fb5a1072cb8baaf547cc

[32meth_chainId[0m
[32meth_call[0m
  Contract call:       Challenge#isSearching
  From:                0xf39fd6e51aad88f6f4ce6ab8827279cfffb92266
  To:                  0xcbeaf3bde82155f56486fb5a1072cb8baaf547cc

[32meth_chainId[0m
[32meth_call[0m
  Contract call:       Challenge#getProposedState
  From:                0xf39fd6e51aad88f6f4ce6ab8827279cfffb92266
  To:                  0xcbeaf3bde82155f56486fb5a1072cb8baaf547cc

[32meth_blockNumber[0m
[32meth_chainId[0m
[32meth_chainId (2)[0m
[32meth_estimateGas[0m
[32meth_getBlockByNumber[0m
[32meth_feeHistory[0m
[32meth_sendTransaction[0m
  Contract call:       Challenge#proposeState
  Transaction:         0xbebe1073ba812b99783d8f8dc145d57a3356ff7f5520fbb5f9f4c1797f6f6467
  From:                0xf39fd6e51aad88f6f4ce6ab8827279cfffb92266
  To:                  0xcbeaf3bde82155f56486fb5a1072cb8baaf547cc
  Value:               0 ETH
  Gas used:            51634 of 51634
  Block #84:           0x5241eaf870d56cfffbb3f28680fa581009798fb7ea2bac8ea3f129d2c588d738

[32meth_chainId[0m
[32meth_getTransactionByHash[0m
[32meth_chainId[0m
[32meth_getTransactionReceipt[0m
[32meth_chainId[0m
[32meth_accounts[0m
[32meth_accounts (2)[0m
[32meth_accounts (3)[0m
[32meth_chainId[0m
[32meth_call[0m
  Contract call:       Challenge#getStepNumber
  From:                0xf39fd6e51aad88f6f4ce6ab8827279cfffb92266
  To:                  0xcbeaf3bde82155f56486fb5a1072cb8baaf547cc

[32meth_chainId[0m
[32meth_call[0m
  Contract call:       Challenge#isSearching
  From:                0xf39fd6e51aad88f6f4ce6ab8827279cfffb92266
  To:                  0xcbeaf3bde82155f56486fb5a1072cb8baaf547cc

[32meth_chainId[0m
[32meth_call[0m
  Contract call:       Challenge#getProposedState
  From:                0xf39fd6e51aad88f6f4ce6ab8827279cfffb92266
  To:                  0xcbeaf3bde82155f56486fb5a1072cb8baaf547cc

[32meth_blockNumber[0m
[32meth_chainId[0m
[32meth_chainId (2)[0m
[32meth_estimateGas[0m
[32meth_getBlockByNumber[0m
[32meth_feeHistory[0m
[32meth_sendTransaction[0m
  Contract call:       Challenge#respondState
  Transaction:         0xb5ddee453dea1f3d769852d07e6b971f8c02eef4d14b09fa24dc282478674f20
  From:                0xf39fd6e51aad88f6f4ce6ab8827279cfffb92266
  To:                  0xcbeaf3bde82155f56486fb5a1072cb8baaf547cc
  Value:               0 ETH
  Gas used:            56839 of 56839
  Block #85:           0x4b71255c6929a6527d16efc265deecfb95e1fa14113605b1c924b3c85043b677

[32meth_chainId[0m
[32meth_getTransactionByHash[0m
[32meth_chainId[0m
[32meth_getTransactionReceipt[0m
[32meth_chainId[0m
[32meth_accounts[0m
[32meth_accounts (2)[0m
[32meth_accounts (3)[0m
[32meth_chainId[0m
[32meth_call[0m
  Contract call:       Challenge#getStepNumber
  From:                0xf39fd6e51aad88f6f4ce6ab8827279cfffb92266
  To:                  0xcbeaf3bde82155f56486fb5a1072cb8baaf547cc

[32meth_chainId[0m
[32meth_call[0m
  Contract call:       Challenge#isSearching
  From:                0xf39fd6e51aad88f6f4ce6ab8827279cfffb92266
  To:                  0xcbeaf3bde82155f56486fb5a1072cb8baaf547cc

[32meth_chainId[0m
[32meth_call[0m
  Contract call:       Challenge#getProposedState
  From:                0xf39fd6e51aad88f6f4ce6ab8827279cfffb92266
  To:                  0xcbeaf3bde82155f56486fb5a1072cb8baaf547cc

[32meth_blockNumber[0m
[32meth_chainId[0m
[32meth_chainId (2)[0m
[32meth_estimateGas[0m
[32meth_getBlockByNumber[0m
[32meth_feeHistory[0m
[32meth_sendTransaction[0m
  Contract call:       Challenge#proposeState
  Transaction:         0xb299f5d214e047a2e4ad72fb2e046f41b0963eafa117c319a55e5963ada470e2
  From:                0xf39fd6e51aad88f6f4ce6ab8827279cfffb92266
  To:                  0xcbeaf3bde82155f56486fb5a1072cb8baaf547cc
  Value:               0 ETH
  Gas used:            51634 of 51634
  Block #86:           0xf98015c93d9ed44f3b4d2657f80556b48cb17e1b092f21714528ed72356cfa62

[32meth_chainId[0m
[32meth_getTransactionByHash[0m
[32meth_chainId[0m
[32meth_getTransactionReceipt[0m
[32meth_chainId[0m
[32meth_accounts[0m
[32meth_accounts (2)[0m
[32meth_accounts (3)[0m
[32meth_chainId[0m
[32meth_call[0m
  Contract call:       Challenge#getStepNumber
  From:                0xf39fd6e51aad88f6f4ce6ab8827279cfffb92266
  To:                  0xcbeaf3bde82155f56486fb5a1072cb8baaf547cc

[32meth_chainId[0m
[32meth_call[0m
  Contract call:       Challenge#isSearching
  From:                0xf39fd6e51aad88f6f4ce6ab8827279cfffb92266
  To:                  0xcbeaf3bde82155f56486fb5a1072cb8baaf547cc

[32meth_chainId[0m
[32meth_call[0m
  Contract call:       Challenge#getProposedState
  From:                0xf39fd6e51aad88f6f4ce6ab8827279cfffb92266
  To:                  0xcbeaf3bde82155f56486fb5a1072cb8baaf547cc

[32meth_blockNumber[0m
[32meth_chainId[0m
[32meth_chainId (2)[0m
[32meth_estimateGas[0m
[32meth_getBlockByNumber[0m
[32meth_feeHistory[0m
[32meth_sendTransaction[0m
  Contract call:       Challenge#respondState
  Transaction:         0x55b323adbae8feea0977d5567821c88dd7c9648f5bd97541adbd74b1517eca7b
  From:                0xf39fd6e51aad88f6f4ce6ab8827279cfffb92266
  To:                  0xcbeaf3bde82155f56486fb5a1072cb8baaf547cc
  Value:               0 ETH
  Gas used:            56839 of 56839
  Block #87:           0x5fc439c8789107c166f3e8c6027db40dfc980e2d2ab0658c4bb351d4475a8483

[32meth_chainId[0m
[32meth_getTransactionByHash[0m
[32meth_chainId[0m
[32meth_getTransactionReceipt[0m
[32meth_chainId[0m
[32meth_accounts[0m
[32meth_accounts (2)[0m
[32meth_accounts (3)[0m
[32meth_chainId[0m
[32meth_call[0m
  Contract call:       Challenge#getStepNumber
  From:                0xf39fd6e51aad88f6f4ce6ab8827279cfffb92266
  To:                  0xcbeaf3bde82155f56486fb5a1072cb8baaf547cc

[32meth_chainId[0m
[32meth_call[0m
  Contract call:       Challenge#isSearching
  From:                0xf39fd6e51aad88f6f4ce6ab8827279cfffb92266
  To:                  0xcbeaf3bde82155f56486fb5a1072cb8baaf547cc

[32meth_chainId[0m
[32meth_call[0m
  Contract call:       Challenge#getProposedState
  From:                0xf39fd6e51aad88f6f4ce6ab8827279cfffb92266
  To:                  0xcbeaf3bde82155f56486fb5a1072cb8baaf547cc

[32meth_blockNumber[0m
[32meth_chainId[0m
[32meth_chainId (2)[0m
[32meth_estimateGas[0m
[32meth_getBlockByNumber[0m
[32meth_feeHistory[0m
[32meth_sendTransaction[0m
  Contract call:       Challenge#proposeState
  Transaction:         0x6c46302e6fc3fd34c3ffe62acd14c3b8d3cd13c9f57f113f7e574dc99be4ddc9
  From:                0xf39fd6e51aad88f6f4ce6ab8827279cfffb92266
  To:                  0xcbeaf3bde82155f56486fb5a1072cb8baaf547cc
  Value:               0 ETH
  Gas used:            51634 of 51634
  Block #88:           0x68e4059696f7990f74bb86cccb5d9d606df523c1676ca2cf3193f1f180b926e2

[32meth_chainId[0m
[32meth_getTransactionByHash[0m
[32meth_chainId[0m
[32meth_getTransactionReceipt[0m
[32meth_chainId[0m
[32meth_accounts[0m
[32meth_accounts (2)[0m
[32meth_accounts (3)[0m
[32meth_chainId[0m
[32meth_call[0m
  Contract call:       Challenge#getStepNumber
  From:                0xf39fd6e51aad88f6f4ce6ab8827279cfffb92266
  To:                  0xcbeaf3bde82155f56486fb5a1072cb8baaf547cc

[32meth_chainId[0m
[32meth_call[0m
  Contract call:       Challenge#isSearching
  From:                0xf39fd6e51aad88f6f4ce6ab8827279cfffb92266
  To:                  0xcbeaf3bde82155f56486fb5a1072cb8baaf547cc

[32meth_chainId[0m
[32meth_call[0m
  Contract call:       Challenge#getProposedState
  From:                0xf39fd6e51aad88f6f4ce6ab8827279cfffb92266
  To:                  0xcbeaf3bde82155f56486fb5a1072cb8baaf547cc

[32meth_blockNumber[0m
[32meth_chainId[0m
[32meth_chainId (2)[0m
[32meth_estimateGas[0m
[32meth_getBlockByNumber[0m
[32meth_feeHistory[0m
[32meth_sendTransaction[0m
  Contract call:       Challenge#respondState
  Transaction:         0x10ad0bf1f761364c49faf7b9d88b9ce2427777726ec83895ad3daea93ec11e3a
  From:                0xf39fd6e51aad88f6f4ce6ab8827279cfffb92266
  To:                  0xcbeaf3bde82155f56486fb5a1072cb8baaf547cc
  Value:               0 ETH
  Gas used:            56839 of 56839
  Block #89:           0x9e417dda46a7b602ec9e68fb9313818ee57609a3699d2508f1e506e9216bfc72

[32meth_chainId[0m
[32meth_getTransactionByHash[0m
[32meth_chainId[0m
[32meth_getTransactionReceipt[0m
[32meth_chainId[0m
[32meth_accounts[0m
[32meth_accounts (2)[0m
[32meth_accounts (3)[0m
[32meth_chainId[0m
[32meth_call[0m
  Contract call:       Challenge#getStepNumber
  From:                0xf39fd6e51aad88f6f4ce6ab8827279cfffb92266
  To:                  0xcbeaf3bde82155f56486fb5a1072cb8baaf547cc

[32meth_chainId[0m
[32meth_call[0m
  Contract call:       Challenge#isSearching
  From:                0xf39fd6e51aad88f6f4ce6ab8827279cfffb92266
  To:                  0xcbeaf3bde82155f56486fb5a1072cb8baaf547cc

[32meth_chainId[0m
[32meth_call[0m
  Contract call:       Challenge#getProposedState
  From:                0xf39fd6e51aad88f6f4ce6ab8827279cfffb92266
  To:                  0xcbeaf3bde82155f56486fb5a1072cb8baaf547cc

[32meth_blockNumber[0m
[32meth_chainId[0m
[32meth_chainId (2)[0m
[32meth_estimateGas[0m
[32meth_getBlockByNumber[0m
[32meth_feeHistory[0m
[32meth_sendTransaction[0m
  Contract call:       Challenge#proposeState
  Transaction:         0xf1e6b36369cf9085b348ad597deeb45a71438a2060a46d91f0a26f7343e65e0c
  From:                0xf39fd6e51aad88f6f4ce6ab8827279cfffb92266
  To:                  0xcbeaf3bde82155f56486fb5a1072cb8baaf547cc
  Value:               0 ETH
  Gas used:            51634 of 51634
  Block #90:           0x28bc44b1dc4f16e49db6633de6c0900d0ab12cd0e2e60690f0cd25eaff7645af

[32meth_chainId[0m
[32meth_getTransactionByHash[0m
[32meth_chainId[0m
[32meth_getTransactionReceipt[0m
[32meth_chainId[0m
[32meth_accounts[0m
[32meth_accounts (2)[0m
[32meth_accounts (3)[0m
[32meth_chainId[0m
[32meth_call[0m
  Contract call:       Challenge#getStepNumber
  From:                0xf39fd6e51aad88f6f4ce6ab8827279cfffb92266
  To:                  0xcbeaf3bde82155f56486fb5a1072cb8baaf547cc

[32meth_chainId[0m
[32meth_call[0m
  Contract call:       Challenge#isSearching
  From:                0xf39fd6e51aad88f6f4ce6ab8827279cfffb92266
  To:                  0xcbeaf3bde82155f56486fb5a1072cb8baaf547cc

[32meth_chainId[0m
[32meth_call[0m
  Contract call:       Challenge#getProposedState
  From:                0xf39fd6e51aad88f6f4ce6ab8827279cfffb92266
  To:                  0xcbeaf3bde82155f56486fb5a1072cb8baaf547cc

[32meth_blockNumber[0m
[32meth_chainId[0m
[32meth_chainId (2)[0m
[32meth_estimateGas[0m
[32meth_getBlockByNumber[0m
[32meth_feeHistory[0m
[32meth_sendTransaction[0m
  Contract call:       Challenge#respondState
  Transaction:         0x5be8f2b97de1c2fa91ba663248944f8b569def20abaab43c05d4fa9aa8e6480f
  From:                0xf39fd6e51aad88f6f4ce6ab8827279cfffb92266
  To:                  0xcbeaf3bde82155f56486fb5a1072cb8baaf547cc
  Value:               0 ETH
  Gas used:            56839 of 56839
  Block #91:           0x5de89f5d859e882965d60a53db2dc989c00ca59d4040b9d69c7be147d9b596fb

[32meth_chainId[0m
[32meth_getTransactionByHash[0m
[32meth_chainId[0m
[32meth_getTransactionReceipt[0m
[32meth_chainId[0m
[32meth_accounts[0m
[32meth_accounts (2)[0m
[32meth_accounts (3)[0m
[32meth_chainId[0m
[32meth_call[0m
  Contract call:       Challenge#getStepNumber
  From:                0xf39fd6e51aad88f6f4ce6ab8827279cfffb92266
  To:                  0xcbeaf3bde82155f56486fb5a1072cb8baaf547cc

[32meth_chainId[0m
[32meth_call[0m
  Contract call:       Challenge#isSearching
  From:                0xf39fd6e51aad88f6f4ce6ab8827279cfffb92266
  To:                  0xcbeaf3bde82155f56486fb5a1072cb8baaf547cc

[32meth_chainId[0m
[32meth_call[0m
  Contract call:       Challenge#getProposedState
  From:                0xf39fd6e51aad88f6f4ce6ab8827279cfffb92266
  To:                  0xcbeaf3bde82155f56486fb5a1072cb8baaf547cc

[32meth_blockNumber[0m
[32meth_chainId[0m
[32meth_chainId (2)[0m
[32meth_estimateGas[0m
[32meth_getBlockByNumber[0m
[32meth_feeHistory[0m
[32meth_sendTransaction[0m
  Contract call:       Challenge#proposeState
  Transaction:         0x14146475908afa4a3230c7509f4211580327057a16776f94a6e7b10706471526
  From:                0xf39fd6e51aad88f6f4ce6ab8827279cfffb92266
  To:                  0xcbeaf3bde82155f56486fb5a1072cb8baaf547cc
  Value:               0 ETH
  Gas used:            51634 of 51634
  Block #92:           0x16a567dc3d853c9620ee18afa0529928eb09c4c9bb64ef2576813f911096de82

[32meth_chainId[0m
[32meth_getTransactionByHash[0m
[32meth_chainId[0m
[32meth_getTransactionReceipt[0m
[32meth_chainId[0m
[32meth_accounts[0m
[32meth_accounts (2)[0m
[32meth_accounts (3)[0m
[32meth_chainId[0m
[32meth_call[0m
  Contract call:       Challenge#getStepNumber
  From:                0xf39fd6e51aad88f6f4ce6ab8827279cfffb92266
  To:                  0xcbeaf3bde82155f56486fb5a1072cb8baaf547cc

[32meth_chainId[0m
[32meth_call[0m
  Contract call:       Challenge#isSearching
  From:                0xf39fd6e51aad88f6f4ce6ab8827279cfffb92266
  To:                  0xcbeaf3bde82155f56486fb5a1072cb8baaf547cc

[32meth_chainId[0m
[32meth_call[0m
  Contract call:       Challenge#getProposedState
  From:                0xf39fd6e51aad88f6f4ce6ab8827279cfffb92266
  To:                  0xcbeaf3bde82155f56486fb5a1072cb8baaf547cc

[32meth_blockNumber[0m
[32meth_chainId[0m
[32meth_chainId (2)[0m
[32meth_estimateGas[0m
[32meth_getBlockByNumber[0m
[32meth_feeHistory[0m
[32meth_sendTransaction[0m
  Contract call:       Challenge#respondState
  Transaction:         0xc47187f58ffcbc01833909f28252a5bd1f237d79a58f4b6bcd850b4072eb7743
  From:                0xf39fd6e51aad88f6f4ce6ab8827279cfffb92266
  To:                  0xcbeaf3bde82155f56486fb5a1072cb8baaf547cc
  Value:               0 ETH
  Gas used:            56839 of 56839
  Block #93:           0xb0a8e59b0ef0eb51eedf3779a43d3de7e2266432c1ff5975429dca9496c1a256

[32meth_chainId[0m
[32meth_getTransactionByHash[0m
[32meth_chainId[0m
[32meth_getTransactionReceipt[0m
[32meth_chainId[0m
[32meth_accounts[0m
[32meth_accounts (2)[0m
[32meth_accounts (3)[0m
[32meth_chainId[0m
[32meth_call[0m
  Contract call:       Challenge#getStepNumber
  From:                0xf39fd6e51aad88f6f4ce6ab8827279cfffb92266
  To:                  0xcbeaf3bde82155f56486fb5a1072cb8baaf547cc

[32meth_chainId[0m
[32meth_call[0m
  Contract call:       Challenge#isSearching
  From:                0xf39fd6e51aad88f6f4ce6ab8827279cfffb92266
  To:                  0xcbeaf3bde82155f56486fb5a1072cb8baaf547cc

[32meth_chainId[0m
[32meth_call[0m
  Contract call:       Challenge#getProposedState
  From:                0xf39fd6e51aad88f6f4ce6ab8827279cfffb92266
  To:                  0xcbeaf3bde82155f56486fb5a1072cb8baaf547cc

[32meth_blockNumber[0m
[32meth_chainId[0m
[32meth_chainId (2)[0m
[32meth_estimateGas[0m
[32meth_getBlockByNumber[0m
[32meth_feeHistory[0m
[32meth_sendTransaction[0m
  Contract call:       Challenge#proposeState
  Transaction:         0x6a5c273f3eaccf068f9c08ec09ff8889724ef6481ef194e7f28e969839e8ced0
  From:                0xf39fd6e51aad88f6f4ce6ab8827279cfffb92266
  To:                  0xcbeaf3bde82155f56486fb5a1072cb8baaf547cc
  Value:               0 ETH
  Gas used:            51634 of 51634
  Block #94:           0xfb2124d26fa76f8341226f5ee704329067afae82a1704a04592b015a98526dc0

[32meth_chainId[0m
[32meth_getTransactionByHash[0m
[32meth_chainId[0m
[32meth_getTransactionReceipt[0m
[32meth_chainId[0m
[32meth_accounts[0m
[32meth_accounts (2)[0m
[32meth_accounts (3)[0m
[32meth_chainId[0m
[32meth_call[0m
  Contract call:       Challenge#getStepNumber
  From:                0xf39fd6e51aad88f6f4ce6ab8827279cfffb92266
  To:                  0xcbeaf3bde82155f56486fb5a1072cb8baaf547cc

[32meth_chainId[0m
[32meth_call[0m
  Contract call:       Challenge#isSearching
  From:                0xf39fd6e51aad88f6f4ce6ab8827279cfffb92266
  To:                  0xcbeaf3bde82155f56486fb5a1072cb8baaf547cc

[32meth_chainId[0m
[32meth_call[0m
  Contract call:       Challenge#getProposedState
  From:                0xf39fd6e51aad88f6f4ce6ab8827279cfffb92266
  To:                  0xcbeaf3bde82155f56486fb5a1072cb8baaf547cc

[32meth_blockNumber[0m
[32meth_chainId[0m
[32meth_chainId (2)[0m
[32meth_estimateGas[0m
[32meth_getBlockByNumber[0m
[32meth_feeHistory[0m
[32meth_sendTransaction[0m
  Contract call:       Challenge#respondState
  Transaction:         0x718cc2a97c5c9d8fefd3e3fd417098f3974a69dc89eb8511661336e03afc7d27
  From:                0xf39fd6e51aad88f6f4ce6ab8827279cfffb92266
  To:                  0xcbeaf3bde82155f56486fb5a1072cb8baaf547cc
  Value:               0 ETH
  Gas used:            56839 of 56839
  Block #95:           0x98e2e9c3bd1402729813ae33a48b0a3ac8d99bc6f8d71d2ad16fd8986f645e97

[32meth_chainId[0m
[32meth_getTransactionByHash[0m
[32meth_chainId[0m
[32meth_getTransactionReceipt[0m
[32meth_chainId[0m
[32meth_accounts[0m
[32meth_accounts (2)[0m
[32meth_accounts (3)[0m
[32meth_chainId[0m
[32meth_call[0m
  Contract call:       Challenge#getStepNumber
  From:                0xf39fd6e51aad88f6f4ce6ab8827279cfffb92266
  To:                  0xcbeaf3bde82155f56486fb5a1072cb8baaf547cc

[32meth_chainId[0m
[32meth_call[0m
  Contract call:       Challenge#isSearching
  From:                0xf39fd6e51aad88f6f4ce6ab8827279cfffb92266
  To:                  0xcbeaf3bde82155f56486fb5a1072cb8baaf547cc

[32meth_chainId[0m
[32meth_call[0m
  Contract call:       Challenge#getProposedState
  From:                0xf39fd6e51aad88f6f4ce6ab8827279cfffb92266
  To:                  0xcbeaf3bde82155f56486fb5a1072cb8baaf547cc

[32meth_blockNumber[0m
[32meth_chainId[0m
[32meth_chainId (2)[0m
[32meth_estimateGas[0m
[32meth_getBlockByNumber[0m
[32meth_feeHistory[0m
[32meth_sendTransaction[0m
  Contract call:       Challenge#proposeState
  Transaction:         0x01c3c4e8f35dcc11b8f74fc712fa905085e5a495af75a8e48df24112f43f451c
  From:                0xf39fd6e51aad88f6f4ce6ab8827279cfffb92266
  To:                  0xcbeaf3bde82155f56486fb5a1072cb8baaf547cc
  Value:               0 ETH
  Gas used:            51622 of 51622
  Block #96:           0x43281f342f908d9fa7557b8a82309e391c2db2187eaae8f434ddcc572689d67a

[32meth_chainId[0m
[32meth_getTransactionByHash[0m
[32meth_chainId[0m
[32meth_getTransactionReceipt[0m
[32meth_chainId[0m
[32meth_accounts[0m
[32meth_accounts (2)[0m
[32meth_accounts (3)[0m
[32meth_chainId[0m
[32meth_call[0m
  Contract call:       Challenge#getStepNumber
  From:                0xf39fd6e51aad88f6f4ce6ab8827279cfffb92266
  To:                  0xcbeaf3bde82155f56486fb5a1072cb8baaf547cc

[32meth_chainId[0m
[32meth_call[0m
  Contract call:       Challenge#isSearching
  From:                0xf39fd6e51aad88f6f4ce6ab8827279cfffb92266
  To:                  0xcbeaf3bde82155f56486fb5a1072cb8baaf547cc

[32meth_chainId[0m
[32meth_call[0m
  Contract call:       Challenge#getProposedState
  From:                0xf39fd6e51aad88f6f4ce6ab8827279cfffb92266
  To:                  0xcbeaf3bde82155f56486fb5a1072cb8baaf547cc

[32meth_blockNumber[0m
[32meth_chainId[0m
[32meth_chainId (2)[0m
[32meth_estimateGas[0m
[32meth_getBlockByNumber[0m
[32meth_feeHistory[0m
[32meth_sendTransaction[0m
  Contract call:       Challenge#respondState
  Transaction:         0x981a35186b2698dfd296e76d85921ee313bbdb7b40acef563a1a62631a80ad59
  From:                0xf39fd6e51aad88f6f4ce6ab8827279cfffb92266
  To:                  0xcbeaf3bde82155f56486fb5a1072cb8baaf547cc
  Value:               0 ETH
  Gas used:            56827 of 56827
  Block #97:           0x9566c544adb21a22bfd34fe90a4ef55471f962508a6bb52f83aa381c8d28964e

[32meth_chainId[0m
[32meth_getTransactionByHash[0m
[32meth_chainId[0m
[32meth_getTransactionReceipt[0m
[32meth_chainId[0m
[32meth_accounts[0m
[32meth_accounts (2)[0m
[32meth_accounts (3)[0m
[32meth_chainId[0m
[32meth_call[0m
  Contract call:       Challenge#getStepNumber
  From:                0xf39fd6e51aad88f6f4ce6ab8827279cfffb92266
  To:                  0xcbeaf3bde82155f56486fb5a1072cb8baaf547cc

[32meth_chainId[0m
[32meth_call[0m
  Contract call:       Challenge#isSearching
  From:                0xf39fd6e51aad88f6f4ce6ab8827279cfffb92266
  To:                  0xcbeaf3bde82155f56486fb5a1072cb8baaf547cc

[32meth_chainId[0m
[32meth_call[0m
  Contract call:       Challenge#getProposedState
  From:                0xf39fd6e51aad88f6f4ce6ab8827279cfffb92266
  To:                  0xcbeaf3bde82155f56486fb5a1072cb8baaf547cc

[32meth_blockNumber[0m
[32meth_chainId[0m
[32meth_chainId (2)[0m
[32meth_estimateGas[0m
[32meth_getBlockByNumber[0m
[32meth_feeHistory[0m
[32meth_sendTransaction[0m
  Contract call:       Challenge#proposeState
  Transaction:         0x06970f8504c46ef464de18125cbcb6507106a4cc12e1680ae1fc4a2ca352cac2
  From:                0xf39fd6e51aad88f6f4ce6ab8827279cfffb92266
  To:                  0xcbeaf3bde82155f56486fb5a1072cb8baaf547cc
  Value:               0 ETH
  Gas used:            51634 of 51634
  Block #98:           0x2d8b4972592d6a163823981e1e3e39274862d654e08fbb37daa26a14b0d3fd85

[32meth_chainId[0m
[32meth_getTransactionByHash[0m
[32meth_chainId[0m
[32meth_getTransactionReceipt[0m
[32meth_chainId[0m
[32meth_accounts[0m
[32meth_accounts (2)[0m
[32meth_accounts (3)[0m
[32meth_chainId[0m
[32meth_call[0m
  Contract call:       Challenge#getStepNumber
  From:                0xf39fd6e51aad88f6f4ce6ab8827279cfffb92266
  To:                  0xcbeaf3bde82155f56486fb5a1072cb8baaf547cc

[32meth_chainId[0m
[32meth_call[0m
  Contract call:       Challenge#isSearching
  From:                0xf39fd6e51aad88f6f4ce6ab8827279cfffb92266
  To:                  0xcbeaf3bde82155f56486fb5a1072cb8baaf547cc

[32meth_chainId[0m
[32meth_call[0m
  Contract call:       Challenge#getProposedState
  From:                0xf39fd6e51aad88f6f4ce6ab8827279cfffb92266
  To:                  0xcbeaf3bde82155f56486fb5a1072cb8baaf547cc

[32meth_blockNumber[0m
[32meth_chainId[0m
[32meth_chainId (2)[0m
[32meth_estimateGas[0m
[32meth_getBlockByNumber[0m
[32meth_feeHistory[0m
[32meth_sendTransaction[0m
  Contract call:       Challenge#respondState
  Transaction:         0x5b0b266cae52b8bb662b2176ca495201d6823397db7914de677e5b2e4c1378fa
  From:                0xf39fd6e51aad88f6f4ce6ab8827279cfffb92266
  To:                  0xcbeaf3bde82155f56486fb5a1072cb8baaf547cc
  Value:               0 ETH
  Gas used:            56839 of 56839
  Block #99:           0x2f00e2da8f378ceda1eb919be0d3fb1f8802c4447460c18bd58ec4e03d3e8a46

[32meth_chainId[0m
[32meth_getTransactionByHash[0m
[32meth_chainId[0m
[32meth_getTransactionReceipt[0m
[32meth_chainId[0m
[32meth_accounts[0m
[32meth_accounts (2)[0m
[32meth_accounts (3)[0m
[32meth_chainId[0m
[32meth_call[0m
  Contract call:       Challenge#getStepNumber
  From:                0xf39fd6e51aad88f6f4ce6ab8827279cfffb92266
  To:                  0xcbeaf3bde82155f56486fb5a1072cb8baaf547cc

[32meth_chainId[0m
[32meth_call[0m
  Contract call:       Challenge#isSearching
  From:                0xf39fd6e51aad88f6f4ce6ab8827279cfffb92266
  To:                  0xcbeaf3bde82155f56486fb5a1072cb8baaf547cc

[32meth_chainId[0m
[32meth_call[0m
  Contract call:       Challenge#getProposedState
  From:                0xf39fd6e51aad88f6f4ce6ab8827279cfffb92266
  To:                  0xcbeaf3bde82155f56486fb5a1072cb8baaf547cc

[32meth_blockNumber[0m
[32meth_chainId[0m
[32meth_chainId (2)[0m
[32meth_estimateGas[0m
[32meth_getBlockByNumber[0m
[32meth_feeHistory[0m
[32meth_sendTransaction[0m
  Contract call:       Challenge#proposeState
  Transaction:         0xb9b276ef021bcf87dbb6cc44e77516969669069bb4b7d3a0a98023fe58d910c9
  From:                0xf39fd6e51aad88f6f4ce6ab8827279cfffb92266
  To:                  0xcbeaf3bde82155f56486fb5a1072cb8baaf547cc
  Value:               0 ETH
  Gas used:            51622 of 51622
  Block #100:          0xee3fc6401865c5fbfcec583ec69f2a4dfb5e8d4e65aa9f00c9e26fc8934457e3

[32meth_chainId[0m
[32meth_getTransactionByHash[0m
[32meth_chainId[0m
[32meth_getTransactionReceipt[0m
[32meth_chainId[0m
[32meth_accounts[0m
[32meth_accounts (2)[0m
[32meth_accounts (3)[0m
[32meth_chainId[0m
[32meth_call[0m
  Contract call:       Challenge#getStepNumber
  From:                0xf39fd6e51aad88f6f4ce6ab8827279cfffb92266
  To:                  0xcbeaf3bde82155f56486fb5a1072cb8baaf547cc

[32meth_chainId[0m
[32meth_call[0m
  Contract call:       Challenge#isSearching
  From:                0xf39fd6e51aad88f6f4ce6ab8827279cfffb92266
  To:                  0xcbeaf3bde82155f56486fb5a1072cb8baaf547cc

[32meth_chainId[0m
[32meth_call[0m
  Contract call:       Challenge#getProposedState
  From:                0xf39fd6e51aad88f6f4ce6ab8827279cfffb92266
  To:                  0xcbeaf3bde82155f56486fb5a1072cb8baaf547cc

[32meth_blockNumber[0m
[32meth_chainId[0m
[32meth_chainId (2)[0m
[32meth_estimateGas[0m
[32meth_getBlockByNumber[0m
[32meth_feeHistory[0m
[32meth_sendTransaction[0m
  Contract call:       Challenge#respondState
  Transaction:         0x4b0ba9043340983518c3311906671239751f33ca0ebef5c64b70dbb3f97d9630
  From:                0xf39fd6e51aad88f6f4ce6ab8827279cfffb92266
  To:                  0xcbeaf3bde82155f56486fb5a1072cb8baaf547cc
  Value:               0 ETH
  Gas used:            56827 of 56827
  Block #101:          0xa159eee3aec14164fabf4852d07f75dfc74d6607179096291ae051b4fd026896

[32meth_chainId[0m
[32meth_getTransactionByHash[0m
[32meth_chainId[0m
[32meth_getTransactionReceipt[0m
[32meth_chainId[0m
[32meth_accounts[0m
[32meth_accounts (2)[0m
[32meth_accounts (3)[0m
[32meth_chainId[0m
[32meth_call[0m
  Contract call:       Challenge#getStepNumber
  From:                0xf39fd6e51aad88f6f4ce6ab8827279cfffb92266
  To:                  0xcbeaf3bde82155f56486fb5a1072cb8baaf547cc

[32meth_chainId[0m
[32meth_call[0m
  Contract call:       Challenge#isSearching
  From:                0xf39fd6e51aad88f6f4ce6ab8827279cfffb92266
  To:                  0xcbeaf3bde82155f56486fb5a1072cb8baaf547cc

[32meth_chainId[0m
[32meth_call[0m
  Contract call:       Challenge#getProposedState
  From:                0xf39fd6e51aad88f6f4ce6ab8827279cfffb92266
  To:                  0xcbeaf3bde82155f56486fb5a1072cb8baaf547cc

[32meth_blockNumber[0m
[32meth_chainId[0m
[32meth_chainId (2)[0m
[32meth_estimateGas[0m
[32meth_getBlockByNumber[0m
[32meth_feeHistory[0m
[32meth_sendTransaction[0m
  Contract call:       Challenge#proposeState
  Transaction:         0x530bcf9ed820e802d1d079e40b504037abbe2a165b610267c1ce4a2b85274cf5
  From:                0xf39fd6e51aad88f6f4ce6ab8827279cfffb92266
  To:                  0xcbeaf3bde82155f56486fb5a1072cb8baaf547cc
  Value:               0 ETH
  Gas used:            51634 of 51634
  Block #102:          0x7f83af47e541003d4cdf387176b07a9fe2276bd32349b64ddcf70abc88c297a5

[32meth_chainId[0m
[32meth_getTransactionByHash[0m
[32meth_chainId[0m
[32meth_getTransactionReceipt[0m
[32meth_chainId[0m
[32meth_accounts[0m
[32meth_accounts (2)[0m
[32meth_accounts (3)[0m
[32meth_chainId[0m
[32meth_call[0m
  Contract call:       Challenge#getStepNumber
  From:                0xf39fd6e51aad88f6f4ce6ab8827279cfffb92266
  To:                  0xcbeaf3bde82155f56486fb5a1072cb8baaf547cc

[32meth_chainId[0m
[32meth_call[0m
  Contract call:       Challenge#isSearching
  From:                0xf39fd6e51aad88f6f4ce6ab8827279cfffb92266
  To:                  0xcbeaf3bde82155f56486fb5a1072cb8baaf547cc

[32meth_chainId[0m
[32meth_call[0m
  Contract call:       Challenge#getProposedState
  From:                0xf39fd6e51aad88f6f4ce6ab8827279cfffb92266
  To:                  0xcbeaf3bde82155f56486fb5a1072cb8baaf547cc

[32meth_blockNumber[0m
[32meth_chainId[0m
[32meth_chainId (2)[0m
[32meth_estimateGas[0m
[32meth_getBlockByNumber[0m
[32meth_feeHistory[0m
[32meth_sendTransaction[0m
  Contract call:       Challenge#respondState
  Transaction:         0xd9cfc84102abd3c8704eb96669c9593073c062a50bb92dfde38f262dcfc94d87
  From:                0xf39fd6e51aad88f6f4ce6ab8827279cfffb92266
  To:                  0xcbeaf3bde82155f56486fb5a1072cb8baaf547cc
  Value:               0 ETH
  Gas used:            56839 of 56839
  Block #103:          0x89dcdd32be87de80c8d3e58fa97299c88b9d4e686e5e4947372becb7ad496f99

[32meth_chainId[0m
[32meth_getTransactionByHash[0m
[32meth_chainId[0m
[32meth_getTransactionReceipt[0m
[32meth_chainId[0m
[32meth_accounts[0m
[32meth_accounts (2)[0m
[32meth_accounts (3)[0m
[32meth_chainId[0m
[32meth_call[0m
  Contract call:       Challenge#getStepNumber
  From:                0xf39fd6e51aad88f6f4ce6ab8827279cfffb92266
  To:                  0xcbeaf3bde82155f56486fb5a1072cb8baaf547cc

[32meth_chainId[0m
[32meth_call[0m
  Contract call:       Challenge#isSearching
  From:                0xf39fd6e51aad88f6f4ce6ab8827279cfffb92266
  To:                  0xcbeaf3bde82155f56486fb5a1072cb8baaf547cc

[32meth_chainId[0m
[32meth_call[0m
  Contract call:       Challenge#getProposedState
  From:                0xf39fd6e51aad88f6f4ce6ab8827279cfffb92266
  To:                  0xcbeaf3bde82155f56486fb5a1072cb8baaf547cc

[32meth_blockNumber[0m
[32meth_chainId[0m
[32meth_chainId (2)[0m
[32meth_estimateGas[0m
[32meth_getBlockByNumber[0m
[32meth_feeHistory[0m
[32meth_sendTransaction[0m
  Contract call:       Challenge#proposeState
  Transaction:         0xf351cf1f403fc871ecb8f30b546bf505759922d9311b38f415331a52b6762960
  From:                0xf39fd6e51aad88f6f4ce6ab8827279cfffb92266
  To:                  0xcbeaf3bde82155f56486fb5a1072cb8baaf547cc
  Value:               0 ETH
  Gas used:            51634 of 51634
  Block #104:          0x14a0b19c4e8f6f9e2fbd96aa0f2365f1dd467ff1e9dfaf0072edaa1976abd519

[32meth_chainId[0m
[32meth_getTransactionByHash[0m
[32meth_chainId[0m
[32meth_getTransactionReceipt[0m
[32meth_chainId[0m
[32meth_accounts[0m
[32meth_accounts (2)[0m
[32meth_accounts (3)[0m
[32meth_chainId[0m
[32meth_call[0m
  Contract call:       Challenge#getStepNumber
  From:                0xf39fd6e51aad88f6f4ce6ab8827279cfffb92266
  To:                  0xcbeaf3bde82155f56486fb5a1072cb8baaf547cc

[32meth_chainId[0m
[32meth_call[0m
  Contract call:       Challenge#isSearching
  From:                0xf39fd6e51aad88f6f4ce6ab8827279cfffb92266
  To:                  0xcbeaf3bde82155f56486fb5a1072cb8baaf547cc

[32meth_chainId[0m
[32meth_call[0m
  Contract call:       Challenge#getProposedState
  From:                0xf39fd6e51aad88f6f4ce6ab8827279cfffb92266
  To:                  0xcbeaf3bde82155f56486fb5a1072cb8baaf547cc

[32meth_blockNumber[0m
[32meth_chainId[0m
[32meth_chainId (2)[0m
[32meth_estimateGas[0m
[32meth_getBlockByNumber[0m
[32meth_feeHistory[0m
[32meth_sendTransaction[0m
  Contract call:       Challenge#respondState
  Transaction:         0x633f2ecee7bc4b9e849f9d0e0ab38e75f27100df73ede32f9b6cc0984eef4765
  From:                0xf39fd6e51aad88f6f4ce6ab8827279cfffb92266
  To:                  0xcbeaf3bde82155f56486fb5a1072cb8baaf547cc
  Value:               0 ETH
  Gas used:            56839 of 56839
  Block #105:          0x33e55dd980fcda53ee8e6dc1b352eb3fe3f9618eafd2c72d3d08339a2d529a7c

[32meth_chainId[0m
[32meth_getTransactionByHash[0m
[32meth_chainId[0m
[32meth_getTransactionReceipt[0m
[32meth_chainId[0m
[32meth_accounts[0m
[32meth_accounts (2)[0m
[32meth_accounts (3)[0m
[32meth_chainId[0m
[32meth_call[0m
  Contract call:       Challenge#getStepNumber
  From:                0xf39fd6e51aad88f6f4ce6ab8827279cfffb92266
  To:                  0xcbeaf3bde82155f56486fb5a1072cb8baaf547cc

[32meth_chainId[0m
[32meth_call[0m
  Contract call:       Challenge#isSearching
  From:                0xf39fd6e51aad88f6f4ce6ab8827279cfffb92266
  To:                  0xcbeaf3bde82155f56486fb5a1072cb8baaf547cc

[32meth_chainId[0m
[32meth_call[0m
  Contract call:       Challenge#getProposedState
  From:                0xf39fd6e51aad88f6f4ce6ab8827279cfffb92266
  To:                  0xcbeaf3bde82155f56486fb5a1072cb8baaf547cc

[32meth_blockNumber[0m
[32meth_chainId[0m
[32meth_chainId (2)[0m
[32meth_estimateGas[0m
[32meth_getBlockByNumber[0m
[32meth_feeHistory[0m
[32meth_sendTransaction[0m
  Contract call:       Challenge#proposeState
  Transaction:         0x7fa83b0161ac4f981a74c45c42481983d5e9341dc2ea50c14db817098e7a1ad0
  From:                0xf39fd6e51aad88f6f4ce6ab8827279cfffb92266
  To:                  0xcbeaf3bde82155f56486fb5a1072cb8baaf547cc
  Value:               0 ETH
  Gas used:            51634 of 51634
  Block #106:          0x4304bc99aaff5f650a747230f9568262188fe1626d9fc0f2cc812e05b7f4a33a

[32meth_chainId[0m
[32meth_getTransactionByHash[0m
[32meth_chainId[0m
[32meth_getTransactionReceipt[0m
[32meth_chainId[0m
[32meth_accounts[0m
[32meth_accounts (2)[0m
[32meth_accounts (3)[0m
[32meth_chainId[0m
[32meth_call[0m
  Contract call:       Challenge#getStepNumber
  From:                0xf39fd6e51aad88f6f4ce6ab8827279cfffb92266
  To:                  0xcbeaf3bde82155f56486fb5a1072cb8baaf547cc

[32meth_chainId[0m
[32meth_call[0m
  Contract call:       Challenge#isSearching
  From:                0xf39fd6e51aad88f6f4ce6ab8827279cfffb92266
  To:                  0xcbeaf3bde82155f56486fb5a1072cb8baaf547cc

[32meth_chainId[0m
[32meth_call[0m
  Contract call:       Challenge#getProposedState
  From:                0xf39fd6e51aad88f6f4ce6ab8827279cfffb92266
  To:                  0xcbeaf3bde82155f56486fb5a1072cb8baaf547cc

[32meth_blockNumber[0m
[32meth_chainId[0m
[32meth_chainId (2)[0m
[32meth_estimateGas[0m
[32meth_getBlockByNumber[0m
[32meth_feeHistory[0m
[32meth_sendTransaction[0m
  Contract call:       Challenge#respondState
  Transaction:         0x058ee8b85b83256050dda94c2149216538d1bdf8ebdd8a470f72258b0cbda05c
  From:                0xf39fd6e51aad88f6f4ce6ab8827279cfffb92266
  To:                  0xcbeaf3bde82155f56486fb5a1072cb8baaf547cc
  Value:               0 ETH
  Gas used:            56839 of 56839
  Block #107:          0xa457b67368eaac31d1aaed67cd3e23c7871185f3fea4c72229d798cf51e1bf38

[32meth_chainId[0m
[32meth_getTransactionByHash[0m
[32meth_chainId[0m
[32meth_getTransactionReceipt[0m
[32meth_chainId[0m
[32meth_accounts[0m
[32meth_accounts (2)[0m
[32meth_accounts (3)[0m
[32meth_chainId[0m
[32meth_call[0m
  Contract call:       Challenge#getStepNumber
  From:                0xf39fd6e51aad88f6f4ce6ab8827279cfffb92266
  To:                  0xcbeaf3bde82155f56486fb5a1072cb8baaf547cc

[32meth_chainId[0m
[32meth_call[0m
  Contract call:       Challenge#isSearching
  From:                0xf39fd6e51aad88f6f4ce6ab8827279cfffb92266
  To:                  0xcbeaf3bde82155f56486fb5a1072cb8baaf547cc

[32meth_chainId[0m
[32meth_call[0m
  Contract call:       Challenge#getProposedState
  From:                0xf39fd6e51aad88f6f4ce6ab8827279cfffb92266
  To:                  0xcbeaf3bde82155f56486fb5a1072cb8baaf547cc

[32meth_blockNumber[0m
[32meth_chainId[0m
[32meth_chainId (2)[0m
[32meth_estimateGas[0m
[32meth_getBlockByNumber[0m
[32meth_feeHistory[0m
[32meth_sendTransaction[0m
  Contract call:       Challenge#proposeState
  Transaction:         0xcbb248aa83620f96b44e23ee87d29f05fb584c028c9c4b69bdde5b0267884abe
  From:                0xf39fd6e51aad88f6f4ce6ab8827279cfffb92266
  To:                  0xcbeaf3bde82155f56486fb5a1072cb8baaf547cc
  Value:               0 ETH
  Gas used:            51634 of 51634
  Block #108:          0x345007e171a65702a9bc5b90d7c6631bea6a8a432f15e0fdd4f1e2ce84aee21f

[32meth_chainId[0m
[32meth_getTransactionByHash[0m
[32meth_chainId[0m
[32meth_getTransactionReceipt[0m
[32meth_chainId[0m
[32meth_accounts[0m
[32meth_accounts (2)[0m
[32meth_accounts (3)[0m
[32meth_chainId[0m
[32meth_call[0m
  Contract call:       Challenge#getStepNumber
  From:                0xf39fd6e51aad88f6f4ce6ab8827279cfffb92266
  To:                  0xcbeaf3bde82155f56486fb5a1072cb8baaf547cc

[32meth_chainId[0m
[32meth_call[0m
  Contract call:       Challenge#isSearching
  From:                0xf39fd6e51aad88f6f4ce6ab8827279cfffb92266
  To:                  0xcbeaf3bde82155f56486fb5a1072cb8baaf547cc

[32meth_chainId[0m
[32meth_call[0m
  Contract call:       Challenge#getProposedState
  From:                0xf39fd6e51aad88f6f4ce6ab8827279cfffb92266
  To:                  0xcbeaf3bde82155f56486fb5a1072cb8baaf547cc

[32meth_blockNumber[0m
[32meth_chainId[0m
[32meth_chainId (2)[0m
[32meth_estimateGas[0m
[32meth_getBlockByNumber[0m
[32meth_feeHistory[0m
[32meth_sendTransaction[0m
  Contract call:       Challenge#respondState
  Transaction:         0xa06e26e8ece258d316c5d9ad5945fd19bb080b896224a831ce08501bf163dcc1
  From:                0xf39fd6e51aad88f6f4ce6ab8827279cfffb92266
  To:                  0xcbeaf3bde82155f56486fb5a1072cb8baaf547cc
  Value:               0 ETH
  Gas used:            56839 of 56839
  Block #109:          0xb787e5461b0479be8dac3fb6b63f65f2d10f0e009e3f23e80dd1ae140b55a9a8

[32meth_chainId[0m
[32meth_getTransactionByHash[0m
[32meth_chainId[0m
[32meth_getTransactionReceipt[0m
[32meth_chainId[0m
[32meth_accounts[0m
[32meth_accounts (2)[0m
[32meth_accounts (3)[0m
[32meth_chainId[0m
[32meth_call[0m
  Contract call:       Challenge#getStepNumber
  From:                0xf39fd6e51aad88f6f4ce6ab8827279cfffb92266
  To:                  0xcbeaf3bde82155f56486fb5a1072cb8baaf547cc

[32meth_chainId[0m
[32meth_call[0m
  Contract call:       Challenge#isSearching
  From:                0xf39fd6e51aad88f6f4ce6ab8827279cfffb92266
  To:                  0xcbeaf3bde82155f56486fb5a1072cb8baaf547cc

[32meth_chainId[0m
[32meth_call[0m
  Contract call:       Challenge#getProposedState
  From:                0xf39fd6e51aad88f6f4ce6ab8827279cfffb92266
  To:                  0xcbeaf3bde82155f56486fb5a1072cb8baaf547cc

[32meth_blockNumber[0m
[32meth_chainId[0m
[32meth_chainId (2)[0m
[32meth_estimateGas[0m
[32meth_getBlockByNumber[0m
[32meth_feeHistory[0m
[32meth_sendTransaction[0m
  Contract call:       Challenge#proposeState
  Transaction:         0xb7d87a4bd168e74aded4d9c3cb736bbbfd1e21b6d65660313b98b1ae274af4e2
  From:                0xf39fd6e51aad88f6f4ce6ab8827279cfffb92266
  To:                  0xcbeaf3bde82155f56486fb5a1072cb8baaf547cc
  Value:               0 ETH
  Gas used:            51634 of 51634
  Block #110:          0xda2a51454346647e749ef763f8d9032ef109ed0ef74868eb990fe2c7c877d596

[32meth_chainId[0m
[32meth_getTransactionByHash[0m
[32meth_chainId[0m
[32meth_getTransactionReceipt[0m
[32meth_chainId[0m
[32meth_accounts[0m
[32meth_accounts (2)[0m
[32meth_accounts (3)[0m
[32meth_chainId[0m
[32meth_call[0m
  Contract call:       Challenge#getStepNumber
  From:                0xf39fd6e51aad88f6f4ce6ab8827279cfffb92266
  To:                  0xcbeaf3bde82155f56486fb5a1072cb8baaf547cc

[32meth_chainId[0m
[32meth_call[0m
  Contract call:       Challenge#isSearching
  From:                0xf39fd6e51aad88f6f4ce6ab8827279cfffb92266
  To:                  0xcbeaf3bde82155f56486fb5a1072cb8baaf547cc

[32meth_chainId[0m
[32meth_call[0m
  Contract call:       Challenge#getProposedState
  From:                0xf39fd6e51aad88f6f4ce6ab8827279cfffb92266
  To:                  0xcbeaf3bde82155f56486fb5a1072cb8baaf547cc

[32meth_blockNumber[0m
[32meth_chainId[0m
[32meth_chainId (2)[0m
[32meth_estimateGas[0m
[32meth_getBlockByNumber[0m
[32meth_feeHistory[0m
[32meth_sendTransaction[0m
  Contract call:       Challenge#respondState
  Transaction:         0x00c000cafeea2f0cb0f352d43570de548a4bbeb5379d3f65ca8d5eacae24f1d6
  From:                0xf39fd6e51aad88f6f4ce6ab8827279cfffb92266
  To:                  0xcbeaf3bde82155f56486fb5a1072cb8baaf547cc
  Value:               0 ETH
  Gas used:            56839 of 56839
  Block #111:          0x5fda90614442bb14bab466a7bcd090a1e3b88a27730ea23eeb989fb76d5a320b

[32meth_chainId[0m
[32meth_getTransactionByHash[0m
[32meth_chainId[0m
[32meth_getTransactionReceipt[0m
[32meth_chainId[0m
[32meth_accounts[0m
[32meth_accounts (2)[0m
[32meth_accounts (3)[0m
[32meth_chainId[0m
[32meth_call[0m
  Contract call:       Challenge#getStepNumber
  From:                0xf39fd6e51aad88f6f4ce6ab8827279cfffb92266
  To:                  0xcbeaf3bde82155f56486fb5a1072cb8baaf547cc

[32meth_chainId[0m
[32meth_call[0m
  Contract call:       Challenge#isSearching
  From:                0xf39fd6e51aad88f6f4ce6ab8827279cfffb92266
  To:                  0xcbeaf3bde82155f56486fb5a1072cb8baaf547cc

[32meth_chainId[0m
[32meth_call[0m
  Contract call:       Challenge#getProposedState
  From:                0xf39fd6e51aad88f6f4ce6ab8827279cfffb92266
  To:                  0xcbeaf3bde82155f56486fb5a1072cb8baaf547cc

[32meth_blockNumber[0m
[32meth_chainId[0m
[32meth_chainId (2)[0m
[32meth_estimateGas[0m
[32meth_getBlockByNumber[0m
[32meth_feeHistory[0m
[32meth_sendTransaction[0m
  Contract call:       Challenge#proposeState
  Transaction:         0x4419fa034bfd4b788f75d4f9a384734a01299c76631948487b3baf96b19db764
  From:                0xf39fd6e51aad88f6f4ce6ab8827279cfffb92266
  To:                  0xcbeaf3bde82155f56486fb5a1072cb8baaf547cc
  Value:               0 ETH
  Gas used:            51634 of 51634
  Block #112:          0x83ff42730cf0b2fdc92d6900e18e6691845de72c3b89cd136335e9fb20d7ba75

[32meth_chainId[0m
[32meth_getTransactionByHash[0m
[32meth_chainId[0m
[32meth_getTransactionReceipt[0m
[32meth_chainId[0m
[32meth_accounts[0m
[32meth_accounts (2)[0m
[32meth_accounts (3)[0m
[32meth_chainId[0m
[32meth_call[0m
  Contract call:       Challenge#getStepNumber
  From:                0xf39fd6e51aad88f6f4ce6ab8827279cfffb92266
  To:                  0xcbeaf3bde82155f56486fb5a1072cb8baaf547cc

[32meth_chainId[0m
[32meth_call[0m
  Contract call:       Challenge#isSearching
  From:                0xf39fd6e51aad88f6f4ce6ab8827279cfffb92266
  To:                  0xcbeaf3bde82155f56486fb5a1072cb8baaf547cc

[32meth_chainId[0m
[32meth_call[0m
  Contract call:       Challenge#getProposedState
  From:                0xf39fd6e51aad88f6f4ce6ab8827279cfffb92266
  To:                  0xcbeaf3bde82155f56486fb5a1072cb8baaf547cc

[32meth_blockNumber[0m
[32meth_chainId[0m
[32meth_chainId (2)[0m
[32meth_estimateGas[0m
[32meth_getBlockByNumber[0m
[32meth_feeHistory[0m
[32meth_sendTransaction[0m
  Contract call:       Challenge#respondState
  Transaction:         0x8ed3cf6292789692f611c6d7456b6de8fcd1b27fe2ca2ac7931afe77a3eaafc9
  From:                0xf39fd6e51aad88f6f4ce6ab8827279cfffb92266
  To:                  0xcbeaf3bde82155f56486fb5a1072cb8baaf547cc
  Value:               0 ETH
  Gas used:            56839 of 56839
  Block #113:          0x4699b588c16a47f91477319afe1476749da3f8479b79581e47a66e6ec2c15101

[32meth_chainId[0m
[32meth_getTransactionByHash[0m
[32meth_chainId[0m
[32meth_getTransactionReceipt[0m
[32meth_chainId[0m
[32meth_accounts[0m
[32meth_accounts (2)[0m
[32meth_accounts (3)[0m
[32meth_chainId[0m
[32meth_call[0m
  Contract call:       Challenge#getStepNumber
  From:                0xf39fd6e51aad88f6f4ce6ab8827279cfffb92266
  To:                  0xcbeaf3bde82155f56486fb5a1072cb8baaf547cc

[32meth_chainId[0m
[32meth_call[0m
  Contract call:       Challenge#isSearching
  From:                0xf39fd6e51aad88f6f4ce6ab8827279cfffb92266
  To:                  0xcbeaf3bde82155f56486fb5a1072cb8baaf547cc

[32meth_chainId[0m
[32meth_call[0m
  Contract call:       Challenge#getProposedState
  From:                0xf39fd6e51aad88f6f4ce6ab8827279cfffb92266
  To:                  0xcbeaf3bde82155f56486fb5a1072cb8baaf547cc

[32meth_blockNumber[0m
[32meth_chainId[0m
[32meth_chainId (2)[0m
[32meth_estimateGas[0m
[32meth_getBlockByNumber[0m
[32meth_feeHistory[0m
[32meth_sendTransaction[0m
  Contract call:       Challenge#proposeState
  Transaction:         0x3bb5422771b47e0edbedb4fa30f163a270b68dccc100d748519c51dab1b9ceef
  From:                0xf39fd6e51aad88f6f4ce6ab8827279cfffb92266
  To:                  0xcbeaf3bde82155f56486fb5a1072cb8baaf547cc
  Value:               0 ETH
  Gas used:            51634 of 51634
  Block #114:          0x475b1e392ac40d24376a61d2a8aba31e5cc1d587da88a5a82acbeb298253e7f0

[32meth_chainId[0m
[32meth_getTransactionByHash[0m
[32meth_chainId[0m
[32meth_getTransactionReceipt[0m
[32meth_chainId[0m
[32meth_accounts[0m
[32meth_accounts (2)[0m
[32meth_accounts (3)[0m
[32meth_chainId[0m
[32meth_call[0m
  Contract call:       Challenge#getStepNumber
  From:                0xf39fd6e51aad88f6f4ce6ab8827279cfffb92266
  To:                  0xcbeaf3bde82155f56486fb5a1072cb8baaf547cc

[32meth_chainId[0m
[32meth_call[0m
  Contract call:       Challenge#isSearching
  From:                0xf39fd6e51aad88f6f4ce6ab8827279cfffb92266
  To:                  0xcbeaf3bde82155f56486fb5a1072cb8baaf547cc

[32meth_chainId[0m
[32meth_call[0m
  Contract call:       Challenge#getProposedState
  From:                0xf39fd6e51aad88f6f4ce6ab8827279cfffb92266
  To:                  0xcbeaf3bde82155f56486fb5a1072cb8baaf547cc

[32meth_blockNumber[0m
[32meth_chainId[0m
[32meth_chainId (2)[0m
[32meth_estimateGas[0m
[32meth_getBlockByNumber[0m
[32meth_feeHistory[0m
[32meth_sendTransaction[0m
  Contract call:       Challenge#respondState
  Transaction:         0xe5f34059384c99bd6552a714de59c4038b47bafdcdce099197fea78570c82ac6
  From:                0xf39fd6e51aad88f6f4ce6ab8827279cfffb92266
  To:                  0xcbeaf3bde82155f56486fb5a1072cb8baaf547cc
  Value:               0 ETH
  Gas used:            56839 of 56839
  Block #115:          0x7f27313a2b4ee2240b910924247beeed2d2c6b4c2bddeaa24fa98e833752be95

[32meth_chainId[0m
[32meth_getTransactionByHash[0m
[32meth_chainId[0m
[32meth_getTransactionReceipt[0m
[32meth_chainId[0m
[32meth_accounts[0m
[32meth_accounts (2)[0m
[32meth_accounts (3)[0m
[32meth_chainId[0m
[32meth_call[0m
  Contract call:       Challenge#getStepNumber
  From:                0xf39fd6e51aad88f6f4ce6ab8827279cfffb92266
  To:                  0xcbeaf3bde82155f56486fb5a1072cb8baaf547cc

[32meth_chainId[0m
[32meth_call[0m
  Contract call:       Challenge#isSearching
  From:                0xf39fd6e51aad88f6f4ce6ab8827279cfffb92266
  To:                  0xcbeaf3bde82155f56486fb5a1072cb8baaf547cc

[32meth_chainId[0m
[32meth_call[0m
  Contract call:       Challenge#getProposedState
  From:                0xf39fd6e51aad88f6f4ce6ab8827279cfffb92266
  To:                  0xcbeaf3bde82155f56486fb5a1072cb8baaf547cc

[32meth_blockNumber[0m
[32meth_chainId[0m
[32meth_chainId (2)[0m
[32meth_estimateGas[0m
[32meth_getBlockByNumber[0m
[32meth_feeHistory[0m
[32meth_sendTransaction[0m
  Contract call:       Challenge#proposeState
  Transaction:         0xa931ad7c5e99003877efeb6feda2ea6c2ec9c8cf5df5e02eff4081f2c74e8082
  From:                0xf39fd6e51aad88f6f4ce6ab8827279cfffb92266
  To:                  0xcbeaf3bde82155f56486fb5a1072cb8baaf547cc
  Value:               0 ETH
  Gas used:            51634 of 51634
  Block #116:          0x13a0611729be065202953364677c65e8b4dc3a65b2f3fd31e6629e6e0f22d4e7

[32meth_chainId[0m
[32meth_getTransactionByHash[0m
[32meth_chainId[0m
[32meth_getTransactionReceipt[0m
[32meth_chainId[0m
[32meth_accounts[0m
[32meth_accounts (2)[0m
[32meth_accounts (3)[0m
[32meth_chainId[0m
[32meth_call[0m
  Contract call:       Challenge#getStepNumber
  From:                0xf39fd6e51aad88f6f4ce6ab8827279cfffb92266
  To:                  0xcbeaf3bde82155f56486fb5a1072cb8baaf547cc

[32meth_chainId[0m
[32meth_call[0m
  Contract call:       Challenge#isSearching
  From:                0xf39fd6e51aad88f6f4ce6ab8827279cfffb92266
  To:                  0xcbeaf3bde82155f56486fb5a1072cb8baaf547cc

[32meth_chainId[0m
[32meth_call[0m
  Contract call:       Challenge#getProposedState
  From:                0xf39fd6e51aad88f6f4ce6ab8827279cfffb92266
  To:                  0xcbeaf3bde82155f56486fb5a1072cb8baaf547cc

[32meth_blockNumber[0m
[32meth_chainId[0m
[32meth_chainId (2)[0m
[32meth_estimateGas[0m
[32meth_getBlockByNumber[0m
[32meth_feeHistory[0m
[32meth_sendTransaction[0m
  Contract call:       Challenge#respondState
  Transaction:         0x48182395ab90249ddd8a74a91e09859803afb931198c7d00cfd8362aa5fca4e3
  From:                0xf39fd6e51aad88f6f4ce6ab8827279cfffb92266
  To:                  0xcbeaf3bde82155f56486fb5a1072cb8baaf547cc
  Value:               0 ETH
  Gas used:            56839 of 56839
  Block #117:          0x4e8a1ad13e7041c07c78f6cc80fb36411d243abcb39a257a3aecc172b4a9b191

[32meth_chainId[0m
[32meth_getTransactionByHash[0m
[32meth_chainId[0m
[32meth_getTransactionReceipt[0m
[32meth_chainId[0m
[32meth_accounts[0m
[32meth_accounts (2)[0m
[32meth_accounts (3)[0m
[32meth_chainId[0m
[32meth_call[0m
  Contract call:       Challenge#getStepNumber
  From:                0xf39fd6e51aad88f6f4ce6ab8827279cfffb92266
  To:                  0xcbeaf3bde82155f56486fb5a1072cb8baaf547cc

[32meth_chainId[0m
[32meth_call[0m
  Contract call:       Challenge#isSearching
  From:                0xf39fd6e51aad88f6f4ce6ab8827279cfffb92266
  To:                  0xcbeaf3bde82155f56486fb5a1072cb8baaf547cc

[32meth_chainId[0m
[32meth_accounts[0m
[32meth_accounts (2)[0m
[32meth_accounts (3)[0m
[32meth_chainId[0m
[32meth_call[0m
  Contract call:       Challenge#getStepNumber
  From:                0xf39fd6e51aad88f6f4ce6ab8827279cfffb92266
  To:                  0xcbeaf3bde82155f56486fb5a1072cb8baaf547cc

[32meth_chainId[0m
[32meth_call[0m
  Contract call:       Challenge#isSearching
  From:                0xf39fd6e51aad88f6f4ce6ab8827279cfffb92266
  To:                  0xcbeaf3bde82155f56486fb5a1072cb8baaf547cc

[32meth_chainId[0m
[32meth_accounts[0m
[32meth_accounts (2)[0m
[32meth_accounts (3)[0m
[32meth_chainId[0m
[32meth_call[0m
  Contract call:       Challenge#getStepNumber
  From:                0xf39fd6e51aad88f6f4ce6ab8827279cfffb92266
  To:                  0xcbeaf3bde82155f56486fb5a1072cb8baaf547cc

[32meth_chainId[0m
[32meth_call[0m
  Contract call:       Challenge#isSearching
  From:                0xf39fd6e51aad88f6f4ce6ab8827279cfffb92266
  To:                  0xcbeaf3bde82155f56486fb5a1072cb8baaf547cc

[32meth_chainId[0m
[32meth_accounts[0m
[32meth_call[0m
  Contract call:       Challenge#callWithTrieNodes
  From:                0xf39fd6e51aad88f6f4ce6ab8827279cfffb92266
  To:                  0xcbeaf3bde82155f56486fb5a1072cb8baaf547cc

[32meth_blockNumber[0m
[32meth_chainId[0m
[32meth_chainId (2)[0m
[32meth_estimateGas[0m
[32meth_getBlockByNumber[0m
[32meth_feeHistory[0m
[32meth_sendTransaction[0m
  Contract call:       Challenge#denyStateTransition
  Transaction:         0xb1d4a0757b43d12b94986bf8ccbd56709437ce0fe9295f2ab5d2746a6bdc143b
  From:                0xf39fd6e51aad88f6f4ce6ab8827279cfffb92266
  To:                  0xcbeaf3bde82155f56486fb5a1072cb8baaf547cc
  Value:               0 ETH
  Gas used:            157142 of 157142
  Block #118:          0xcb6cee4244107759e2370829969e2973c44666d74c2e54378462204f2ef96ef3

[32meth_chainId[0m
[32meth_getTransactionByHash[0m
[32meth_chainId[0m
[32meth_getTransactionReceipt[0m
[32meth_chainId[0m
[32meth_accounts[0m
[32meth_chainId[0m
[32meth_blockNumber[0m
[32meth_chainId[0m
[32meth_estimateGas[0m
[32meth_getBlockByNumber[0m
[32meth_feeHistory[0m
[32meth_sendTransaction[0m
  Contract deployment: MIPS
  Contract address:    0x5bf5b11053e734690269c6b9d438f8c9d48f528a
  Transaction:         0x87702a9d47dd11371edc1212ef417226d8b524a837f6bb5b13f541f0b5960e00
  From:                0xf39fd6e51aad88f6f4ce6ab8827279cfffb92266
  Value:               0 ETH
  Gas used:            5576934 of 5576934
  Block #119:          0x5d7ae78efd7f14efff6240970fc89c6d1537c82ce0791938fe8325a49671d469

[32meth_chainId[0m
[32meth_getTransactionByHash[0m
[32meth_chainId[0m
[32meth_getTransactionReceipt[0m
[32meth_chainId[0m
[32meth_call[0m
  Contract call:       MIPS#m
  From:                0xf39fd6e51aad88f6f4ce6ab8827279cfffb92266
  To:                  0x5bf5b11053e734690269c6b9d438f8c9d48f528a

[32meth_accounts[0m
[32meth_accounts (2)[0m
[32meth_chainId[0m
[32meth_estimateGas[0m
[32meth_feeHistory[0m
[32meth_sendTransaction[0m
  Contract deployment: Challenge
  Contract address:    0xffa7ca1aeeebbc30c874d32c7e22f052bbea0429
  Transaction:         0x77d99468af17b46f3d4440498162ca3ff36af134df85be3d4ea7ce664725e5f8
  From:                0xf39fd6e51aad88f6f4ce6ab8827279cfffb92266
  Value:               0 ETH
  Gas used:            1323271 of 1323271
  Block #120:          0x351e9bd3c0af1fd1edeca2dfcbbe1ea824104e7bd82ed1a4ceafbe88af95a50a

[32meth_chainId[0m
[32meth_getTransactionByHash[0m
[32meth_chainId[0m
[32meth_accounts[0m
[32meth_accounts (2)[0m
[32meth_accounts (3)[0m
[32meth_chainId[0m
[32meth_accounts[0m
[31meth_call[0m
  Contract call:       Challenge#callWithTrieNodes
  From:                0xf39fd6e51aad88f6f4ce6ab8827279cfffb92266
  To:                  0xffa7ca1aeeebbc30c874d32c7e22f052bbea0429

  Error: reverted with reason string '2dca86ebbd9708777ce54e5e453ba3ed067dcf9184758deaf8129ec810df5408'

[32meth_chainId[0m
[31meth_call[0m
  Contract call:       Challenge#callWithTrieNodes
  From:                0xf39fd6e51aad88f6f4ce6ab8827279cfffb92266
  To:                  0xffa7ca1aeeebbc30c874d32c7e22f052bbea0429

  Error: reverted with reason string '0cb33735f7ae2e24b34e0267ae8ce1bcea9aa350f9cb686cbf35ffff2fcf14e1'

[32meth_chainId[0m
[31meth_call[0m
  Contract call:       Challenge#callWithTrieNodes
  From:                0xf39fd6e51aad88f6f4ce6ab8827279cfffb92266
  To:                  0xffa7ca1aeeebbc30c874d32c7e22f052bbea0429

  Error: reverted with reason string '9bb51ad8a54c6bad5c6b92b11b8a1b3db6a7d91f8c26a84213e3822e086a531a'

[32meth_chainId[0m
[31meth_call[0m
  Contract call:       Challenge#callWithTrieNodes
  From:                0xf39fd6e51aad88f6f4ce6ab8827279cfffb92266
  To:                  0xffa7ca1aeeebbc30c874d32c7e22f052bbea0429

  Error: reverted with reason string '3da91779b428565a1c6157e87bde41b635323378d1fb3b339d3f64b4d348d5b8'

[32meth_chainId[0m
[31meth_call[0m
  Contract call:       Challenge#callWithTrieNodes
  From:                0xf39fd6e51aad88f6f4ce6ab8827279cfffb92266
  To:                  0xffa7ca1aeeebbc30c874d32c7e22f052bbea0429

  Error: reverted with reason string 'f00dde62ba26b9d32bba67f507be19830db86252a9504bc895a4561e38d2cc9c'

[32meth_chainId[0m
[31meth_call[0m
  Contract call:       Challenge#callWithTrieNodes
  From:                0xf39fd6e51aad88f6f4ce6ab8827279cfffb92266
  To:                  0xffa7ca1aeeebbc30c874d32c7e22f052bbea0429

  Error: reverted with reason string 'b2f0f022eede30dc2b0aafca45a947f0148fd2b7eb11e37cdaf7973053e92471'

[32meth_chainId[0m
[31meth_call[0m
  Contract call:       Challenge#callWithTrieNodes
  From:                0xf39fd6e51aad88f6f4ce6ab8827279cfffb92266
  To:                  0xffa7ca1aeeebbc30c874d32c7e22f052bbea0429

  Error: reverted with reason string 'ea1731a24032d2823ffd2436db589f7a8b5413bd0cdc5d4995e7fce5f5b9f290'

[32meth_chainId[0m
[32meth_call[0m
  Contract call:       Challenge#callWithTrieNodes
  From:                0xf39fd6e51aad88f6f4ce6ab8827279cfffb92266
  To:                  0xffa7ca1aeeebbc30c874d32c7e22f052bbea0429

[32meth_blockNumber[0m
[32meth_chainId[0m
[32meth_chainId (2)[0m
[32meth_estimateGas[0m
[32meth_getBlockByNumber[0m
[32meth_feeHistory[0m
[32meth_sendTransaction[0m
  Contract call:       MIPSMemory#AddTrieNode
  Transaction:         0xe89d05d50461fc7e4ead19f36a96c3a495fed084b16e0bc0381b73b279242d13
  From:                0xf39fd6e51aad88f6f4ce6ab8827279cfffb92266
  To:                  0xa96ca159f70efe7e03bdb91534a3f84810dcd61b
  Value:               0 ETH
  Gas used:            135059 of 135059
  Block #121:          0x8c6bbc5317b070c5eeedfd2caad5a2ad4afb185945d0f756c82258baeecbe728

[32meth_chainId[0m
[32meth_getTransactionByHash[0m
[32meth_chainId[0m
[32meth_estimateGas[0m
[32meth_feeHistory[0m
[32meth_sendTransaction[0m
  Contract call:       MIPSMemory#AddTrieNode
  Transaction:         0xc1a85fd7edfe4b6563c36e4bf547019968e008b37e91547f381003fbfdc6a315
  From:                0xf39fd6e51aad88f6f4ce6ab8827279cfffb92266
  To:                  0xa96ca159f70efe7e03bdb91534a3f84810dcd61b
  Value:               0 ETH
  Gas used:            89503 of 89503
  Block #122:          0xe3ec80adf980d1319a48625cf459db00904298b7186c279de1f05a6ad2d70bfe

[32meth_chainId[0m
[32meth_getTransactionByHash[0m
[32meth_chainId[0m
[32meth_estimateGas[0m
[32meth_feeHistory[0m
[32meth_sendTransaction[0m
  Contract call:       MIPSMemory#AddTrieNode
  Transaction:         0x81c99eaf6d4a1137dadfd9cfdda0a43c571bbcbcfd921d2b310576423bd482ab
  From:                0xf39fd6e51aad88f6f4ce6ab8827279cfffb92266
  To:                  0xa96ca159f70efe7e03bdb91534a3f84810dcd61b
  Value:               0 ETH
  Gas used:            135071 of 135071
  Block #123:          0xe1be6edb4e34b2baf3e89d99b0e26672a1cafe4330244f4f01e07ef626c9789c

[32meth_chainId[0m
[32meth_getTransactionByHash[0m
[32meth_chainId[0m
[32meth_estimateGas[0m
[32meth_feeHistory[0m
[32meth_sendTransaction[0m
  Contract call:       MIPSMemory#AddTrieNode
  Transaction:         0x74e33b92bef5cbc4a694b1ba1430972c52c45eb6f80f1e343b7f7a6d0e1b8d25
  From:                0xf39fd6e51aad88f6f4ce6ab8827279cfffb92266
  To:                  0xa96ca159f70efe7e03bdb91534a3f84810dcd61b
  Value:               0 ETH
  Gas used:            89443 of 89443
  Block #124:          0xc6527fa4118de0f6752c6c9ab7957bb82808d5e0bc01999513113e438fc0e5d7

[32meth_chainId[0m
[32meth_getTransactionByHash[0m
[32meth_chainId[0m
[32meth_estimateGas[0m
[32meth_feeHistory[0m
[32meth_sendTransaction[0m
  Contract call:       MIPSMemory#AddTrieNode
  Transaction:         0xc3613cc029d6d8333f26b0ed4c522eb7f73ca9232ffb91ded5da0e4c734005b3
  From:                0xf39fd6e51aad88f6f4ce6ab8827279cfffb92266
  To:                  0xa96ca159f70efe7e03bdb91534a3f84810dcd61b
  Value:               0 ETH
  Gas used:            157753 of 157753
  Block #125:          0xeebba8d266c40500c411abc73bd76d0d0862443e4a4ca22e4555a03931cfbeb8

[32meth_chainId[0m
[32meth_getTransactionByHash[0m
[32meth_chainId[0m
[32meth_estimateGas[0m
[32meth_feeHistory[0m
[32meth_sendTransaction[0m
  Contract call:       MIPSMemory#AddTrieNode
  Transaction:         0x69ab6c2b2197883dd09e6b32a555cda4dfe95a0def99ca71e87a2903b5d23ad6
  From:                0xf39fd6e51aad88f6f4ce6ab8827279cfffb92266
  To:                  0xa96ca159f70efe7e03bdb91534a3f84810dcd61b
  Value:               0 ETH
  Gas used:            135167 of 135167
  Block #126:          0x1da89605f5a2f8199e2e59185a36ca155dfa5f49b5cabf44e0020602c2931da0

[32meth_chainId[0m
[32meth_getTransactionByHash[0m
[32meth_chainId[0m
[32meth_estimateGas[0m
[32meth_feeHistory[0m
[32meth_sendTransaction[0m
  Contract call:       MIPSMemory#AddTrieNode
  Transaction:         0x2ebf35d37d3a37a4e1e44265663c1f391292e1d4d52a9405ee350612ec2e13c2
  From:                0xf39fd6e51aad88f6f4ce6ab8827279cfffb92266
  To:                  0xa96ca159f70efe7e03bdb91534a3f84810dcd61b
  Value:               0 ETH
  Gas used:            89383 of 89383
  Block #127:          0xfd0dc2cc297394b12225ab5594901cdb59d1c1c7d5d1dfb9b63828a00d2f50c4

[32meth_chainId[0m
[32meth_getTransactionByHash[0m
[32meth_chainId[0m
[32meth_estimateGas[0m
[32meth_feeHistory[0m
[32meth_sendTransaction[0m
  Contract call:       Challenge#initiatePureComputationChallenge
  Transaction:         0xc644b4fe66dd08d7dab456b37a3dff2af396b2c1af50b88c99767a11c1b01c2b
  From:                0xf39fd6e51aad88f6f4ce6ab8827279cfffb92266
  To:                  0xffa7ca1aeeebbc30c874d32c7e22f052bbea0429
  Value:               0 ETH
  Gas used:            536480 of 536480
  Block #128:          0x8fec9afb882e151037644738a9bb309d666d198007057a5148fcc86b6c31f232

[32meth_chainId[0m
[32meth_getTransactionByHash[0m
[32meth_chainId[0m
[32meth_getTransactionReceipt[0m
[32meth_chainId[0m
[32meth_accounts[0m
[32meth_accounts (2)[0m
[32meth_accounts (3)[0m
[32meth_chainId[0m
[32meth_call[0m
  Contract call:       Challenge#getStepNumber
  From:                0xf39fd6e51aad88f6f4ce6ab8827279cfffb92266
  To:                  0xffa7ca1aeeebbc30c874d32c7e22f052bbea0429

[32meth_chainId[0m
[32meth_call[0m
  Contract call:       Challenge#isSearching
  From:                0xf39fd6e51aad88f6f4ce6ab8827279cfffb92266
  To:                  0xffa7ca1aeeebbc30c874d32c7e22f052bbea0429

[32meth_chainId[0m
[32meth_call[0m
  Contract call:       Challenge#getProposedState
  From:                0xf39fd6e51aad88f6f4ce6ab8827279cfffb92266
  To:                  0xffa7ca1aeeebbc30c874d32c7e22f052bbea0429

[32meth_blockNumber[0m
[32meth_chainId[0m
[32meth_chainId (2)[0m
[32meth_estimateGas[0m
[32meth_getBlockByNumber[0m
[32meth_feeHistory[0m
[32meth_sendTransaction[0m
  Contract call:       Challenge#proposeState
  Transaction:         0x0d5637656906674b4701a60da7f8fbad8591cce9c85e2baabb21b4f8f175ee1f
  From:                0xf39fd6e51aad88f6f4ce6ab8827279cfffb92266
  To:                  0xffa7ca1aeeebbc30c874d32c7e22f052bbea0429
  Value:               0 ETH
  Gas used:            51634 of 51634
  Block #129:          0xac2f6bdde8356747a449eeb843367689326f5d9e53713c3390ca623ff4d07624

[32meth_chainId[0m
[32meth_getTransactionByHash[0m
[32meth_chainId[0m
[32meth_getTransactionReceipt[0m
[32meth_chainId[0m
[32meth_accounts[0m
[32meth_accounts (2)[0m
[32meth_accounts (3)[0m
[32meth_chainId[0m
[32meth_call[0m
  Contract call:       Challenge#getStepNumber
  From:                0xf39fd6e51aad88f6f4ce6ab8827279cfffb92266
  To:                  0xffa7ca1aeeebbc30c874d32c7e22f052bbea0429

[32meth_chainId[0m
[32meth_call[0m
  Contract call:       Challenge#isSearching
  From:                0xf39fd6e51aad88f6f4ce6ab8827279cfffb92266
  To:                  0xffa7ca1aeeebbc30c874d32c7e22f052bbea0429

[32meth_chainId[0m
[32meth_call[0m
  Contract call:       Challenge#getProposedState
  From:                0xf39fd6e51aad88f6f4ce6ab8827279cfffb92266
  To:                  0xffa7ca1aeeebbc30c874d32c7e22f052bbea0429

[32meth_blockNumber[0m
[32meth_chainId[0m
[32meth_chainId (2)[0m
[32meth_estimateGas[0m
[32meth_getBlockByNumber[0m
[32meth_feeHistory[0m
[32meth_sendTransaction[0m
  Contract call:       Challenge#respondState
  Transaction:         0x75b3c20e07537f476221c6df4b50bea993ba782b85265b02047464ade8633bdc
  From:                0xf39fd6e51aad88f6f4ce6ab8827279cfffb92266
  To:                  0xffa7ca1aeeebbc30c874d32c7e22f052bbea0429
  Value:               0 ETH
  Gas used:            73939 of 73939
  Block #130:          0x261a41bbc0e9634e76e7966a02fae1838b3e6c3ffc77cf69f7bb7414651e9535

[32meth_chainId[0m
[32meth_getTransactionByHash[0m
[32meth_chainId[0m
[32meth_getTransactionReceipt[0m
[32meth_chainId[0m
[32meth_accounts[0m
[32meth_accounts (2)[0m
[32meth_accounts (3)[0m
[32meth_chainId[0m
[32meth_call[0m
  Contract call:       Challenge#getStepNumber
  From:                0xf39fd6e51aad88f6f4ce6ab8827279cfffb92266
  To:                  0xffa7ca1aeeebbc30c874d32c7e22f052bbea0429

[32meth_chainId[0m
[32meth_call[0m
  Contract call:       Challenge#isSearching
  From:                0xf39fd6e51aad88f6f4ce6ab8827279cfffb92266
  To:                  0xffa7ca1aeeebbc30c874d32c7e22f052bbea0429

[32meth_chainId[0m
[32meth_call[0m
  Contract call:       Challenge#getProposedState
  From:                0xf39fd6e51aad88f6f4ce6ab8827279cfffb92266
  To:                  0xffa7ca1aeeebbc30c874d32c7e22f052bbea0429

[32meth_blockNumber[0m
[32meth_chainId[0m
[32meth_chainId (2)[0m
[32meth_estimateGas[0m
[32meth_getBlockByNumber[0m
[32meth_feeHistory[0m
[32meth_sendTransaction[0m
  Contract call:       Challenge#proposeState
  Transaction:         0x169c79d941ccceb6e7e3e6eeb5bbd944529c047ae8e8d43005440dc865b729f7
  From:                0xf39fd6e51aad88f6f4ce6ab8827279cfffb92266
  To:                  0xffa7ca1aeeebbc30c874d32c7e22f052bbea0429
  Value:               0 ETH
  Gas used:            51634 of 51634
  Block #131:          0xfe620781eb747a4ef5df871012d8a236599b73136c9497d04536d229f1d49d96

[32meth_chainId[0m
[32meth_getTransactionByHash[0m
[32meth_chainId[0m
[32meth_getTransactionReceipt[0m
[32meth_chainId[0m
[32meth_accounts[0m
[32meth_accounts (2)[0m
[32meth_accounts (3)[0m
[32meth_chainId[0m
[32meth_call[0m
  Contract call:       Challenge#getStepNumber
  From:                0xf39fd6e51aad88f6f4ce6ab8827279cfffb92266
  To:                  0xffa7ca1aeeebbc30c874d32c7e22f052bbea0429

[32meth_chainId[0m
[32meth_call[0m
  Contract call:       Challenge#isSearching
  From:                0xf39fd6e51aad88f6f4ce6ab8827279cfffb92266
  To:                  0xffa7ca1aeeebbc30c874d32c7e22f052bbea0429

[32meth_chainId[0m
[32meth_call[0m
  Contract call:       Challenge#getProposedState
  From:                0xf39fd6e51aad88f6f4ce6ab8827279cfffb92266
  To:                  0xffa7ca1aeeebbc30c874d32c7e22f052bbea0429

[32meth_blockNumber[0m
[32meth_chainId[0m
[32meth_chainId (2)[0m
[32meth_estimateGas[0m
[32meth_getBlockByNumber[0m
[32meth_feeHistory[0m
[32meth_sendTransaction[0m
  Contract call:       Challenge#respondState
  Transaction:         0xa9800f53776dca11d0ebf5ada7bb1b1072a398496e3430b11ac9abdd973ba030
  From:                0xf39fd6e51aad88f6f4ce6ab8827279cfffb92266
  To:                  0xffa7ca1aeeebbc30c874d32c7e22f052bbea0429
  Value:               0 ETH
  Gas used:            56839 of 56839
  Block #132:          0x11dcf5b5c53eb07fc96c1d57f3dd95206f7cf7148f19cfb8a984452588a81e0d

[32meth_chainId[0m
[32meth_getTransactionByHash[0m
[32meth_chainId[0m
[32meth_getTransactionReceipt[0m
[32meth_chainId[0m
[32meth_accounts[0m
[32meth_accounts (2)[0m
[32meth_accounts (3)[0m
[32meth_chainId[0m
[32meth_call[0m
  Contract call:       Challenge#getStepNumber
  From:                0xf39fd6e51aad88f6f4ce6ab8827279cfffb92266
  To:                  0xffa7ca1aeeebbc30c874d32c7e22f052bbea0429

[32meth_chainId[0m
[32meth_call[0m
  Contract call:       Challenge#isSearching
  From:                0xf39fd6e51aad88f6f4ce6ab8827279cfffb92266
  To:                  0xffa7ca1aeeebbc30c874d32c7e22f052bbea0429

[32meth_chainId[0m
[32meth_call[0m
  Contract call:       Challenge#getProposedState
  From:                0xf39fd6e51aad88f6f4ce6ab8827279cfffb92266
  To:                  0xffa7ca1aeeebbc30c874d32c7e22f052bbea0429

[32meth_blockNumber[0m
[32meth_chainId[0m
[32meth_chainId (2)[0m
[32meth_estimateGas[0m
[32meth_getBlockByNumber[0m
[32meth_feeHistory[0m
[32meth_sendTransaction[0m
  Contract call:       Challenge#proposeState
  Transaction:         0xc82fc0bf7289996f0eaa743ba299637f3c9e554d75cab7d831b9f4c7494d2a2e
  From:                0xf39fd6e51aad88f6f4ce6ab8827279cfffb92266
  To:                  0xffa7ca1aeeebbc30c874d32c7e22f052bbea0429
  Value:               0 ETH
  Gas used:            51634 of 51634
  Block #133:          0x72f0cf8e01dae92cf892802c63d1964b3e667c57b4dbc1cd517c6486bc4ac31f

[32meth_chainId[0m
[32meth_getTransactionByHash[0m
[32meth_chainId[0m
[32meth_getTransactionReceipt[0m
[32meth_chainId[0m
[32meth_accounts[0m
[32meth_accounts (2)[0m
[32meth_accounts (3)[0m
[32meth_chainId[0m
[32meth_call[0m
  Contract call:       Challenge#getStepNumber
  From:                0xf39fd6e51aad88f6f4ce6ab8827279cfffb92266
  To:                  0xffa7ca1aeeebbc30c874d32c7e22f052bbea0429

[32meth_chainId[0m
[32meth_call[0m
  Contract call:       Challenge#isSearching
  From:                0xf39fd6e51aad88f6f4ce6ab8827279cfffb92266
  To:                  0xffa7ca1aeeebbc30c874d32c7e22f052bbea0429

[32meth_chainId[0m
[32meth_call[0m
  Contract call:       Challenge#getProposedState
  From:                0xf39fd6e51aad88f6f4ce6ab8827279cfffb92266
  To:                  0xffa7ca1aeeebbc30c874d32c7e22f052bbea0429

[32meth_blockNumber[0m
[32meth_chainId[0m
[32meth_chainId (2)[0m
[32meth_estimateGas[0m
[32meth_getBlockByNumber[0m
[32meth_feeHistory[0m
[32meth_sendTransaction[0m
  Contract call:       Challenge#respondState
  Transaction:         0xd64e1a6fb2966e4c69d2b9ff28efa87ac8ee1ed09f851fd52e31c6377817dfd6
  From:                0xf39fd6e51aad88f6f4ce6ab8827279cfffb92266
  To:                  0xffa7ca1aeeebbc30c874d32c7e22f052bbea0429
  Value:               0 ETH
  Gas used:            56839 of 56839
  Block #134:          0xcab26503ee1842f64d1e08c01c8d24ca53a902e0e1b229f35189c662a319a66a

[32meth_chainId[0m
[32meth_getTransactionByHash[0m
[32meth_chainId[0m
[32meth_getTransactionReceipt[0m
[32meth_chainId[0m
[32meth_accounts[0m
[32meth_accounts (2)[0m
[32meth_accounts (3)[0m
[32meth_chainId[0m
[32meth_call[0m
  Contract call:       Challenge#getStepNumber
  From:                0xf39fd6e51aad88f6f4ce6ab8827279cfffb92266
  To:                  0xffa7ca1aeeebbc30c874d32c7e22f052bbea0429

[32meth_chainId[0m
[32meth_call[0m
  Contract call:       Challenge#isSearching
  From:                0xf39fd6e51aad88f6f4ce6ab8827279cfffb92266
  To:                  0xffa7ca1aeeebbc30c874d32c7e22f052bbea0429

[32meth_chainId[0m
[32meth_call[0m
  Contract call:       Challenge#getProposedState
  From:                0xf39fd6e51aad88f6f4ce6ab8827279cfffb92266
  To:                  0xffa7ca1aeeebbc30c874d32c7e22f052bbea0429

[32meth_blockNumber[0m
[32meth_chainId[0m
[32meth_chainId (2)[0m
[32meth_estimateGas[0m
[32meth_getBlockByNumber[0m
[32meth_feeHistory[0m
[32meth_sendTransaction[0m
  Contract call:       Challenge#proposeState
  Transaction:         0x122121a938af77670aba2630c2cf7ed32eec4f0e08ad0dd812f22c9e1e8b2711
  From:                0xf39fd6e51aad88f6f4ce6ab8827279cfffb92266
  To:                  0xffa7ca1aeeebbc30c874d32c7e22f052bbea0429
  Value:               0 ETH
  Gas used:            51634 of 51634
  Block #135:          0x72d923b1b189ff301e0d44c609768d61c61acd4f2611b97df8226fa81da53479

[32meth_chainId[0m
[32meth_getTransactionByHash[0m
[32meth_chainId[0m
[32meth_getTransactionReceipt[0m
[32meth_chainId[0m
[32meth_accounts[0m
[32meth_accounts (2)[0m
[32meth_accounts (3)[0m
[32meth_chainId[0m
[32meth_call[0m
  Contract call:       Challenge#getStepNumber
  From:                0xf39fd6e51aad88f6f4ce6ab8827279cfffb92266
  To:                  0xffa7ca1aeeebbc30c874d32c7e22f052bbea0429

[32meth_chainId[0m
[32meth_call[0m
  Contract call:       Challenge#isSearching
  From:                0xf39fd6e51aad88f6f4ce6ab8827279cfffb92266
  To:                  0xffa7ca1aeeebbc30c874d32c7e22f052bbea0429

[32meth_chainId[0m
[32meth_call[0m
  Contract call:       Challenge#getProposedState
  From:                0xf39fd6e51aad88f6f4ce6ab8827279cfffb92266
  To:                  0xffa7ca1aeeebbc30c874d32c7e22f052bbea0429

[32meth_blockNumber[0m
[32meth_chainId[0m
[32meth_chainId (2)[0m
[32meth_estimateGas[0m
[32meth_getBlockByNumber[0m
[32meth_feeHistory[0m
[32meth_sendTransaction[0m
  Contract call:       Challenge#respondState
  Transaction:         0xccb9fd9ded1a1bda69cb8336fe2ad2fb75a8b55b8054ce7a132f85f17dc80c22
  From:                0xf39fd6e51aad88f6f4ce6ab8827279cfffb92266
  To:                  0xffa7ca1aeeebbc30c874d32c7e22f052bbea0429
  Value:               0 ETH
  Gas used:            56839 of 56839
  Block #136:          0x8f6224a062093b9cce5c7a9ec9ae9840d183c57c19e7d217e46a72107eabb2db

[32meth_chainId[0m
[32meth_getTransactionByHash[0m
[32meth_chainId[0m
[32meth_getTransactionReceipt[0m
[32meth_chainId[0m
[32meth_accounts[0m
[32meth_accounts (2)[0m
[32meth_accounts (3)[0m
[32meth_chainId[0m
[32meth_call[0m
  Contract call:       Challenge#getStepNumber
  From:                0xf39fd6e51aad88f6f4ce6ab8827279cfffb92266
  To:                  0xffa7ca1aeeebbc30c874d32c7e22f052bbea0429

[32meth_chainId[0m
[32meth_call[0m
  Contract call:       Challenge#isSearching
  From:                0xf39fd6e51aad88f6f4ce6ab8827279cfffb92266
  To:                  0xffa7ca1aeeebbc30c874d32c7e22f052bbea0429

[32meth_chainId[0m
[32meth_call[0m
  Contract call:       Challenge#getProposedState
  From:                0xf39fd6e51aad88f6f4ce6ab8827279cfffb92266
  To:                  0xffa7ca1aeeebbc30c874d32c7e22f052bbea0429

[32meth_blockNumber[0m
[32meth_chainId[0m
[32meth_chainId (2)[0m
[32meth_estimateGas[0m
[32meth_getBlockByNumber[0m
[32meth_feeHistory[0m
[32meth_sendTransaction[0m
  Contract call:       Challenge#proposeState
  Transaction:         0x88dd6f9118c49f2a41600b71c122795a8ee54270eea57c392ec1272efb1bc1ba
  From:                0xf39fd6e51aad88f6f4ce6ab8827279cfffb92266
  To:                  0xffa7ca1aeeebbc30c874d32c7e22f052bbea0429
  Value:               0 ETH
  Gas used:            51634 of 51634
  Block #137:          0x2e9940a76fd5b22a000c8e3f97a975adec6c3d2ea83fd695fadcd1c58a2a78db

[32meth_chainId[0m
[32meth_getTransactionByHash[0m
[32meth_chainId[0m
[32meth_getTransactionReceipt[0m
[32meth_chainId[0m
[32meth_accounts[0m
[32meth_accounts (2)[0m
[32meth_accounts (3)[0m
[32meth_chainId[0m
[32meth_call[0m
  Contract call:       Challenge#getStepNumber
  From:                0xf39fd6e51aad88f6f4ce6ab8827279cfffb92266
  To:                  0xffa7ca1aeeebbc30c874d32c7e22f052bbea0429

[32meth_chainId[0m
[32meth_call[0m
  Contract call:       Challenge#isSearching
  From:                0xf39fd6e51aad88f6f4ce6ab8827279cfffb92266
  To:                  0xffa7ca1aeeebbc30c874d32c7e22f052bbea0429

[32meth_chainId[0m
[32meth_call[0m
  Contract call:       Challenge#getProposedState
  From:                0xf39fd6e51aad88f6f4ce6ab8827279cfffb92266
  To:                  0xffa7ca1aeeebbc30c874d32c7e22f052bbea0429

[32meth_blockNumber[0m
[32meth_chainId[0m
[32meth_chainId (2)[0m
[32meth_estimateGas[0m
[32meth_getBlockByNumber[0m
[32meth_feeHistory[0m
[32meth_sendTransaction[0m
  Contract call:       Challenge#respondState
  Transaction:         0xc74c37c3716dc0fcf49b7c409af59c2fdd5abc2c2cfd0aa86f42c4f5f85222ec
  From:                0xf39fd6e51aad88f6f4ce6ab8827279cfffb92266
  To:                  0xffa7ca1aeeebbc30c874d32c7e22f052bbea0429
  Value:               0 ETH
  Gas used:            56839 of 56839
  Block #138:          0xc4dc850bed0e9a7939da08595a9cb7431249f17b9cc5d59a69df98a2fe98cc36

[32meth_chainId[0m
[32meth_getTransactionByHash[0m
[32meth_chainId[0m
[32meth_getTransactionReceipt[0m
[32meth_chainId[0m
[32meth_accounts[0m
[32meth_accounts (2)[0m
[32meth_accounts (3)[0m
[32meth_chainId[0m
[32meth_call[0m
  Contract call:       Challenge#getStepNumber
  From:                0xf39fd6e51aad88f6f4ce6ab8827279cfffb92266
  To:                  0xffa7ca1aeeebbc30c874d32c7e22f052bbea0429

[32meth_chainId[0m
[32meth_call[0m
  Contract call:       Challenge#isSearching
  From:                0xf39fd6e51aad88f6f4ce6ab8827279cfffb92266
  To:                  0xffa7ca1aeeebbc30c874d32c7e22f052bbea0429

[32meth_chainId[0m
[32meth_call[0m
  Contract call:       Challenge#getProposedState
  From:                0xf39fd6e51aad88f6f4ce6ab8827279cfffb92266
  To:                  0xffa7ca1aeeebbc30c874d32c7e22f052bbea0429

[32meth_chainId[0m
[32meth_accounts[0m
[32meth_blockNumber[0m
[32meth_chainId[0m
[32meth_chainId (2)[0m
[32meth_estimateGas[0m
[32meth_getBlockByNumber[0m
[32meth_feeHistory[0m
[32meth_sendTransaction[0m
  Contract deployment: MIPS
  Contract address:    0xb0f05d25e41fbc2b52013099ed9616f1206ae21b
  Transaction:         0x4d37d0ab6f0244dd35deedae11b2e68286a47ee01e4b3e2bdf9d013d80601c14
  From:                0xf39fd6e51aad88f6f4ce6ab8827279cfffb92266
  Value:               0 ETH
  Gas used:            5576934 of 5576934
  Block #139:          0xe9ee0fe2159844d4466521b709b1abd646a915625283fc35f3db974907df46d7

[32meth_chainId[0m
[32meth_getTransactionByHash[0m
[32meth_chainId[0m
[32meth_getTransactionReceipt[0m
[32meth_chainId[0m
[32meth_call[0m
  Contract call:       MIPS#m
  From:                0xf39fd6e51aad88f6f4ce6ab8827279cfffb92266
  To:                  0xb0f05d25e41fbc2b52013099ed9616f1206ae21b

[32meth_accounts[0m
[32meth_accounts (2)[0m
[32meth_chainId[0m
[32meth_estimateGas[0m
[32meth_feeHistory[0m
[32meth_sendTransaction[0m
  Contract deployment: Challenge
  Contract address:    0x5feaebfb4439f3516c74939a9d04e95afe82c4ae
  Transaction:         0xb91749dfe5584c1e5cf0c501ba6b6630d2f9a757bfc44c6a95c15091ed4e78cf
  From:                0xf39fd6e51aad88f6f4ce6ab8827279cfffb92266
  Value:               0 ETH
  Gas used:            1323271 of 1323271
  Block #140:          0xfdfc1d049bdb6c3544563af451c57b679b8bab61b6dde890db3c42a6873f41be

[32meth_chainId[0m
[32meth_getTransactionByHash[0m
[32meth_chainId[0m
[32meth_accounts[0m
[32meth_accounts (2)[0m
[32meth_accounts (3)[0m
[32meth_chainId[0m
[32meth_accounts[0m
[31meth_call[0m
  Contract call:       Challenge#callWithTrieNodes
  From:                0xf39fd6e51aad88f6f4ce6ab8827279cfffb92266
  To:                  0x5feaebfb4439f3516c74939a9d04e95afe82c4ae

  Error: reverted with reason string '2dca86ebbd9708777ce54e5e453ba3ed067dcf9184758deaf8129ec810df5408'

[32meth_chainId[0m
[31meth_call[0m
  Contract call:       Challenge#callWithTrieNodes
  From:                0xf39fd6e51aad88f6f4ce6ab8827279cfffb92266
  To:                  0x5feaebfb4439f3516c74939a9d04e95afe82c4ae

  Error: reverted with reason string '0cb33735f7ae2e24b34e0267ae8ce1bcea9aa350f9cb686cbf35ffff2fcf14e1'

[32meth_chainId[0m
[31meth_call[0m
  Contract call:       Challenge#callWithTrieNodes
  From:                0xf39fd6e51aad88f6f4ce6ab8827279cfffb92266
  To:                  0x5feaebfb4439f3516c74939a9d04e95afe82c4ae

  Error: reverted with reason string '9bb51ad8a54c6bad5c6b92b11b8a1b3db6a7d91f8c26a84213e3822e086a531a'

[32meth_chainId[0m
[31meth_call[0m
  Contract call:       Challenge#callWithTrieNodes
  From:                0xf39fd6e51aad88f6f4ce6ab8827279cfffb92266
  To:                  0x5feaebfb4439f3516c74939a9d04e95afe82c4ae

  Error: reverted with reason string '3da91779b428565a1c6157e87bde41b635323378d1fb3b339d3f64b4d348d5b8'

[32meth_chainId[0m
[31meth_call[0m
  Contract call:       Challenge#callWithTrieNodes
  From:                0xf39fd6e51aad88f6f4ce6ab8827279cfffb92266
  To:                  0x5feaebfb4439f3516c74939a9d04e95afe82c4ae

  Error: reverted with reason string 'f00dde62ba26b9d32bba67f507be19830db86252a9504bc895a4561e38d2cc9c'

[32meth_chainId[0m
[31meth_call[0m
  Contract call:       Challenge#callWithTrieNodes
  From:                0xf39fd6e51aad88f6f4ce6ab8827279cfffb92266
  To:                  0x5feaebfb4439f3516c74939a9d04e95afe82c4ae

  Error: reverted with reason string 'b2f0f022eede30dc2b0aafca45a947f0148fd2b7eb11e37cdaf7973053e92471'

[32meth_chainId[0m
[31meth_call[0m
  Contract call:       Challenge#callWithTrieNodes
  From:                0xf39fd6e51aad88f6f4ce6ab8827279cfffb92266
  To:                  0x5feaebfb4439f3516c74939a9d04e95afe82c4ae

  Error: reverted with reason string 'ea1731a24032d2823ffd2436db589f7a8b5413bd0cdc5d4995e7fce5f5b9f290'

[32meth_chainId[0m
[32meth_call[0m
  Contract call:       Challenge#callWithTrieNodes
  From:                0xf39fd6e51aad88f6f4ce6ab8827279cfffb92266
  To:                  0x5feaebfb4439f3516c74939a9d04e95afe82c4ae

[32meth_blockNumber[0m
[32meth_chainId[0m
[32meth_chainId (2)[0m
[32meth_estimateGas[0m
[32meth_getBlockByNumber[0m
[32meth_feeHistory[0m
[32meth_sendTransaction[0m
  Contract call:       MIPSMemory#AddTrieNode
  Transaction:         0x6f03ff64d9aaf759c47834d41afe8cc0b61e0d319b0e028340f4a938b89d115d
  From:                0xf39fd6e51aad88f6f4ce6ab8827279cfffb92266
  To:                  0x9264ee2db87ba0a5ed6a5dc1790957829b8672a8
  Value:               0 ETH
  Gas used:            135059 of 135059
  Block #141:          0x32801ab70de0ce47c9b2bdec36d2d12a1567fd511ae12e2b1398a3316cb3cf81

[32meth_chainId[0m
[32meth_getTransactionByHash[0m
[32meth_chainId[0m
[32meth_estimateGas[0m
[32meth_feeHistory[0m
[32meth_sendTransaction[0m
  Contract call:       MIPSMemory#AddTrieNode
  Transaction:         0x725b5e5323f1945ac94fcc1f4c73dc3b4719020cd873fbd4771982af03b57450
  From:                0xf39fd6e51aad88f6f4ce6ab8827279cfffb92266
  To:                  0x9264ee2db87ba0a5ed6a5dc1790957829b8672a8
  Value:               0 ETH
  Gas used:            89503 of 89503
  Block #142:          0xdb50abe96109ed7d4df1fe8edc5f8bd56626fa1efda5705c80edb79c7095219d

[32meth_chainId[0m
[32meth_getTransactionByHash[0m
[32meth_chainId[0m
[32meth_estimateGas[0m
[32meth_feeHistory[0m
[32meth_sendTransaction[0m
  Contract call:       MIPSMemory#AddTrieNode
  Transaction:         0x9d706f293c57c62d971a206a56e3e7ab53eb8c65aa76625222884b538b851309
  From:                0xf39fd6e51aad88f6f4ce6ab8827279cfffb92266
  To:                  0x9264ee2db87ba0a5ed6a5dc1790957829b8672a8
  Value:               0 ETH
  Gas used:            135071 of 135071
  Block #143:          0xbff2c7f34a56ef4fb5b872a78a7f9b0e0771636ee282b44a2dae88c0d22ea0b0

[32meth_chainId[0m
[32meth_getTransactionByHash[0m
[32meth_chainId[0m
[32meth_estimateGas[0m
[32meth_feeHistory[0m
[32meth_sendTransaction[0m
  Contract call:       MIPSMemory#AddTrieNode
  Transaction:         0x93c1ce64c6080d5827f78872e4bfc3778ed6505b9b995c54aa440b738a0fc040
  From:                0xf39fd6e51aad88f6f4ce6ab8827279cfffb92266
  To:                  0x9264ee2db87ba0a5ed6a5dc1790957829b8672a8
  Value:               0 ETH
  Gas used:            89443 of 89443
  Block #144:          0x0167fec27524ba8b96ee7b36a7f02df6c60f77d5242f10522a51b5f51a0f5bbb

[32meth_chainId[0m
[32meth_getTransactionByHash[0m
[32meth_chainId[0m
[32meth_estimateGas[0m
[32meth_feeHistory[0m
[32meth_sendTransaction[0m
  Contract call:       MIPSMemory#AddTrieNode
  Transaction:         0x6e23accaad7523f4232bfc69eab22bf4999fe797cbc84839092d407243dd4d53
  From:                0xf39fd6e51aad88f6f4ce6ab8827279cfffb92266
  To:                  0x9264ee2db87ba0a5ed6a5dc1790957829b8672a8
  Value:               0 ETH
  Gas used:            157753 of 157753
  Block #145:          0xa132406bc7ddf77277052924fa2610d77f0f710723fd6e89e16fed9d2f4f9780

[32meth_chainId[0m
[32meth_getTransactionByHash[0m
[32meth_chainId[0m
[32meth_estimateGas[0m
[32meth_feeHistory[0m
[32meth_sendTransaction[0m
  Contract call:       MIPSMemory#AddTrieNode
  Transaction:         0xe4063efc4ea0d6ec300404d4f65e9c122ed872027914bcfd6d33c8c682687eca
  From:                0xf39fd6e51aad88f6f4ce6ab8827279cfffb92266
  To:                  0x9264ee2db87ba0a5ed6a5dc1790957829b8672a8
  Value:               0 ETH
  Gas used:            135167 of 135167
  Block #146:          0x4248ea9f0460323af10853cb70b2ed96c862e392f5c5abda09c1cdfcaefc6425

[32meth_chainId[0m
[32meth_getTransactionByHash[0m
[32meth_chainId[0m
[32meth_estimateGas[0m
[32meth_feeHistory[0m
[32meth_sendTransaction[0m
  Contract call:       MIPSMemory#AddTrieNode
  Transaction:         0xfe1e793f7d162dac9026a73a80ef0a901250ae713d4180326fdcd58cbfa0e512
  From:                0xf39fd6e51aad88f6f4ce6ab8827279cfffb92266
  To:                  0x9264ee2db87ba0a5ed6a5dc1790957829b8672a8
  Value:               0 ETH
  Gas used:            89383 of 89383
  Block #147:          0x776cf7364e6dc9c8e8fbe9822b9eca7a165a61ec40282c888cde593dff3b7cad

[32meth_chainId[0m
[32meth_getTransactionByHash[0m
[32meth_chainId[0m
[32meth_estimateGas[0m
[32meth_feeHistory[0m
[32meth_sendTransaction[0m
  Contract call:       Challenge#initiatePureComputationChallenge
  Transaction:         0x69d3049afe0fac7bf8fc405af7d39f8cb18829b2a00566b6985d2c6478a8e156
  From:                0xf39fd6e51aad88f6f4ce6ab8827279cfffb92266
  To:                  0x5feaebfb4439f3516c74939a9d04e95afe82c4ae
  Value:               0 ETH
  Gas used:            536480 of 536480
  Block #148:          0x78688176f5ea8f6ce3dc8520beb79dbcbc2c4925710dd2a50edbe498fe26ffe4

[32meth_chainId[0m
[32meth_getTransactionByHash[0m
[32meth_chainId[0m
[32meth_getTransactionReceipt[0m
[32meth_chainId[0m
[32meth_accounts[0m
[32meth_accounts (2)[0m
[32meth_accounts (3)[0m
[32meth_chainId[0m
[32meth_call[0m
  Contract call:       Challenge#getStepNumber
  From:                0xf39fd6e51aad88f6f4ce6ab8827279cfffb92266
  To:                  0x5feaebfb4439f3516c74939a9d04e95afe82c4ae

[32meth_chainId[0m
[32meth_call[0m
  Contract call:       Challenge#isSearching
  From:                0xf39fd6e51aad88f6f4ce6ab8827279cfffb92266
  To:                  0x5feaebfb4439f3516c74939a9d04e95afe82c4ae

[32meth_chainId[0m
[32meth_call[0m
  Contract call:       Challenge#getProposedState
  From:                0xf39fd6e51aad88f6f4ce6ab8827279cfffb92266
  To:                  0x5feaebfb4439f3516c74939a9d04e95afe82c4ae

[32meth_blockNumber[0m
[32meth_chainId[0m
[32meth_chainId (2)[0m
[32meth_estimateGas[0m
[32meth_getBlockByNumber[0m
[32meth_feeHistory[0m
[32meth_sendTransaction[0m
  Contract call:       Challenge#proposeState
  Transaction:         0x2ad727094930c8197138c881789506d8fa18ab78a8e9a9450b3d0c7bf2cc8ef5
  From:                0xf39fd6e51aad88f6f4ce6ab8827279cfffb92266
  To:                  0x5feaebfb4439f3516c74939a9d04e95afe82c4ae
  Value:               0 ETH
  Gas used:            51634 of 51634
  Block #149:          0x1a0030f9cd6ec38fd77b1d38aedc2c6dcb4e273f4aeec3336790cd81f8d5e91d

[32meth_chainId[0m
[32meth_getTransactionByHash[0m
[32meth_chainId[0m
[32meth_getTransactionReceipt[0m
[32meth_chainId[0m
[32meth_accounts[0m
[32meth_accounts (2)[0m
[32meth_accounts (3)[0m
[32meth_chainId[0m
[32meth_call[0m
  Contract call:       Challenge#getStepNumber
  From:                0xf39fd6e51aad88f6f4ce6ab8827279cfffb92266
  To:                  0x5feaebfb4439f3516c74939a9d04e95afe82c4ae

[32meth_chainId[0m
[32meth_call[0m
  Contract call:       Challenge#isSearching
  From:                0xf39fd6e51aad88f6f4ce6ab8827279cfffb92266
  To:                  0x5feaebfb4439f3516c74939a9d04e95afe82c4ae

[32meth_chainId[0m
[32meth_call[0m
  Contract call:       Challenge#getProposedState
  From:                0xf39fd6e51aad88f6f4ce6ab8827279cfffb92266
  To:                  0x5feaebfb4439f3516c74939a9d04e95afe82c4ae

[32meth_blockNumber[0m
[32meth_chainId[0m
[32meth_chainId (2)[0m
[32meth_estimateGas[0m
[32meth_getBlockByNumber[0m
[32meth_feeHistory[0m
[32meth_sendTransaction[0m
  Contract call:       Challenge#respondState
  Transaction:         0x01f70434c968178a4ee3aba36d95df5348a7d388b0175fab35c209302f363fbc
  From:                0xf39fd6e51aad88f6f4ce6ab8827279cfffb92266
  To:                  0x5feaebfb4439f3516c74939a9d04e95afe82c4ae
  Value:               0 ETH
  Gas used:            73939 of 73939
  Block #150:          0x28a592f5e382d8cbe87c80e9165d7cdbb6a8c98d93fd92d5a1fa1f4d2205f047

[32meth_chainId[0m
[32meth_getTransactionByHash[0m
[32meth_chainId[0m
[32meth_getTransactionReceipt[0m
[32meth_chainId[0m
[32meth_accounts[0m
[32meth_accounts (2)[0m
[32meth_accounts (3)[0m
[32meth_chainId[0m
[32meth_call[0m
  Contract call:       Challenge#getStepNumber
  From:                0xf39fd6e51aad88f6f4ce6ab8827279cfffb92266
  To:                  0x5feaebfb4439f3516c74939a9d04e95afe82c4ae

[32meth_chainId[0m
[32meth_call[0m
  Contract call:       Challenge#isSearching
  From:                0xf39fd6e51aad88f6f4ce6ab8827279cfffb92266
  To:                  0x5feaebfb4439f3516c74939a9d04e95afe82c4ae

[32meth_chainId[0m
[32meth_call[0m
  Contract call:       Challenge#getProposedState
  From:                0xf39fd6e51aad88f6f4ce6ab8827279cfffb92266
  To:                  0x5feaebfb4439f3516c74939a9d04e95afe82c4ae

[32meth_blockNumber[0m
[32meth_chainId[0m
[32meth_chainId (2)[0m
[32meth_estimateGas[0m
[32meth_getBlockByNumber[0m
[32meth_feeHistory[0m
[32meth_sendTransaction[0m
  Contract call:       Challenge#proposeState
  Transaction:         0x977fcf5845d50547c992f4ba72bbed9e81e8f7f9a755be8e22b2b3c3d7f1dc61
  From:                0xf39fd6e51aad88f6f4ce6ab8827279cfffb92266
  To:                  0x5feaebfb4439f3516c74939a9d04e95afe82c4ae
  Value:               0 ETH
  Gas used:            51634 of 51634
  Block #151:          0x29ee583d5ff6b9024c655d116d4a094b79ceb3f900da1180679460823eaedd16

[32meth_chainId[0m
[32meth_getTransactionByHash[0m
[32meth_chainId[0m
[32meth_getTransactionReceipt[0m
[32meth_chainId[0m
[32meth_accounts[0m
[32meth_accounts (2)[0m
[32meth_accounts (3)[0m
[32meth_chainId[0m
[32meth_call[0m
  Contract call:       Challenge#getStepNumber
  From:                0xf39fd6e51aad88f6f4ce6ab8827279cfffb92266
  To:                  0x5feaebfb4439f3516c74939a9d04e95afe82c4ae

[32meth_chainId[0m
[32meth_call[0m
  Contract call:       Challenge#isSearching
  From:                0xf39fd6e51aad88f6f4ce6ab8827279cfffb92266
  To:                  0x5feaebfb4439f3516c74939a9d04e95afe82c4ae

[32meth_chainId[0m
[32meth_call[0m
  Contract call:       Challenge#getProposedState
  From:                0xf39fd6e51aad88f6f4ce6ab8827279cfffb92266
  To:                  0x5feaebfb4439f3516c74939a9d04e95afe82c4ae

[32meth_blockNumber[0m
[32meth_chainId[0m
[32meth_chainId (2)[0m
[32meth_estimateGas[0m
[32meth_getBlockByNumber[0m
[32meth_feeHistory[0m
[32meth_sendTransaction[0m
  Contract call:       Challenge#respondState
  Transaction:         0x4596c3abb77e3b80d28dd9b0331236c001489fe1e631ab2e724e8bfdeac95cef
  From:                0xf39fd6e51aad88f6f4ce6ab8827279cfffb92266
  To:                  0x5feaebfb4439f3516c74939a9d04e95afe82c4ae
  Value:               0 ETH
  Gas used:            56839 of 56839
  Block #152:          0xb1ee1bd06770269704c6d369f6a1de63ba30303f75b8ebcbe6b23731de376139

[32meth_chainId[0m
[32meth_getTransactionByHash[0m
[32meth_chainId[0m
[32meth_getTransactionReceipt[0m
[32meth_chainId[0m
[32meth_accounts[0m
[32meth_accounts (2)[0m
[32meth_accounts (3)[0m
[32meth_chainId[0m
[32meth_call[0m
  Contract call:       Challenge#getStepNumber
  From:                0xf39fd6e51aad88f6f4ce6ab8827279cfffb92266
  To:                  0x5feaebfb4439f3516c74939a9d04e95afe82c4ae

[32meth_chainId[0m
[32meth_call[0m
  Contract call:       Challenge#isSearching
  From:                0xf39fd6e51aad88f6f4ce6ab8827279cfffb92266
  To:                  0x5feaebfb4439f3516c74939a9d04e95afe82c4ae

[32meth_chainId[0m
[32meth_call[0m
  Contract call:       Challenge#getProposedState
  From:                0xf39fd6e51aad88f6f4ce6ab8827279cfffb92266
  To:                  0x5feaebfb4439f3516c74939a9d04e95afe82c4ae

[32meth_blockNumber[0m
[32meth_chainId[0m
[32meth_chainId (2)[0m
[32meth_estimateGas[0m
[32meth_getBlockByNumber[0m
[32meth_feeHistory[0m
[32meth_sendTransaction[0m
  Contract call:       Challenge#proposeState
  Transaction:         0xc00bf97387f9742618d05f33d6fdb8a74cf347595831c8bfde0ed5effb68a441
  From:                0xf39fd6e51aad88f6f4ce6ab8827279cfffb92266
  To:                  0x5feaebfb4439f3516c74939a9d04e95afe82c4ae
  Value:               0 ETH
  Gas used:            51634 of 51634
  Block #153:          0xf1c815651312510ba3c48129fc0b0ad6b006e36ea462fc5541ee278c4cc60418

[32meth_chainId[0m
[32meth_getTransactionByHash[0m
[32meth_chainId[0m
[32meth_getTransactionReceipt[0m
[32meth_chainId[0m
[32meth_accounts[0m
[32meth_accounts (2)[0m
[32meth_accounts (3)[0m
[32meth_chainId[0m
[32meth_call[0m
  Contract call:       Challenge#getStepNumber
  From:                0xf39fd6e51aad88f6f4ce6ab8827279cfffb92266
  To:                  0x5feaebfb4439f3516c74939a9d04e95afe82c4ae

[32meth_chainId[0m
[32meth_call[0m
  Contract call:       Challenge#isSearching
  From:                0xf39fd6e51aad88f6f4ce6ab8827279cfffb92266
  To:                  0x5feaebfb4439f3516c74939a9d04e95afe82c4ae

[32meth_chainId[0m
[32meth_call[0m
  Contract call:       Challenge#getProposedState
  From:                0xf39fd6e51aad88f6f4ce6ab8827279cfffb92266
  To:                  0x5feaebfb4439f3516c74939a9d04e95afe82c4ae

[32meth_blockNumber[0m
[32meth_chainId[0m
[32meth_chainId (2)[0m
[32meth_estimateGas[0m
[32meth_getBlockByNumber[0m
[32meth_feeHistory[0m
[32meth_sendTransaction[0m
  Contract call:       Challenge#respondState
  Transaction:         0x3ae1591512461e2e45e4e9428f79b0ed0d2fdc40230f05d027d020e185895407
  From:                0xf39fd6e51aad88f6f4ce6ab8827279cfffb92266
  To:                  0x5feaebfb4439f3516c74939a9d04e95afe82c4ae
  Value:               0 ETH
  Gas used:            56839 of 56839
  Block #154:          0x35b35b13359b5377786768b496215afe2aa1a05ec0465dddcdc203b86a26d39e

[32meth_chainId[0m
[32meth_getTransactionByHash[0m
[32meth_chainId[0m
[32meth_getTransactionReceipt[0m
[32meth_chainId[0m
[32meth_accounts[0m
[32meth_accounts (2)[0m
[32meth_accounts (3)[0m
[32meth_chainId[0m
[32meth_call[0m
  Contract call:       Challenge#getStepNumber
  From:                0xf39fd6e51aad88f6f4ce6ab8827279cfffb92266
  To:                  0x5feaebfb4439f3516c74939a9d04e95afe82c4ae

[32meth_chainId[0m
[32meth_call[0m
  Contract call:       Challenge#isSearching
  From:                0xf39fd6e51aad88f6f4ce6ab8827279cfffb92266
  To:                  0x5feaebfb4439f3516c74939a9d04e95afe82c4ae

[32meth_chainId[0m
[32meth_call[0m
  Contract call:       Challenge#getProposedState
  From:                0xf39fd6e51aad88f6f4ce6ab8827279cfffb92266
  To:                  0x5feaebfb4439f3516c74939a9d04e95afe82c4ae

[32meth_blockNumber[0m
[32meth_chainId[0m
[32meth_chainId (2)[0m
[32meth_estimateGas[0m
[32meth_getBlockByNumber[0m
[32meth_feeHistory[0m
[32meth_sendTransaction[0m
  Contract call:       Challenge#proposeState
  Transaction:         0x1a95ba0aa014ac7f7ba5f493d83bc653851fe6bc21952d6f6f524fad3b26095a
  From:                0xf39fd6e51aad88f6f4ce6ab8827279cfffb92266
  To:                  0x5feaebfb4439f3516c74939a9d04e95afe82c4ae
  Value:               0 ETH
  Gas used:            51634 of 51634
  Block #155:          0x458a97193cf6effcdc6a849a44b0a399cf996c24e1c855f977f7b81a407801f0

[32meth_chainId[0m
[32meth_getTransactionByHash[0m
[32meth_chainId[0m
[32meth_getTransactionReceipt[0m
[32meth_chainId[0m
[32meth_accounts[0m
[32meth_accounts (2)[0m
[32meth_accounts (3)[0m
[32meth_chainId[0m
[32meth_call[0m
  Contract call:       Challenge#getStepNumber
  From:                0xf39fd6e51aad88f6f4ce6ab8827279cfffb92266
  To:                  0x5feaebfb4439f3516c74939a9d04e95afe82c4ae

[32meth_chainId[0m
[32meth_call[0m
  Contract call:       Challenge#isSearching
  From:                0xf39fd6e51aad88f6f4ce6ab8827279cfffb92266
  To:                  0x5feaebfb4439f3516c74939a9d04e95afe82c4ae

[32meth_chainId[0m
[32meth_call[0m
  Contract call:       Challenge#getProposedState
  From:                0xf39fd6e51aad88f6f4ce6ab8827279cfffb92266
  To:                  0x5feaebfb4439f3516c74939a9d04e95afe82c4ae

[32meth_chainId[0m
[32meth_accounts[0m
[32meth_blockNumber[0m
[32meth_chainId[0m
[32meth_chainId (2)[0m
[32meth_estimateGas[0m
[32meth_getBlockByNumber[0m
[32meth_feeHistory[0m
[32meth_sendTransaction[0m
  Contract deployment: MIPS
  Contract address:    0x40a42baf86fc821f972ad2ac878729063ceef403
  Transaction:         0x030fbbcdf4d0c31f463e0a9dcf4a2818e918632b46b7afae4f73ee973156b334
  From:                0xf39fd6e51aad88f6f4ce6ab8827279cfffb92266
  Value:               0 ETH
  Gas used:            5576934 of 5576934
  Block #156:          0x8dd6bf07c803a44cc539597ae9d5efd82c022b4748a172a5eb4d6b62ac131cb7

[32meth_chainId[0m
[32meth_getTransactionByHash[0m
[32meth_chainId[0m
[32meth_getTransactionReceipt[0m
[32meth_chainId[0m
[32meth_call[0m
  Contract call:       MIPS#m
  From:                0xf39fd6e51aad88f6f4ce6ab8827279cfffb92266
  To:                  0x40a42baf86fc821f972ad2ac878729063ceef403

[32meth_accounts[0m
[32meth_accounts (2)[0m
[32meth_chainId[0m
[32meth_estimateGas[0m
[32meth_feeHistory[0m
[32meth_sendTransaction[0m
  Contract deployment: Challenge
  Contract address:    0x96f3ce39ad2bfdcf92c0f6e2c2cabf83874660fc
  Transaction:         0xe0deeb67969d050340fbd06758f17162fc4d99b0e68ef364d0c2bfabbc6f257b
  From:                0xf39fd6e51aad88f6f4ce6ab8827279cfffb92266
  Value:               0 ETH
  Gas used:            1323271 of 1323271
  Block #157:          0x4317568364cab09624f7b5bc02eaee9340c5e1a96530828f653fb9e76760a623

[32meth_chainId[0m
[32meth_getTransactionByHash[0m
[32meth_chainId[0m
[32meth_accounts[0m
[32meth_accounts (2)[0m
[32meth_accounts (3)[0m
[32meth_chainId[0m
[32meth_accounts[0m
[31meth_call[0m
  Contract call:       Challenge#callWithTrieNodes
  From:                0xf39fd6e51aad88f6f4ce6ab8827279cfffb92266
  To:                  0x96f3ce39ad2bfdcf92c0f6e2c2cabf83874660fc

  Error: reverted with reason string '52226417f9e64ffe5a19893d8721d704e0f99e8651e84059f651c26709cda41f'

[32meth_chainId[0m
[31meth_call[0m
  Contract call:       Challenge#callWithTrieNodes
  From:                0xf39fd6e51aad88f6f4ce6ab8827279cfffb92266
  To:                  0x96f3ce39ad2bfdcf92c0f6e2c2cabf83874660fc

  Error: reverted with reason string '0cb33735f7ae2e24b34e0267ae8ce1bcea9aa350f9cb686cbf35ffff2fcf14e1'

[32meth_chainId[0m
[31meth_call[0m
  Contract call:       Challenge#callWithTrieNodes
  From:                0xf39fd6e51aad88f6f4ce6ab8827279cfffb92266
  To:                  0x96f3ce39ad2bfdcf92c0f6e2c2cabf83874660fc

  Error: reverted with reason string '9bb51ad8a54c6bad5c6b92b11b8a1b3db6a7d91f8c26a84213e3822e086a531a'

[32meth_chainId[0m
[31meth_call[0m
  Contract call:       Challenge#callWithTrieNodes
  From:                0xf39fd6e51aad88f6f4ce6ab8827279cfffb92266
  To:                  0x96f3ce39ad2bfdcf92c0f6e2c2cabf83874660fc

  Error: reverted with reason string '3da91779b428565a1c6157e87bde41b635323378d1fb3b339d3f64b4d348d5b8'

[32meth_chainId[0m
[31meth_call[0m
  Contract call:       Challenge#callWithTrieNodes
  From:                0xf39fd6e51aad88f6f4ce6ab8827279cfffb92266
  To:                  0x96f3ce39ad2bfdcf92c0f6e2c2cabf83874660fc

  Error: reverted with reason string 'f00dde62ba26b9d32bba67f507be19830db86252a9504bc895a4561e38d2cc9c'

[32meth_chainId[0m
[31meth_call[0m
  Contract call:       Challenge#callWithTrieNodes
  From:                0xf39fd6e51aad88f6f4ce6ab8827279cfffb92266
  To:                  0x96f3ce39ad2bfdcf92c0f6e2c2cabf83874660fc

  Error: reverted with reason string 'b2f0f022eede30dc2b0aafca45a947f0148fd2b7eb11e37cdaf7973053e92471'

[32meth_chainId[0m
[31meth_call[0m
  Contract call:       Challenge#callWithTrieNodes
  From:                0xf39fd6e51aad88f6f4ce6ab8827279cfffb92266
  To:                  0x96f3ce39ad2bfdcf92c0f6e2c2cabf83874660fc

  Error: reverted with reason string 'ea1731a24032d2823ffd2436db589f7a8b5413bd0cdc5d4995e7fce5f5b9f290'

[32meth_chainId[0m
[32meth_call[0m
  Contract call:       Challenge#callWithTrieNodes
  From:                0xf39fd6e51aad88f6f4ce6ab8827279cfffb92266
  To:                  0x96f3ce39ad2bfdcf92c0f6e2c2cabf83874660fc

[32meth_blockNumber[0m
[32meth_chainId[0m
[32meth_chainId (2)[0m
[32meth_estimateGas[0m
[32meth_getBlockByNumber[0m
[32meth_feeHistory[0m
[32meth_sendTransaction[0m
  Contract call:       MIPSMemory#AddTrieNode
  Transaction:         0xb7886e8a1d19ccb74354607ec60845f9825ef29f692121ef339578cda45b0bc8
  From:                0xf39fd6e51aad88f6f4ce6ab8827279cfffb92266
  To:                  0xb52d710d056a78fdb59d18b70eab31f632c45dcd
  Value:               0 ETH
  Gas used:            135071 of 135071
  Block #158:          0x9f03775b2f152bb48d34c53d478d39e721ce3ebbcb24943e63c14e3b5cc58623

[32meth_chainId[0m
[32meth_getTransactionByHash[0m
[32meth_chainId[0m
[32meth_estimateGas[0m
[32meth_feeHistory[0m
[32meth_sendTransaction[0m
  Contract call:       MIPSMemory#AddTrieNode
  Transaction:         0x4b44e4255304c87bf33f13be6f16ecd39fe2f41f5e9a2eac6ec845941abbb817
  From:                0xf39fd6e51aad88f6f4ce6ab8827279cfffb92266
  To:                  0xb52d710d056a78fdb59d18b70eab31f632c45dcd
  Value:               0 ETH
  Gas used:            89503 of 89503
  Block #159:          0x6d81a9e7edac83845bd4e724ef283ebea309ac3fc5686024a3a120602fce106a

[32meth_chainId[0m
[32meth_getTransactionByHash[0m
[32meth_chainId[0m
[32meth_estimateGas[0m
[32meth_feeHistory[0m
[32meth_sendTransaction[0m
  Contract call:       MIPSMemory#AddTrieNode
  Transaction:         0x86f885cae86cfb2e6d93af507a720245d438fce1b9b3a7374e733f3974d578ea
  From:                0xf39fd6e51aad88f6f4ce6ab8827279cfffb92266
  To:                  0xb52d710d056a78fdb59d18b70eab31f632c45dcd
  Value:               0 ETH
  Gas used:            135071 of 135071
  Block #160:          0x1b565814124683d5099b2d36d8dabda0d570d18ecb85aebc202e26e5bfafb3db

[32meth_chainId[0m
[32meth_getTransactionByHash[0m
[32meth_chainId[0m
[32meth_estimateGas[0m
[32meth_feeHistory[0m
[32meth_sendTransaction[0m
  Contract call:       MIPSMemory#AddTrieNode
  Transaction:         0x1ece28b3e350554079dfdc40d1bf4d48aeeae94b6f676aeac8011d03d6f7b1d4
  From:                0xf39fd6e51aad88f6f4ce6ab8827279cfffb92266
  To:                  0xb52d710d056a78fdb59d18b70eab31f632c45dcd
  Value:               0 ETH
  Gas used:            89443 of 89443
  Block #161:          0x35407da7020b639eff1f4d176759ffa2279274dc925a2eef0cf76273f77b34fa

[32meth_chainId[0m
[32meth_getTransactionByHash[0m
[32meth_chainId[0m
[32meth_estimateGas[0m
[32meth_feeHistory[0m
[32meth_sendTransaction[0m
  Contract call:       MIPSMemory#AddTrieNode
  Transaction:         0x699716e242f71c55c7b639b9a0780abb79f85667b32939ec641179d98895b88b
  From:                0xf39fd6e51aad88f6f4ce6ab8827279cfffb92266
  To:                  0xb52d710d056a78fdb59d18b70eab31f632c45dcd
  Value:               0 ETH
  Gas used:            157753 of 157753
  Block #162:          0xad89b807a4bd17bb2732314257169eb2e8ec8e672afa53abec559ac4d378698a

[32meth_chainId[0m
[32meth_getTransactionByHash[0m
[32meth_chainId[0m
[32meth_estimateGas[0m
[32meth_feeHistory[0m
[32meth_sendTransaction[0m
  Contract call:       MIPSMemory#AddTrieNode
  Transaction:         0xbf7460b7f2a84bcdae5217501b71b34526ea31151a2f22404e8573a8751032ec
  From:                0xf39fd6e51aad88f6f4ce6ab8827279cfffb92266
  To:                  0xb52d710d056a78fdb59d18b70eab31f632c45dcd
  Value:               0 ETH
  Gas used:            135167 of 135167
  Block #163:          0x89126ea5a862eb630df82798654591379a148d6a29c99231eabc85a770f16933

[32meth_chainId[0m
[32meth_getTransactionByHash[0m
[32meth_chainId[0m
[32meth_estimateGas[0m
[32meth_feeHistory[0m
[32meth_sendTransaction[0m
  Contract call:       MIPSMemory#AddTrieNode
  Transaction:         0x9a218ef401a2ed90b889a0a61bc1e58b4b03fa2a40a5ca68b219ac24ed82a07e
  From:                0xf39fd6e51aad88f6f4ce6ab8827279cfffb92266
  To:                  0xb52d710d056a78fdb59d18b70eab31f632c45dcd
  Value:               0 ETH
  Gas used:            89383 of 89383
  Block #164:          0xd57c691f418acaa7aa33bb3f5481538f564f185d8a997bd98501fb489581b6d7

[32meth_chainId[0m
[32meth_getTransactionByHash[0m
[32meth_chainId[0m
[32meth_estimateGas[0m
[32meth_feeHistory[0m
[32meth_sendTransaction[0m
  Contract call:       Challenge#initiatePureComputationChallenge
  Transaction:         0x2a74e649e3718ce8805f665242627cd3fd30c36226ad31d6225f2756033fd14a
  From:                0xf39fd6e51aad88f6f4ce6ab8827279cfffb92266
  To:                  0x96f3ce39ad2bfdcf92c0f6e2c2cabf83874660fc
  Value:               0 ETH
  Gas used:            536480 of 536480
  Block #165:          0x18e256b07635adb8a8175bede100494455c55045a0f397518fd19def3289eebb

[32meth_chainId[0m
[32meth_getTransactionByHash[0m
[32meth_chainId[0m
[32meth_getTransactionReceipt[0m
[32meth_chainId[0m
[32meth_accounts[0m
[32meth_accounts (2)[0m
[32meth_accounts (3)[0m
[32meth_chainId[0m
[32meth_call[0m
  Contract call:       Challenge#getStepNumber
  From:                0xf39fd6e51aad88f6f4ce6ab8827279cfffb92266
  To:                  0x96f3ce39ad2bfdcf92c0f6e2c2cabf83874660fc

[32meth_chainId[0m
[32meth_call[0m
  Contract call:       Challenge#isSearching
  From:                0xf39fd6e51aad88f6f4ce6ab8827279cfffb92266
  To:                  0x96f3ce39ad2bfdcf92c0f6e2c2cabf83874660fc

[32meth_chainId[0m
[32meth_call[0m
  Contract call:       Challenge#getProposedState
  From:                0xf39fd6e51aad88f6f4ce6ab8827279cfffb92266
  To:                  0x96f3ce39ad2bfdcf92c0f6e2c2cabf83874660fc

[32meth_blockNumber[0m
[32meth_chainId[0m
[32meth_chainId (2)[0m
[32meth_estimateGas[0m
[32meth_getBlockByNumber[0m
[32meth_feeHistory[0m
[32meth_sendTransaction[0m
  Contract call:       Challenge#proposeState
  Transaction:         0x40ce78d54cef49222d487e76dfdbe51fc7e809265ea0b4d39b1ad0abbfc37bf9
  From:                0xf39fd6e51aad88f6f4ce6ab8827279cfffb92266
  To:                  0x96f3ce39ad2bfdcf92c0f6e2c2cabf83874660fc
  Value:               0 ETH
  Gas used:            51634 of 51634
  Block #166:          0x8fd1d5bdd06ca59163fa89df24d8eb359184044c6ebcf882c8f3af1a4a51d71f

[32meth_chainId[0m
[32meth_getTransactionByHash[0m
[32meth_chainId[0m
[32meth_getTransactionReceipt[0m
[32meth_chainId[0m
[32meth_accounts[0m
[32meth_accounts (2)[0m
[32meth_accounts (3)[0m
[32meth_chainId[0m
[32meth_call[0m
  Contract call:       Challenge#getStepNumber
  From:                0xf39fd6e51aad88f6f4ce6ab8827279cfffb92266
  To:                  0x96f3ce39ad2bfdcf92c0f6e2c2cabf83874660fc

[32meth_chainId[0m
[32meth_call[0m
  Contract call:       Challenge#isSearching
  From:                0xf39fd6e51aad88f6f4ce6ab8827279cfffb92266
  To:                  0x96f3ce39ad2bfdcf92c0f6e2c2cabf83874660fc

[32meth_chainId[0m
[32meth_call[0m
  Contract call:       Challenge#getProposedState
  From:                0xf39fd6e51aad88f6f4ce6ab8827279cfffb92266
  To:                  0x96f3ce39ad2bfdcf92c0f6e2c2cabf83874660fc

[32meth_blockNumber[0m
[32meth_chainId[0m
[32meth_chainId (2)[0m
[32meth_estimateGas[0m
[32meth_getBlockByNumber[0m
[32meth_feeHistory[0m
[32meth_sendTransaction[0m
  Contract call:       Challenge#respondState
  Transaction:         0x5dd6966fd596a304bc02bd6c425147dd09d1d18543babc0a5925f427e3c8bc07
  From:                0xf39fd6e51aad88f6f4ce6ab8827279cfffb92266
  To:                  0x96f3ce39ad2bfdcf92c0f6e2c2cabf83874660fc
  Value:               0 ETH
  Gas used:            56838 of 56838
  Block #167:          0x3585c1bbbc6ca59e38794a6fcd40425b6b4354167b506459f1e9d132fe40c997

[32meth_chainId[0m
[32meth_getTransactionByHash[0m
[32meth_chainId[0m
[32meth_getTransactionReceipt[0m
[32meth_chainId[0m
[32meth_accounts[0m
[32meth_accounts (2)[0m
[32meth_accounts (3)[0m
[32meth_chainId[0m
[32meth_call[0m
  Contract call:       Challenge#getStepNumber
  From:                0xf39fd6e51aad88f6f4ce6ab8827279cfffb92266
  To:                  0x96f3ce39ad2bfdcf92c0f6e2c2cabf83874660fc

[32meth_chainId[0m
[32meth_call[0m
  Contract call:       Challenge#isSearching
  From:                0xf39fd6e51aad88f6f4ce6ab8827279cfffb92266
  To:                  0x96f3ce39ad2bfdcf92c0f6e2c2cabf83874660fc

[32meth_chainId[0m
[32meth_call[0m
  Contract call:       Challenge#getProposedState
  From:                0xf39fd6e51aad88f6f4ce6ab8827279cfffb92266
  To:                  0x96f3ce39ad2bfdcf92c0f6e2c2cabf83874660fc

[32meth_blockNumber[0m
[32meth_chainId[0m
[32meth_chainId (2)[0m
[32meth_estimateGas[0m
[32meth_getBlockByNumber[0m
[32meth_feeHistory[0m
[32meth_sendTransaction[0m
  Contract call:       Challenge#proposeState
  Transaction:         0x9df9449c3cbc1f113e6c996c76355cd47bcd3bd76724809eeba31b8efdb0d86c
  From:                0xf39fd6e51aad88f6f4ce6ab8827279cfffb92266
  To:                  0x96f3ce39ad2bfdcf92c0f6e2c2cabf83874660fc
  Value:               0 ETH
  Gas used:            51634 of 51634
  Block #168:          0x19d86b47c769a19e046f512400ed1f8462f759590743aa039877c17ced5e0a3f

[32meth_chainId[0m
[32meth_getTransactionByHash[0m
[32meth_chainId[0m
[32meth_getTransactionReceipt[0m
[32meth_chainId[0m
[32meth_accounts[0m
[32meth_accounts (2)[0m
[32meth_accounts (3)[0m
[32meth_chainId[0m
[32meth_call[0m
  Contract call:       Challenge#getStepNumber
  From:                0xf39fd6e51aad88f6f4ce6ab8827279cfffb92266
  To:                  0x96f3ce39ad2bfdcf92c0f6e2c2cabf83874660fc

[32meth_chainId[0m
[32meth_call[0m
  Contract call:       Challenge#isSearching
  From:                0xf39fd6e51aad88f6f4ce6ab8827279cfffb92266
  To:                  0x96f3ce39ad2bfdcf92c0f6e2c2cabf83874660fc

[32meth_chainId[0m
[32meth_call[0m
  Contract call:       Challenge#getProposedState
  From:                0xf39fd6e51aad88f6f4ce6ab8827279cfffb92266
  To:                  0x96f3ce39ad2bfdcf92c0f6e2c2cabf83874660fc

[32meth_blockNumber[0m
[32meth_chainId[0m
[32meth_chainId (2)[0m
[32meth_estimateGas[0m
[32meth_getBlockByNumber[0m
[32meth_feeHistory[0m
[32meth_sendTransaction[0m
  Contract call:       Challenge#respondState
  Transaction:         0x47cb07d8589dd804706067cbe8398f83738e371ee7f29c37fc64531e2d4b2bec
  From:                0xf39fd6e51aad88f6f4ce6ab8827279cfffb92266
  To:                  0x96f3ce39ad2bfdcf92c0f6e2c2cabf83874660fc
  Value:               0 ETH
  Gas used:            73939 of 73939
  Block #169:          0x5ec2472d184ada9fed046b3a1e4d12132b08ab4562e0d52e57032ec7ad2d82ac

[32meth_chainId[0m
[32meth_getTransactionByHash[0m
[32meth_chainId[0m
[32meth_getTransactionReceipt[0m
[32meth_chainId[0m
[32meth_accounts[0m
[32meth_accounts (2)[0m
[32meth_accounts (3)[0m
[32meth_chainId[0m
[32meth_call[0m
  Contract call:       Challenge#getStepNumber
  From:                0xf39fd6e51aad88f6f4ce6ab8827279cfffb92266
  To:                  0x96f3ce39ad2bfdcf92c0f6e2c2cabf83874660fc

[32meth_chainId[0m
[32meth_call[0m
  Contract call:       Challenge#isSearching
  From:                0xf39fd6e51aad88f6f4ce6ab8827279cfffb92266
  To:                  0x96f3ce39ad2bfdcf92c0f6e2c2cabf83874660fc

[32meth_chainId[0m
[32meth_call[0m
  Contract call:       Challenge#getProposedState
  From:                0xf39fd6e51aad88f6f4ce6ab8827279cfffb92266
  To:                  0x96f3ce39ad2bfdcf92c0f6e2c2cabf83874660fc

[32meth_blockNumber[0m
[32meth_chainId[0m
[32meth_chainId (2)[0m
[32meth_estimateGas[0m
[32meth_getBlockByNumber[0m
[32meth_feeHistory[0m
[32meth_sendTransaction[0m
  Contract call:       Challenge#proposeState
  Transaction:         0xcdd164987c3fc29492d411a2228095f0cff516c05e4a80148ba027de8a7aa842
  From:                0xf39fd6e51aad88f6f4ce6ab8827279cfffb92266
  To:                  0x96f3ce39ad2bfdcf92c0f6e2c2cabf83874660fc
  Value:               0 ETH
  Gas used:            51634 of 51634
  Block #170:          0xed7cf88f64efb149a0dd8b016dca8056cab72119618d726f395fc577904e7ccd

[32meth_chainId[0m
[32meth_getTransactionByHash[0m
[32meth_chainId[0m
[32meth_getTransactionReceipt[0m
[32meth_chainId[0m
[32meth_accounts[0m
[32meth_accounts (2)[0m
[32meth_accounts (3)[0m
[32meth_chainId[0m
[32meth_call[0m
  Contract call:       Challenge#getStepNumber
  From:                0xf39fd6e51aad88f6f4ce6ab8827279cfffb92266
  To:                  0x96f3ce39ad2bfdcf92c0f6e2c2cabf83874660fc

[32meth_chainId[0m
[32meth_call[0m
  Contract call:       Challenge#isSearching
  From:                0xf39fd6e51aad88f6f4ce6ab8827279cfffb92266
  To:                  0x96f3ce39ad2bfdcf92c0f6e2c2cabf83874660fc

[32meth_chainId[0m
[32meth_call[0m
  Contract call:       Challenge#getProposedState
  From:                0xf39fd6e51aad88f6f4ce6ab8827279cfffb92266
  To:                  0x96f3ce39ad2bfdcf92c0f6e2c2cabf83874660fc

[32meth_blockNumber[0m
[32meth_chainId[0m
[32meth_chainId (2)[0m
[32meth_estimateGas[0m
[32meth_getBlockByNumber[0m
[32meth_feeHistory[0m
[32meth_sendTransaction[0m
  Contract call:       Challenge#respondState
  Transaction:         0xd881228d55dce9c34f30885c43fef090fba2e788c956cacdef982f9c0e82a8d0
  From:                0xf39fd6e51aad88f6f4ce6ab8827279cfffb92266
  To:                  0x96f3ce39ad2bfdcf92c0f6e2c2cabf83874660fc
  Value:               0 ETH
  Gas used:            56839 of 56839
  Block #171:          0xf5b6e5a092fd084fa8da5b3dc2313b5d19c4230e7483b872bdc558807317d76f

[32meth_chainId[0m
[32meth_getTransactionByHash[0m
[32meth_chainId[0m
[32meth_getTransactionReceipt[0m
[32meth_chainId[0m
[32meth_accounts[0m
[32meth_accounts (2)[0m
[32meth_accounts (3)[0m
[32meth_chainId[0m
[32meth_call[0m
  Contract call:       Challenge#getStepNumber
  From:                0xf39fd6e51aad88f6f4ce6ab8827279cfffb92266
  To:                  0x96f3ce39ad2bfdcf92c0f6e2c2cabf83874660fc

[32meth_chainId[0m
[32meth_call[0m
  Contract call:       Challenge#isSearching
  From:                0xf39fd6e51aad88f6f4ce6ab8827279cfffb92266
  To:                  0x96f3ce39ad2bfdcf92c0f6e2c2cabf83874660fc

[32meth_chainId[0m
[32meth_call[0m
  Contract call:       Challenge#getProposedState
  From:                0xf39fd6e51aad88f6f4ce6ab8827279cfffb92266
  To:                  0x96f3ce39ad2bfdcf92c0f6e2c2cabf83874660fc

[32meth_blockNumber[0m
[32meth_chainId[0m
[32meth_chainId (2)[0m
[32meth_estimateGas[0m
[32meth_getBlockByNumber[0m
[32meth_feeHistory[0m
[32meth_sendTransaction[0m
  Contract call:       Challenge#proposeState
  Transaction:         0x0002026060d25c1b905740fc3c6e83d417eb5afef6680d7044c4b006c63ad6c7
  From:                0xf39fd6e51aad88f6f4ce6ab8827279cfffb92266
  To:                  0x96f3ce39ad2bfdcf92c0f6e2c2cabf83874660fc
  Value:               0 ETH
  Gas used:            51634 of 51634
  Block #172:          0xb0b01634cb71d8399a98f7645fbea683c1ef2d6e6185ed871813079b0e4c1397

[32meth_chainId[0m
[32meth_getTransactionByHash[0m
[32meth_chainId[0m
[32meth_getTransactionReceipt[0m
[32meth_chainId[0m
[32meth_accounts[0m
[32meth_accounts (2)[0m
[32meth_accounts (3)[0m
[32meth_chainId[0m
[32meth_call[0m
  Contract call:       Challenge#getStepNumber
  From:                0xf39fd6e51aad88f6f4ce6ab8827279cfffb92266
  To:                  0x96f3ce39ad2bfdcf92c0f6e2c2cabf83874660fc

[32meth_chainId[0m
[32meth_call[0m
  Contract call:       Challenge#isSearching
  From:                0xf39fd6e51aad88f6f4ce6ab8827279cfffb92266
  To:                  0x96f3ce39ad2bfdcf92c0f6e2c2cabf83874660fc

[32meth_chainId[0m
[32meth_call[0m
  Contract call:       Challenge#getProposedState
  From:                0xf39fd6e51aad88f6f4ce6ab8827279cfffb92266
  To:                  0x96f3ce39ad2bfdcf92c0f6e2c2cabf83874660fc

[32meth_blockNumber[0m
[32meth_chainId[0m
[32meth_chainId (2)[0m
[32meth_estimateGas[0m
[32meth_getBlockByNumber[0m
[32meth_feeHistory[0m
[32meth_sendTransaction[0m
  Contract call:       Challenge#respondState
  Transaction:         0xf5debe21fe609538ccc0697d88b4a42e59a5173d19da9e1830b4727ebc455a5e
  From:                0xf39fd6e51aad88f6f4ce6ab8827279cfffb92266
  To:                  0x96f3ce39ad2bfdcf92c0f6e2c2cabf83874660fc
  Value:               0 ETH
  Gas used:            56839 of 56839
  Block #173:          0xc5059169b58e21db4e09a4ea77839c82f40775602e148696f69b6cfbbdb8b40d

[32meth_chainId[0m
[32meth_getTransactionByHash[0m
[32meth_chainId[0m
[32meth_getTransactionReceipt[0m
[32meth_chainId[0m
[32meth_accounts[0m
[32meth_accounts (2)[0m
[32meth_accounts (3)[0m
[32meth_chainId[0m
[32meth_call[0m
  Contract call:       Challenge#getStepNumber
  From:                0xf39fd6e51aad88f6f4ce6ab8827279cfffb92266
  To:                  0x96f3ce39ad2bfdcf92c0f6e2c2cabf83874660fc

[32meth_chainId[0m
[32meth_call[0m
  Contract call:       Challenge#isSearching
  From:                0xf39fd6e51aad88f6f4ce6ab8827279cfffb92266
  To:                  0x96f3ce39ad2bfdcf92c0f6e2c2cabf83874660fc

[32meth_chainId[0m
[32meth_call[0m
  Contract call:       Challenge#getProposedState
  From:                0xf39fd6e51aad88f6f4ce6ab8827279cfffb92266
  To:                  0x96f3ce39ad2bfdcf92c0f6e2c2cabf83874660fc

[32meth_blockNumber[0m
[32meth_chainId[0m
[32meth_chainId (2)[0m
[32meth_estimateGas[0m
[32meth_getBlockByNumber[0m
[32meth_feeHistory[0m
[32meth_sendTransaction[0m
  Contract call:       Challenge#proposeState
  Transaction:         0x390b5205efb80f94039c1dc93726500ad82642fe4c846d91ccd2f7b6565e12bb
  From:                0xf39fd6e51aad88f6f4ce6ab8827279cfffb92266
  To:                  0x96f3ce39ad2bfdcf92c0f6e2c2cabf83874660fc
  Value:               0 ETH
  Gas used:            51634 of 51634
  Block #174:          0x06138a19067c65ac71ff1a17970f751a05938b0287f5c62bcb6437ebea747933

[32meth_chainId[0m
[32meth_getTransactionByHash[0m
[32meth_chainId[0m
[32meth_getTransactionReceipt[0m
[32meth_chainId[0m
[32meth_accounts[0m
[32meth_accounts (2)[0m
[32meth_accounts (3)[0m
[32meth_chainId[0m
[32meth_call[0m
  Contract call:       Challenge#getStepNumber
  From:                0xf39fd6e51aad88f6f4ce6ab8827279cfffb92266
  To:                  0x96f3ce39ad2bfdcf92c0f6e2c2cabf83874660fc

[32meth_chainId[0m
[32meth_call[0m
  Contract call:       Challenge#isSearching
  From:                0xf39fd6e51aad88f6f4ce6ab8827279cfffb92266
  To:                  0x96f3ce39ad2bfdcf92c0f6e2c2cabf83874660fc

[32meth_chainId[0m
[32meth_call[0m
  Contract call:       Challenge#getProposedState
  From:                0xf39fd6e51aad88f6f4ce6ab8827279cfffb92266
  To:                  0x96f3ce39ad2bfdcf92c0f6e2c2cabf83874660fc

[32meth_blockNumber[0m
[32meth_chainId[0m
[32meth_chainId (2)[0m
[32meth_estimateGas[0m
[32meth_getBlockByNumber[0m
[32meth_feeHistory[0m
[32meth_sendTransaction[0m
  Contract call:       Challenge#respondState
  Transaction:         0x2c73c520794c5cdcdb8b5ac6f1b9d4b0a5ab400d7efa5bd3149cae9eb91d91ef
  From:                0xf39fd6e51aad88f6f4ce6ab8827279cfffb92266
  To:                  0x96f3ce39ad2bfdcf92c0f6e2c2cabf83874660fc
  Value:               0 ETH
  Gas used:            56839 of 56839
  Block #175:          0xb7420828cb85bd66b4924a47ece7debc55fe6bd9579e38bd43f27dac9f8c3648

[32meth_chainId[0m
[32meth_getTransactionByHash[0m
[32meth_chainId[0m
[32meth_getTransactionReceipt[0m
[32meth_chainId[0m
[32meth_accounts[0m
[32meth_accounts (2)[0m
[32meth_accounts (3)[0m
[32meth_chainId[0m
[32meth_call[0m
  Contract call:       Challenge#getStepNumber
  From:                0xf39fd6e51aad88f6f4ce6ab8827279cfffb92266
  To:                  0x96f3ce39ad2bfdcf92c0f6e2c2cabf83874660fc

[32meth_chainId[0m
[32meth_call[0m
  Contract call:       Challenge#isSearching
  From:                0xf39fd6e51aad88f6f4ce6ab8827279cfffb92266
  To:                  0x96f3ce39ad2bfdcf92c0f6e2c2cabf83874660fc

[32meth_chainId[0m
[32meth_call[0m
  Contract call:       Challenge#getProposedState
  From:                0xf39fd6e51aad88f6f4ce6ab8827279cfffb92266
  To:                  0x96f3ce39ad2bfdcf92c0f6e2c2cabf83874660fc

[32meth_blockNumber[0m
[32meth_chainId[0m
[32meth_chainId (2)[0m
[32meth_estimateGas[0m
[32meth_getBlockByNumber[0m
[32meth_feeHistory[0m
[32meth_sendTransaction[0m
  Contract call:       Challenge#proposeState
  Transaction:         0x496736ec5646ad6a4580503860ed1b4ba155a2dfddf5f45269de41781ceacac9
  From:                0xf39fd6e51aad88f6f4ce6ab8827279cfffb92266
  To:                  0x96f3ce39ad2bfdcf92c0f6e2c2cabf83874660fc
  Value:               0 ETH
  Gas used:            51622 of 51622
  Block #176:          0xfaa53ab2f2bea4470bbd10cf387b112448cd3e3b75fb6d6a5477d86e527ad430

[32meth_chainId[0m
[32meth_getTransactionByHash[0m
[32meth_chainId[0m
[32meth_getTransactionReceipt[0m
[32meth_chainId[0m
[32meth_accounts[0m
[32meth_accounts (2)[0m
[32meth_accounts (3)[0m
[32meth_chainId[0m
[32meth_call[0m
  Contract call:       Challenge#getStepNumber
  From:                0xf39fd6e51aad88f6f4ce6ab8827279cfffb92266
  To:                  0x96f3ce39ad2bfdcf92c0f6e2c2cabf83874660fc

[32meth_chainId[0m
[32meth_call[0m
  Contract call:       Challenge#isSearching
  From:                0xf39fd6e51aad88f6f4ce6ab8827279cfffb92266
  To:                  0x96f3ce39ad2bfdcf92c0f6e2c2cabf83874660fc

[32meth_chainId[0m
[32meth_call[0m
  Contract call:       Challenge#getProposedState
  From:                0xf39fd6e51aad88f6f4ce6ab8827279cfffb92266
  To:                  0x96f3ce39ad2bfdcf92c0f6e2c2cabf83874660fc

[32meth_blockNumber[0m
[32meth_chainId[0m
[32meth_chainId (2)[0m
[32meth_estimateGas[0m
[32meth_getBlockByNumber[0m
[32meth_feeHistory[0m
[32meth_sendTransaction[0m
  Contract call:       Challenge#respondState
  Transaction:         0x4572f0ec2f1d051ac98fc455f33eb7ae16f3200031943c91d35de2ac62fbfaa9
  From:                0xf39fd6e51aad88f6f4ce6ab8827279cfffb92266
  To:                  0x96f3ce39ad2bfdcf92c0f6e2c2cabf83874660fc
  Value:               0 ETH
  Gas used:            56827 of 56827
  Block #177:          0xaadc21e5d3c0ed8b5508e26f86dec94c81376dd7d2278f96ea5c54da00c98a5b

[32meth_chainId[0m
[32meth_getTransactionByHash[0m
[32meth_chainId[0m
[32meth_getTransactionReceipt[0m
[32meth_chainId[0m
[32meth_accounts[0m
[32meth_accounts (2)[0m
[32meth_accounts (3)[0m
[32meth_chainId[0m
[32meth_call[0m
  Contract call:       Challenge#getStepNumber
  From:                0xf39fd6e51aad88f6f4ce6ab8827279cfffb92266
  To:                  0x96f3ce39ad2bfdcf92c0f6e2c2cabf83874660fc

[32meth_chainId[0m
[32meth_call[0m
  Contract call:       Challenge#isSearching
  From:                0xf39fd6e51aad88f6f4ce6ab8827279cfffb92266
  To:                  0x96f3ce39ad2bfdcf92c0f6e2c2cabf83874660fc

[32meth_chainId[0m
[32meth_call[0m
  Contract call:       Challenge#getProposedState
  From:                0xf39fd6e51aad88f6f4ce6ab8827279cfffb92266
  To:                  0x96f3ce39ad2bfdcf92c0f6e2c2cabf83874660fc

[32meth_blockNumber[0m
[32meth_chainId[0m
[32meth_chainId (2)[0m
[32meth_estimateGas[0m
[32meth_getBlockByNumber[0m
[32meth_feeHistory[0m
[32meth_sendTransaction[0m
  Contract call:       Challenge#proposeState
  Transaction:         0x511f419d967570646619ea33ed33e762f60ec275b2cb3516604fb4662cf76021
  From:                0xf39fd6e51aad88f6f4ce6ab8827279cfffb92266
  To:                  0x96f3ce39ad2bfdcf92c0f6e2c2cabf83874660fc
  Value:               0 ETH
  Gas used:            51634 of 51634
  Block #178:          0x19d8b54003fe39e766b503a964e140dc6905a16abcca3c1d4f5b77df49454f71

[32meth_chainId[0m
[32meth_getTransactionByHash[0m
[32meth_chainId[0m
[32meth_getTransactionReceipt[0m
[32meth_chainId[0m
[32meth_accounts[0m
[32meth_accounts (2)[0m
[32meth_accounts (3)[0m
[32meth_chainId[0m
[32meth_call[0m
  Contract call:       Challenge#getStepNumber
  From:                0xf39fd6e51aad88f6f4ce6ab8827279cfffb92266
  To:                  0x96f3ce39ad2bfdcf92c0f6e2c2cabf83874660fc

[32meth_chainId[0m
[32meth_call[0m
  Contract call:       Challenge#isSearching
  From:                0xf39fd6e51aad88f6f4ce6ab8827279cfffb92266
  To:                  0x96f3ce39ad2bfdcf92c0f6e2c2cabf83874660fc

[32meth_chainId[0m
[32meth_call[0m
  Contract call:       Challenge#getProposedState
  From:                0xf39fd6e51aad88f6f4ce6ab8827279cfffb92266
  To:                  0x96f3ce39ad2bfdcf92c0f6e2c2cabf83874660fc

[32meth_blockNumber[0m
[32meth_chainId[0m
[32meth_chainId (2)[0m
[32meth_estimateGas[0m
[32meth_getBlockByNumber[0m
[32meth_feeHistory[0m
[32meth_sendTransaction[0m
  Contract call:       Challenge#respondState
  Transaction:         0x14dc9ed1887877176fd8cbf597a126cab9e01273e3caf13fb6a5ed9070b54a1f
  From:                0xf39fd6e51aad88f6f4ce6ab8827279cfffb92266
  To:                  0x96f3ce39ad2bfdcf92c0f6e2c2cabf83874660fc
  Value:               0 ETH
  Gas used:            56839 of 56839
  Block #179:          0x687f74f8dcf68c01a8346c82c781439a8587549e739dc08fdffd7c72374e2b92

[32meth_chainId[0m
[32meth_getTransactionByHash[0m
[32meth_chainId[0m
[32meth_getTransactionReceipt[0m
[32meth_chainId[0m
[32meth_accounts[0m
[32meth_accounts (2)[0m
[32meth_accounts (3)[0m
[32meth_chainId[0m
[32meth_call[0m
  Contract call:       Challenge#getStepNumber
  From:                0xf39fd6e51aad88f6f4ce6ab8827279cfffb92266
  To:                  0x96f3ce39ad2bfdcf92c0f6e2c2cabf83874660fc

[32meth_chainId[0m
[32meth_call[0m
  Contract call:       Challenge#isSearching
  From:                0xf39fd6e51aad88f6f4ce6ab8827279cfffb92266
  To:                  0x96f3ce39ad2bfdcf92c0f6e2c2cabf83874660fc

[32meth_chainId[0m
[32meth_call[0m
  Contract call:       Challenge#getProposedState
  From:                0xf39fd6e51aad88f6f4ce6ab8827279cfffb92266
  To:                  0x96f3ce39ad2bfdcf92c0f6e2c2cabf83874660fc

[32meth_blockNumber[0m
[32meth_chainId[0m
[32meth_chainId (2)[0m
[32meth_estimateGas[0m
[32meth_getBlockByNumber[0m
[32meth_feeHistory[0m
[32meth_sendTransaction[0m
  Contract call:       Challenge#proposeState
  Transaction:         0xcd74e55fbec0d265d26cbfa8a97b372c8a5c270008e2c690e09006d45d3b2f9c
  From:                0xf39fd6e51aad88f6f4ce6ab8827279cfffb92266
  To:                  0x96f3ce39ad2bfdcf92c0f6e2c2cabf83874660fc
  Value:               0 ETH
  Gas used:            51622 of 51622
  Block #180:          0x41df1ecda1bccdb014b7ce3ce0f2fc472e4deb1fb001eecdbca1e12d8ad39ec7

[32meth_chainId[0m
[32meth_getTransactionByHash[0m
[32meth_chainId[0m
[32meth_getTransactionReceipt[0m
[32meth_chainId[0m
[32meth_accounts[0m
[32meth_accounts (2)[0m
[32meth_accounts (3)[0m
[32meth_chainId[0m
[32meth_call[0m
  Contract call:       Challenge#getStepNumber
  From:                0xf39fd6e51aad88f6f4ce6ab8827279cfffb92266
  To:                  0x96f3ce39ad2bfdcf92c0f6e2c2cabf83874660fc

[32meth_chainId[0m
[32meth_call[0m
  Contract call:       Challenge#isSearching
  From:                0xf39fd6e51aad88f6f4ce6ab8827279cfffb92266
  To:                  0x96f3ce39ad2bfdcf92c0f6e2c2cabf83874660fc

[32meth_chainId[0m
[32meth_call[0m
  Contract call:       Challenge#getProposedState
  From:                0xf39fd6e51aad88f6f4ce6ab8827279cfffb92266
  To:                  0x96f3ce39ad2bfdcf92c0f6e2c2cabf83874660fc

[32meth_blockNumber[0m
[32meth_chainId[0m
[32meth_chainId (2)[0m
[32meth_estimateGas[0m
[32meth_getBlockByNumber[0m
[32meth_feeHistory[0m
[32meth_sendTransaction[0m
  Contract call:       Challenge#respondState
  Transaction:         0x4b5967d1e2772c237bb11db6a176f1931a2d8a1a99d5a5beec7466e0d7824cbd
  From:                0xf39fd6e51aad88f6f4ce6ab8827279cfffb92266
  To:                  0x96f3ce39ad2bfdcf92c0f6e2c2cabf83874660fc
  Value:               0 ETH
  Gas used:            56827 of 56827
  Block #181:          0xc6a4437f7f369bde871baca5706e8b082cd4064417528d2d651696c46bc6e15c

[32meth_chainId[0m
[32meth_getTransactionByHash[0m
[32meth_chainId[0m
[32meth_getTransactionReceipt[0m
[32meth_chainId[0m
[32meth_accounts[0m
[32meth_accounts (2)[0m
[32meth_accounts (3)[0m
[32meth_chainId[0m
[32meth_call[0m
  Contract call:       Challenge#getStepNumber
  From:                0xf39fd6e51aad88f6f4ce6ab8827279cfffb92266
  To:                  0x96f3ce39ad2bfdcf92c0f6e2c2cabf83874660fc

[32meth_chainId[0m
[32meth_call[0m
  Contract call:       Challenge#isSearching
  From:                0xf39fd6e51aad88f6f4ce6ab8827279cfffb92266
  To:                  0x96f3ce39ad2bfdcf92c0f6e2c2cabf83874660fc

[32meth_chainId[0m
[32meth_call[0m
  Contract call:       Challenge#getProposedState
  From:                0xf39fd6e51aad88f6f4ce6ab8827279cfffb92266
  To:                  0x96f3ce39ad2bfdcf92c0f6e2c2cabf83874660fc

[32meth_blockNumber[0m
[32meth_chainId[0m
[32meth_chainId (2)[0m
[32meth_estimateGas[0m
[32meth_getBlockByNumber[0m
[32meth_feeHistory[0m
[32meth_sendTransaction[0m
  Contract call:       Challenge#proposeState
  Transaction:         0xd35c5f5314df90469eeefed2ee76c232813dda3ef3d79f062127bfbd6062085b
  From:                0xf39fd6e51aad88f6f4ce6ab8827279cfffb92266
  To:                  0x96f3ce39ad2bfdcf92c0f6e2c2cabf83874660fc
  Value:               0 ETH
  Gas used:            51634 of 51634
  Block #182:          0x42331d857b9cac981a3ac23af5537de73676598ca57da6437fa9562b757a5c54

[32meth_chainId[0m
[32meth_getTransactionByHash[0m
[32meth_chainId[0m
[32meth_getTransactionReceipt[0m
[32meth_chainId[0m
[32meth_accounts[0m
[32meth_accounts (2)[0m
[32meth_accounts (3)[0m
[32meth_chainId[0m
[32meth_call[0m
  Contract call:       Challenge#getStepNumber
  From:                0xf39fd6e51aad88f6f4ce6ab8827279cfffb92266
  To:                  0x96f3ce39ad2bfdcf92c0f6e2c2cabf83874660fc

[32meth_chainId[0m
[32meth_call[0m
  Contract call:       Challenge#isSearching
  From:                0xf39fd6e51aad88f6f4ce6ab8827279cfffb92266
  To:                  0x96f3ce39ad2bfdcf92c0f6e2c2cabf83874660fc

[32meth_chainId[0m
[32meth_call[0m
  Contract call:       Challenge#getProposedState
  From:                0xf39fd6e51aad88f6f4ce6ab8827279cfffb92266
  To:                  0x96f3ce39ad2bfdcf92c0f6e2c2cabf83874660fc

[32meth_blockNumber[0m
[32meth_chainId[0m
[32meth_chainId (2)[0m
[32meth_estimateGas[0m
[32meth_getBlockByNumber[0m
[32meth_feeHistory[0m
[32meth_sendTransaction[0m
  Contract call:       Challenge#respondState
  Transaction:         0xadf5476a755d9c252b677757ac7a2fe15f51b96bde177fe4e7f9d25f501da800
  From:                0xf39fd6e51aad88f6f4ce6ab8827279cfffb92266
  To:                  0x96f3ce39ad2bfdcf92c0f6e2c2cabf83874660fc
  Value:               0 ETH
  Gas used:            56839 of 56839
  Block #183:          0xe7c70c87322b74a50582bfeb420802484316ac99643d641d1d9d819211b7322f

[32meth_chainId[0m
[32meth_getTransactionByHash[0m
[32meth_chainId[0m
[32meth_getTransactionReceipt[0m
[32meth_chainId[0m
[32meth_accounts[0m
[32meth_accounts (2)[0m
[32meth_accounts (3)[0m
[32meth_chainId[0m
[32meth_call[0m
  Contract call:       Challenge#getStepNumber
  From:                0xf39fd6e51aad88f6f4ce6ab8827279cfffb92266
  To:                  0x96f3ce39ad2bfdcf92c0f6e2c2cabf83874660fc

[32meth_chainId[0m
[32meth_call[0m
  Contract call:       Challenge#isSearching
  From:                0xf39fd6e51aad88f6f4ce6ab8827279cfffb92266
  To:                  0x96f3ce39ad2bfdcf92c0f6e2c2cabf83874660fc

[32meth_chainId[0m
[32meth_call[0m
  Contract call:       Challenge#getProposedState
  From:                0xf39fd6e51aad88f6f4ce6ab8827279cfffb92266
  To:                  0x96f3ce39ad2bfdcf92c0f6e2c2cabf83874660fc

[32meth_blockNumber[0m
[32meth_chainId[0m
[32meth_chainId (2)[0m
[32meth_estimateGas[0m
[32meth_getBlockByNumber[0m
[32meth_feeHistory[0m
[32meth_sendTransaction[0m
  Contract call:       Challenge#proposeState
  Transaction:         0xb73370061a182befd33711f1e77664fca9a0f7db93c0e4604a4831a85d48fefa
  From:                0xf39fd6e51aad88f6f4ce6ab8827279cfffb92266
  To:                  0x96f3ce39ad2bfdcf92c0f6e2c2cabf83874660fc
  Value:               0 ETH
  Gas used:            51634 of 51634
  Block #184:          0x7a46bd5fdd572031abcecd19e35532e653d25c9b4a14cfe2c9cbe891c4d83b3c

[32meth_chainId[0m
[32meth_getTransactionByHash[0m
[32meth_chainId[0m
[32meth_getTransactionReceipt[0m
[32meth_chainId[0m
[32meth_accounts[0m
[32meth_accounts (2)[0m
[32meth_accounts (3)[0m
[32meth_chainId[0m
[32meth_call[0m
  Contract call:       Challenge#getStepNumber
  From:                0xf39fd6e51aad88f6f4ce6ab8827279cfffb92266
  To:                  0x96f3ce39ad2bfdcf92c0f6e2c2cabf83874660fc

[32meth_chainId[0m
[32meth_call[0m
  Contract call:       Challenge#isSearching
  From:                0xf39fd6e51aad88f6f4ce6ab8827279cfffb92266
  To:                  0x96f3ce39ad2bfdcf92c0f6e2c2cabf83874660fc

[32meth_chainId[0m
[32meth_call[0m
  Contract call:       Challenge#getProposedState
  From:                0xf39fd6e51aad88f6f4ce6ab8827279cfffb92266
  To:                  0x96f3ce39ad2bfdcf92c0f6e2c2cabf83874660fc

[32meth_blockNumber[0m
[32meth_chainId[0m
[32meth_chainId (2)[0m
[32meth_estimateGas[0m
[32meth_getBlockByNumber[0m
[32meth_feeHistory[0m
[32meth_sendTransaction[0m
  Contract call:       Challenge#respondState
  Transaction:         0x03c7969bc165120b7fb9793efea608bb7c81aac1b87651050eb2669b19a9ede2
  From:                0xf39fd6e51aad88f6f4ce6ab8827279cfffb92266
  To:                  0x96f3ce39ad2bfdcf92c0f6e2c2cabf83874660fc
  Value:               0 ETH
  Gas used:            56839 of 56839
  Block #185:          0x1b593633e6b9c91a044777ffa4f4b02b9372ad99140180482e2c0125eb55832c

[32meth_chainId[0m
[32meth_getTransactionByHash[0m
[32meth_chainId[0m
[32meth_getTransactionReceipt[0m
[32meth_chainId[0m
[32meth_accounts[0m
[32meth_accounts (2)[0m
[32meth_accounts (3)[0m
[32meth_chainId[0m
[32meth_call[0m
  Contract call:       Challenge#getStepNumber
  From:                0xf39fd6e51aad88f6f4ce6ab8827279cfffb92266
  To:                  0x96f3ce39ad2bfdcf92c0f6e2c2cabf83874660fc

[32meth_chainId[0m
[32meth_call[0m
  Contract call:       Challenge#isSearching
  From:                0xf39fd6e51aad88f6f4ce6ab8827279cfffb92266
  To:                  0x96f3ce39ad2bfdcf92c0f6e2c2cabf83874660fc

[32meth_chainId[0m
[32meth_call[0m
  Contract call:       Challenge#getProposedState
  From:                0xf39fd6e51aad88f6f4ce6ab8827279cfffb92266
  To:                  0x96f3ce39ad2bfdcf92c0f6e2c2cabf83874660fc

[32meth_blockNumber[0m
[32meth_chainId[0m
[32meth_chainId (2)[0m
[32meth_estimateGas[0m
[32meth_getBlockByNumber[0m
[32meth_feeHistory[0m
[32meth_sendTransaction[0m
  Contract call:       Challenge#proposeState
  Transaction:         0xb76fbd6e3db5893d5955bef1f5f9ff1758552e90c035cf0697536aec8f396f30
  From:                0xf39fd6e51aad88f6f4ce6ab8827279cfffb92266
  To:                  0x96f3ce39ad2bfdcf92c0f6e2c2cabf83874660fc
  Value:               0 ETH
  Gas used:            51622 of 51622
  Block #186:          0xb2cbcfc2e097910cdb6b851114bdc8af9afe017fb603b78d572efb97f253fdde

[32meth_chainId[0m
[32meth_getTransactionByHash[0m
[32meth_chainId[0m
[32meth_getTransactionReceipt[0m
[32meth_chainId[0m
[32meth_accounts[0m
[32meth_accounts (2)[0m
[32meth_accounts (3)[0m
[32meth_chainId[0m
[32meth_call[0m
  Contract call:       Challenge#getStepNumber
  From:                0xf39fd6e51aad88f6f4ce6ab8827279cfffb92266
  To:                  0x96f3ce39ad2bfdcf92c0f6e2c2cabf83874660fc

[32meth_chainId[0m
[32meth_call[0m
  Contract call:       Challenge#isSearching
  From:                0xf39fd6e51aad88f6f4ce6ab8827279cfffb92266
  To:                  0x96f3ce39ad2bfdcf92c0f6e2c2cabf83874660fc

[32meth_chainId[0m
[32meth_call[0m
  Contract call:       Challenge#getProposedState
  From:                0xf39fd6e51aad88f6f4ce6ab8827279cfffb92266
  To:                  0x96f3ce39ad2bfdcf92c0f6e2c2cabf83874660fc

[32meth_blockNumber[0m
[32meth_chainId[0m
[32meth_chainId (2)[0m
[32meth_estimateGas[0m
[32meth_getBlockByNumber[0m
[32meth_feeHistory[0m
[32meth_sendTransaction[0m
  Contract call:       Challenge#respondState
  Transaction:         0x7de97e1ccf1ea43677ec05fd63d74492b50265c448afbbb656430d054e6330ae
  From:                0xf39fd6e51aad88f6f4ce6ab8827279cfffb92266
  To:                  0x96f3ce39ad2bfdcf92c0f6e2c2cabf83874660fc
  Value:               0 ETH
  Gas used:            56827 of 56827
  Block #187:          0x20f4e11af490c4b2dc11a05b05a3a96cd886070ba313782afb756ba3769d80de

[32meth_chainId[0m
[32meth_getTransactionByHash[0m
[32meth_chainId[0m
[32meth_getTransactionReceipt[0m
[32meth_chainId[0m
[32meth_accounts[0m
[32meth_accounts (2)[0m
[32meth_accounts (3)[0m
[32meth_chainId[0m
[32meth_call[0m
  Contract call:       Challenge#getStepNumber
  From:                0xf39fd6e51aad88f6f4ce6ab8827279cfffb92266
  To:                  0x96f3ce39ad2bfdcf92c0f6e2c2cabf83874660fc

[32meth_chainId[0m
[32meth_call[0m
  Contract call:       Challenge#isSearching
  From:                0xf39fd6e51aad88f6f4ce6ab8827279cfffb92266
  To:                  0x96f3ce39ad2bfdcf92c0f6e2c2cabf83874660fc

[32meth_chainId[0m
[32meth_call[0m
  Contract call:       Challenge#getProposedState
  From:                0xf39fd6e51aad88f6f4ce6ab8827279cfffb92266
  To:                  0x96f3ce39ad2bfdcf92c0f6e2c2cabf83874660fc

[32meth_blockNumber[0m
[32meth_chainId[0m
[32meth_chainId (2)[0m
[32meth_estimateGas[0m
[32meth_getBlockByNumber[0m
[32meth_feeHistory[0m
[32meth_sendTransaction[0m
  Contract call:       Challenge#proposeState
  Transaction:         0xa90b3406f89df351a1e7bc6eacc21a3d70acd05f45778d24aa37b8f08f990b88
  From:                0xf39fd6e51aad88f6f4ce6ab8827279cfffb92266
  To:                  0x96f3ce39ad2bfdcf92c0f6e2c2cabf83874660fc
  Value:               0 ETH
  Gas used:            51622 of 51622
  Block #188:          0x28123763f13890a20dcdc5674d00bded6e10e4654fde6439607ac667adc9543e

[32meth_chainId[0m
[32meth_getTransactionByHash[0m
[32meth_chainId[0m
[32meth_getTransactionReceipt[0m
[32meth_chainId[0m
[32meth_accounts[0m
[32meth_accounts (2)[0m
[32meth_accounts (3)[0m
[32meth_chainId[0m
[32meth_call[0m
  Contract call:       Challenge#getStepNumber
  From:                0xf39fd6e51aad88f6f4ce6ab8827279cfffb92266
  To:                  0x96f3ce39ad2bfdcf92c0f6e2c2cabf83874660fc

[32meth_chainId[0m
[32meth_call[0m
  Contract call:       Challenge#isSearching
  From:                0xf39fd6e51aad88f6f4ce6ab8827279cfffb92266
  To:                  0x96f3ce39ad2bfdcf92c0f6e2c2cabf83874660fc

[32meth_chainId[0m
[32meth_call[0m
  Contract call:       Challenge#getProposedState
  From:                0xf39fd6e51aad88f6f4ce6ab8827279cfffb92266
  To:                  0x96f3ce39ad2bfdcf92c0f6e2c2cabf83874660fc

[32meth_blockNumber[0m
[32meth_chainId[0m
[32meth_chainId (2)[0m
[32meth_estimateGas[0m
[32meth_getBlockByNumber[0m
[32meth_feeHistory[0m
[32meth_sendTransaction[0m
  Contract call:       Challenge#respondState
  Transaction:         0x8aeda23e9de43b59dd30f5feea0a5367fb5ebeba482c325283a58112829e87fe
  From:                0xf39fd6e51aad88f6f4ce6ab8827279cfffb92266
  To:                  0x96f3ce39ad2bfdcf92c0f6e2c2cabf83874660fc
  Value:               0 ETH
  Gas used:            56827 of 56827
  Block #189:          0xba839a3354cece60eb2650a44e2c3341a525da87d9709632bdebf893832db5fc

[32meth_chainId[0m
[32meth_getTransactionByHash[0m
[32meth_chainId[0m
[32meth_getTransactionReceipt[0m
[32meth_chainId[0m
[32meth_accounts[0m
[32meth_accounts (2)[0m
[32meth_accounts (3)[0m
[32meth_chainId[0m
[32meth_call[0m
  Contract call:       Challenge#getStepNumber
  From:                0xf39fd6e51aad88f6f4ce6ab8827279cfffb92266
  To:                  0x96f3ce39ad2bfdcf92c0f6e2c2cabf83874660fc

[32meth_chainId[0m
[32meth_call[0m
  Contract call:       Challenge#isSearching
  From:                0xf39fd6e51aad88f6f4ce6ab8827279cfffb92266
  To:                  0x96f3ce39ad2bfdcf92c0f6e2c2cabf83874660fc

[32meth_chainId[0m
[32meth_call[0m
  Contract call:       Challenge#getProposedState
  From:                0xf39fd6e51aad88f6f4ce6ab8827279cfffb92266
  To:                  0x96f3ce39ad2bfdcf92c0f6e2c2cabf83874660fc

[32meth_blockNumber[0m
[32meth_chainId[0m
[32meth_chainId (2)[0m
[32meth_estimateGas[0m
[32meth_getBlockByNumber[0m
[32meth_feeHistory[0m
[32meth_sendTransaction[0m
  Contract call:       Challenge#proposeState
  Transaction:         0xdef6dce407a6ee33e4be3851a9d50bc407987b0e44787aa66608e1db9f0b2a7b
  From:                0xf39fd6e51aad88f6f4ce6ab8827279cfffb92266
  To:                  0x96f3ce39ad2bfdcf92c0f6e2c2cabf83874660fc
  Value:               0 ETH
  Gas used:            51634 of 51634
  Block #190:          0x7c03730eabdfe0ce11aac771847803e9154133bfecec0cbf7755652ac09502a9

[32meth_chainId[0m
[32meth_getTransactionByHash[0m
[32meth_chainId[0m
[32meth_getTransactionReceipt[0m
[32meth_chainId[0m
[32meth_accounts[0m
[32meth_accounts (2)[0m
[32meth_accounts (3)[0m
[32meth_chainId[0m
[32meth_call[0m
  Contract call:       Challenge#getStepNumber
  From:                0xf39fd6e51aad88f6f4ce6ab8827279cfffb92266
  To:                  0x96f3ce39ad2bfdcf92c0f6e2c2cabf83874660fc

[32meth_chainId[0m
[32meth_call[0m
  Contract call:       Challenge#isSearching
  From:                0xf39fd6e51aad88f6f4ce6ab8827279cfffb92266
  To:                  0x96f3ce39ad2bfdcf92c0f6e2c2cabf83874660fc

[32meth_chainId[0m
[32meth_call[0m
  Contract call:       Challenge#getProposedState
  From:                0xf39fd6e51aad88f6f4ce6ab8827279cfffb92266
  To:                  0x96f3ce39ad2bfdcf92c0f6e2c2cabf83874660fc

[32meth_blockNumber[0m
[32meth_chainId[0m
[32meth_chainId (2)[0m
[32meth_estimateGas[0m
[32meth_getBlockByNumber[0m
[32meth_feeHistory[0m
[32meth_sendTransaction[0m
  Contract call:       Challenge#respondState
  Transaction:         0xab04e7ef3e6dd9b21e6ce7c8a6505e08ee8935d452df8942744c1aad3c277c5f
  From:                0xf39fd6e51aad88f6f4ce6ab8827279cfffb92266
  To:                  0x96f3ce39ad2bfdcf92c0f6e2c2cabf83874660fc
  Value:               0 ETH
  Gas used:            56839 of 56839
  Block #191:          0x10fe4c75c41b22e8663bdee12c25e5638ea6d1c6bc465295be246c72698eceb1

[32meth_chainId[0m
[32meth_getTransactionByHash[0m
[32meth_chainId[0m
[32meth_getTransactionReceipt[0m
[32meth_chainId[0m
[32meth_accounts[0m
[32meth_accounts (2)[0m
[32meth_accounts (3)[0m
[32meth_chainId[0m
[32meth_call[0m
  Contract call:       Challenge#getStepNumber
  From:                0xf39fd6e51aad88f6f4ce6ab8827279cfffb92266
  To:                  0x96f3ce39ad2bfdcf92c0f6e2c2cabf83874660fc

[32meth_chainId[0m
[32meth_call[0m
  Contract call:       Challenge#isSearching
  From:                0xf39fd6e51aad88f6f4ce6ab8827279cfffb92266
  To:                  0x96f3ce39ad2bfdcf92c0f6e2c2cabf83874660fc

[32meth_chainId[0m
[32meth_call[0m
  Contract call:       Challenge#getProposedState
  From:                0xf39fd6e51aad88f6f4ce6ab8827279cfffb92266
  To:                  0x96f3ce39ad2bfdcf92c0f6e2c2cabf83874660fc

[32meth_blockNumber[0m
[32meth_chainId[0m
[32meth_chainId (2)[0m
[32meth_estimateGas[0m
[32meth_getBlockByNumber[0m
[32meth_feeHistory[0m
[32meth_sendTransaction[0m
  Contract call:       Challenge#proposeState
  Transaction:         0x6fd0ffa10490e62855ba0174a07133849ffe8cf1556916598cad95596c2a4328
  From:                0xf39fd6e51aad88f6f4ce6ab8827279cfffb92266
  To:                  0x96f3ce39ad2bfdcf92c0f6e2c2cabf83874660fc
  Value:               0 ETH
  Gas used:            51634 of 51634
  Block #192:          0xc878b075d2e6191871e3d7826ccad88e5bcb1ed6b6904f9281c7436ce300737b

[32meth_chainId[0m
[32meth_getTransactionByHash[0m
[32meth_chainId[0m
[32meth_getTransactionReceipt[0m
[32meth_chainId[0m
[32meth_accounts[0m
[32meth_accounts (2)[0m
[32meth_accounts (3)[0m
[32meth_chainId[0m
[32meth_call[0m
  Contract call:       Challenge#getStepNumber
  From:                0xf39fd6e51aad88f6f4ce6ab8827279cfffb92266
  To:                  0x96f3ce39ad2bfdcf92c0f6e2c2cabf83874660fc

[32meth_chainId[0m
[32meth_call[0m
  Contract call:       Challenge#isSearching
  From:                0xf39fd6e51aad88f6f4ce6ab8827279cfffb92266
  To:                  0x96f3ce39ad2bfdcf92c0f6e2c2cabf83874660fc

[32meth_chainId[0m
[32meth_call[0m
  Contract call:       Challenge#getProposedState
  From:                0xf39fd6e51aad88f6f4ce6ab8827279cfffb92266
  To:                  0x96f3ce39ad2bfdcf92c0f6e2c2cabf83874660fc

[32meth_blockNumber[0m
[32meth_chainId[0m
[32meth_chainId (2)[0m
[32meth_estimateGas[0m
[32meth_getBlockByNumber[0m
[32meth_feeHistory[0m
[32meth_sendTransaction[0m
  Contract call:       Challenge#respondState
  Transaction:         0xb1ef0ec0138d3cde459638d7c318962edc4a4cfccfc1af4034ca65a832747c48
  From:                0xf39fd6e51aad88f6f4ce6ab8827279cfffb92266
  To:                  0x96f3ce39ad2bfdcf92c0f6e2c2cabf83874660fc
  Value:               0 ETH
  Gas used:            56839 of 56839
  Block #193:          0x7f8193c83bc60edeebeee15c3c0ce834bd41af5cb48ffc241e8e66fcd4cef674

[32meth_chainId[0m
[32meth_getTransactionByHash[0m
[32meth_chainId[0m
[32meth_getTransactionReceipt[0m
[32meth_chainId[0m
[32meth_accounts[0m
[32meth_accounts (2)[0m
[32meth_accounts (3)[0m
[32meth_chainId[0m
[32meth_call[0m
  Contract call:       Challenge#getStepNumber
  From:                0xf39fd6e51aad88f6f4ce6ab8827279cfffb92266
  To:                  0x96f3ce39ad2bfdcf92c0f6e2c2cabf83874660fc

[32meth_chainId[0m
[32meth_call[0m
  Contract call:       Challenge#isSearching
  From:                0xf39fd6e51aad88f6f4ce6ab8827279cfffb92266
  To:                  0x96f3ce39ad2bfdcf92c0f6e2c2cabf83874660fc

[32meth_chainId[0m
[32meth_call[0m
  Contract call:       Challenge#getProposedState
  From:                0xf39fd6e51aad88f6f4ce6ab8827279cfffb92266
  To:                  0x96f3ce39ad2bfdcf92c0f6e2c2cabf83874660fc

[32meth_blockNumber[0m
[32meth_chainId[0m
[32meth_chainId (2)[0m
[32meth_estimateGas[0m
[32meth_getBlockByNumber[0m
[32meth_feeHistory[0m
[32meth_sendTransaction[0m
  Contract call:       Challenge#proposeState
  Transaction:         0x6b69382af9b856b60027b307ebda65b7ff7bb72f89d023d196a31008fa9881b1
  From:                0xf39fd6e51aad88f6f4ce6ab8827279cfffb92266
  To:                  0x96f3ce39ad2bfdcf92c0f6e2c2cabf83874660fc
  Value:               0 ETH
  Gas used:            51634 of 51634
  Block #194:          0x85e8c84ee2355f4831f95d63b9fc886a8495618c24f09be5a7570cf09fd8605c

[32meth_chainId[0m
[32meth_getTransactionByHash[0m
[32meth_chainId[0m
[32meth_getTransactionReceipt[0m
[32meth_chainId[0m
[32meth_accounts[0m
[32meth_accounts (2)[0m
[32meth_accounts (3)[0m
[32meth_chainId[0m
[32meth_call[0m
  Contract call:       Challenge#getStepNumber
  From:                0xf39fd6e51aad88f6f4ce6ab8827279cfffb92266
  To:                  0x96f3ce39ad2bfdcf92c0f6e2c2cabf83874660fc

[32meth_chainId[0m
[32meth_call[0m
  Contract call:       Challenge#isSearching
  From:                0xf39fd6e51aad88f6f4ce6ab8827279cfffb92266
  To:                  0x96f3ce39ad2bfdcf92c0f6e2c2cabf83874660fc

[32meth_chainId[0m
[32meth_call[0m
  Contract call:       Challenge#getProposedState
  From:                0xf39fd6e51aad88f6f4ce6ab8827279cfffb92266
  To:                  0x96f3ce39ad2bfdcf92c0f6e2c2cabf83874660fc

[32meth_blockNumber[0m
[32meth_chainId[0m
[32meth_chainId (2)[0m
[32meth_estimateGas[0m
[32meth_getBlockByNumber[0m
[32meth_feeHistory[0m
[32meth_sendTransaction[0m
  Contract call:       Challenge#respondState
  Transaction:         0xa70e1dd1d42125b6106ad1096764aa4bf0c84d6be8132e10588e7a5199a3004b
  From:                0xf39fd6e51aad88f6f4ce6ab8827279cfffb92266
  To:                  0x96f3ce39ad2bfdcf92c0f6e2c2cabf83874660fc
  Value:               0 ETH
  Gas used:            56839 of 56839
  Block #195:          0xc79c2759f6bcce5432b73e4974a5f3afbce1218e0c7ff831b2caf873a18f96fa

[32meth_chainId[0m
[32meth_getTransactionByHash[0m
[32meth_chainId[0m
[32meth_getTransactionReceipt[0m
[32meth_chainId[0m
[32meth_accounts[0m
[32meth_accounts (2)[0m
[32meth_accounts (3)[0m
[32meth_chainId[0m
[32meth_call[0m
  Contract call:       Challenge#getStepNumber
  From:                0xf39fd6e51aad88f6f4ce6ab8827279cfffb92266
  To:                  0x96f3ce39ad2bfdcf92c0f6e2c2cabf83874660fc

[32meth_chainId[0m
[32meth_call[0m
  Contract call:       Challenge#isSearching
  From:                0xf39fd6e51aad88f6f4ce6ab8827279cfffb92266
  To:                  0x96f3ce39ad2bfdcf92c0f6e2c2cabf83874660fc

[32meth_chainId[0m
[32meth_call[0m
  Contract call:       Challenge#getProposedState
  From:                0xf39fd6e51aad88f6f4ce6ab8827279cfffb92266
  To:                  0x96f3ce39ad2bfdcf92c0f6e2c2cabf83874660fc

[32meth_blockNumber[0m
[32meth_chainId[0m
[32meth_chainId (2)[0m
[32meth_estimateGas[0m
[32meth_getBlockByNumber[0m
[32meth_feeHistory[0m
[32meth_sendTransaction[0m
  Contract call:       Challenge#proposeState
  Transaction:         0x35d2bc32f765c51515bec90709cf84480e2697ab473fad364174f59c2498966b
  From:                0xf39fd6e51aad88f6f4ce6ab8827279cfffb92266
  To:                  0x96f3ce39ad2bfdcf92c0f6e2c2cabf83874660fc
  Value:               0 ETH
  Gas used:            51634 of 51634
  Block #196:          0x7b02012b8ac217194749676832963025911b60b74480fe0afba13b5823c76b67

[32meth_chainId[0m
[32meth_getTransactionByHash[0m
[32meth_chainId[0m
[32meth_getTransactionReceipt[0m
[32meth_chainId[0m
[32meth_accounts[0m
[32meth_accounts (2)[0m
[32meth_accounts (3)[0m
[32meth_chainId[0m
[32meth_call[0m
  Contract call:       Challenge#getStepNumber
  From:                0xf39fd6e51aad88f6f4ce6ab8827279cfffb92266
  To:                  0x96f3ce39ad2bfdcf92c0f6e2c2cabf83874660fc

[32meth_chainId[0m
[32meth_call[0m
  Contract call:       Challenge#isSearching
  From:                0xf39fd6e51aad88f6f4ce6ab8827279cfffb92266
  To:                  0x96f3ce39ad2bfdcf92c0f6e2c2cabf83874660fc

[32meth_chainId[0m
[32meth_call[0m
  Contract call:       Challenge#getProposedState
  From:                0xf39fd6e51aad88f6f4ce6ab8827279cfffb92266
  To:                  0x96f3ce39ad2bfdcf92c0f6e2c2cabf83874660fc

[32meth_blockNumber[0m
[32meth_chainId[0m
[32meth_chainId (2)[0m
[32meth_estimateGas[0m
[32meth_getBlockByNumber[0m
[32meth_feeHistory[0m
[32meth_sendTransaction[0m
  Contract call:       Challenge#respondState
  Transaction:         0xaacfbb977f8d8615af1bdf460a38d3db236b10fc8a530930bfc67be926850005
  From:                0xf39fd6e51aad88f6f4ce6ab8827279cfffb92266
  To:                  0x96f3ce39ad2bfdcf92c0f6e2c2cabf83874660fc
  Value:               0 ETH
  Gas used:            56839 of 56839
  Block #197:          0xe55fcc093ba51db074601cd0a0700baac84b9bba4c7f6029ddd462ce83b0517c

[32meth_chainId[0m
[32meth_getTransactionByHash[0m
[32meth_chainId[0m
[32meth_getTransactionReceipt[0m
[32meth_chainId[0m
[32meth_accounts[0m
[32meth_accounts (2)[0m
[32meth_accounts (3)[0m
[32meth_chainId[0m
[32meth_call[0m
  Contract call:       Challenge#getStepNumber
  From:                0xf39fd6e51aad88f6f4ce6ab8827279cfffb92266
  To:                  0x96f3ce39ad2bfdcf92c0f6e2c2cabf83874660fc

[32meth_chainId[0m
[32meth_call[0m
  Contract call:       Challenge#isSearching
  From:                0xf39fd6e51aad88f6f4ce6ab8827279cfffb92266
  To:                  0x96f3ce39ad2bfdcf92c0f6e2c2cabf83874660fc

[32meth_chainId[0m
[32meth_call[0m
  Contract call:       Challenge#getProposedState
  From:                0xf39fd6e51aad88f6f4ce6ab8827279cfffb92266
  To:                  0x96f3ce39ad2bfdcf92c0f6e2c2cabf83874660fc

[32meth_blockNumber[0m
[32meth_chainId[0m
[32meth_chainId (2)[0m
[32meth_estimateGas[0m
[32meth_getBlockByNumber[0m
[32meth_feeHistory[0m
[32meth_sendTransaction[0m
  Contract call:       Challenge#proposeState
  Transaction:         0xdd6e3acc31fb8709066ad78f2ce82a6c44a3426b679512e508b929e86effd24b
  From:                0xf39fd6e51aad88f6f4ce6ab8827279cfffb92266
  To:                  0x96f3ce39ad2bfdcf92c0f6e2c2cabf83874660fc
  Value:               0 ETH
  Gas used:            51622 of 51622
  Block #198:          0x1be0b7838b5bfbce1ddd71713e8889ab3d13c7d92087cb24d11c03410de20671

[32meth_chainId[0m
[32meth_getTransactionByHash[0m
[32meth_chainId[0m
[32meth_getTransactionReceipt[0m
[32meth_chainId[0m
[32meth_accounts[0m
[32meth_accounts (2)[0m
[32meth_accounts (3)[0m
[32meth_chainId[0m
[32meth_call[0m
  Contract call:       Challenge#getStepNumber
  From:                0xf39fd6e51aad88f6f4ce6ab8827279cfffb92266
  To:                  0x96f3ce39ad2bfdcf92c0f6e2c2cabf83874660fc

[32meth_chainId[0m
[32meth_call[0m
  Contract call:       Challenge#isSearching
  From:                0xf39fd6e51aad88f6f4ce6ab8827279cfffb92266
  To:                  0x96f3ce39ad2bfdcf92c0f6e2c2cabf83874660fc

[32meth_chainId[0m
[32meth_call[0m
  Contract call:       Challenge#getProposedState
  From:                0xf39fd6e51aad88f6f4ce6ab8827279cfffb92266
  To:                  0x96f3ce39ad2bfdcf92c0f6e2c2cabf83874660fc

[32meth_blockNumber[0m
[32meth_chainId[0m
[32meth_chainId (2)[0m
[32meth_estimateGas[0m
[32meth_getBlockByNumber[0m
[32meth_feeHistory[0m
[32meth_sendTransaction[0m
  Contract call:       Challenge#respondState
  Transaction:         0x3c3c4c07fa0071aeea5de8e166b79cd6c6b8f5caaa4c70757042c50ae950945e
  From:                0xf39fd6e51aad88f6f4ce6ab8827279cfffb92266
  To:                  0x96f3ce39ad2bfdcf92c0f6e2c2cabf83874660fc
  Value:               0 ETH
  Gas used:            56827 of 56827
  Block #199:          0x979735eab60bf940a65c4ae8b63b2dfbde29323367be1fe9b5461b328a6029cd

[32meth_chainId[0m
[32meth_getTransactionByHash[0m
[32meth_chainId[0m
[32meth_getTransactionReceipt[0m
[32meth_chainId[0m
[32meth_accounts[0m
[32meth_accounts (2)[0m
[32meth_accounts (3)[0m
[32meth_chainId[0m
[32meth_call[0m
  Contract call:       Challenge#getStepNumber
  From:                0xf39fd6e51aad88f6f4ce6ab8827279cfffb92266
  To:                  0x96f3ce39ad2bfdcf92c0f6e2c2cabf83874660fc

[32meth_chainId[0m
[32meth_call[0m
  Contract call:       Challenge#isSearching
  From:                0xf39fd6e51aad88f6f4ce6ab8827279cfffb92266
  To:                  0x96f3ce39ad2bfdcf92c0f6e2c2cabf83874660fc

[32meth_chainId[0m
[32meth_call[0m
  Contract call:       Challenge#getProposedState
  From:                0xf39fd6e51aad88f6f4ce6ab8827279cfffb92266
  To:                  0x96f3ce39ad2bfdcf92c0f6e2c2cabf83874660fc

[32meth_blockNumber[0m
[32meth_chainId[0m
[32meth_chainId (2)[0m
[32meth_estimateGas[0m
[32meth_getBlockByNumber[0m
[32meth_feeHistory[0m
[32meth_sendTransaction[0m
  Contract call:       Challenge#proposeState
  Transaction:         0x3a68bac5fe2af54fa23757d7cb250114dedc387005b2f4113143e1e1b69f8abb
  From:                0xf39fd6e51aad88f6f4ce6ab8827279cfffb92266
  To:                  0x96f3ce39ad2bfdcf92c0f6e2c2cabf83874660fc
  Value:               0 ETH
  Gas used:            51634 of 51634
  Block #200:          0x42307b67d74bebbbc8337fae010f7e4c266965c1d4bb9bfb3133478d9bb40e46

[32meth_chainId[0m
[32meth_getTransactionByHash[0m
[32meth_chainId[0m
[32meth_getTransactionReceipt[0m
[32meth_chainId[0m
[32meth_accounts[0m
[32meth_accounts (2)[0m
[32meth_accounts (3)[0m
[32meth_chainId[0m
[32meth_call[0m
  Contract call:       Challenge#getStepNumber
  From:                0xf39fd6e51aad88f6f4ce6ab8827279cfffb92266
  To:                  0x96f3ce39ad2bfdcf92c0f6e2c2cabf83874660fc

[32meth_chainId[0m
[32meth_call[0m
  Contract call:       Challenge#isSearching
  From:                0xf39fd6e51aad88f6f4ce6ab8827279cfffb92266
  To:                  0x96f3ce39ad2bfdcf92c0f6e2c2cabf83874660fc

[32meth_chainId[0m
[32meth_call[0m
  Contract call:       Challenge#getProposedState
  From:                0xf39fd6e51aad88f6f4ce6ab8827279cfffb92266
  To:                  0x96f3ce39ad2bfdcf92c0f6e2c2cabf83874660fc

[32meth_blockNumber[0m
[32meth_chainId[0m
[32meth_chainId (2)[0m
[32meth_estimateGas[0m
[32meth_getBlockByNumber[0m
[32meth_feeHistory[0m
[32meth_sendTransaction[0m
  Contract call:       Challenge#respondState
  Transaction:         0xc4ed668bceffe93b18faad262c9fb1e8832090a761107645683522ca498ea35c
  From:                0xf39fd6e51aad88f6f4ce6ab8827279cfffb92266
  To:                  0x96f3ce39ad2bfdcf92c0f6e2c2cabf83874660fc
  Value:               0 ETH
  Gas used:            56839 of 56839
  Block #201:          0x6f4dd92075ad0608f7aa1c3f69471da12012bc3ee18d8670d68d0cd8114b4b3c

[32meth_chainId[0m
[32meth_getTransactionByHash[0m
[32meth_chainId[0m
[32meth_getTransactionReceipt[0m
[32meth_chainId[0m
[32meth_accounts[0m
[32meth_accounts (2)[0m
[32meth_accounts (3)[0m
[32meth_chainId[0m
[32meth_call[0m
  Contract call:       Challenge#getStepNumber
  From:                0xf39fd6e51aad88f6f4ce6ab8827279cfffb92266
  To:                  0x96f3ce39ad2bfdcf92c0f6e2c2cabf83874660fc

[32meth_chainId[0m
[32meth_call[0m
  Contract call:       Challenge#isSearching
  From:                0xf39fd6e51aad88f6f4ce6ab8827279cfffb92266
  To:                  0x96f3ce39ad2bfdcf92c0f6e2c2cabf83874660fc

[32meth_chainId[0m
[32meth_call[0m
  Contract call:       Challenge#getProposedState
  From:                0xf39fd6e51aad88f6f4ce6ab8827279cfffb92266
  To:                  0x96f3ce39ad2bfdcf92c0f6e2c2cabf83874660fc

[32meth_blockNumber[0m
[32meth_chainId[0m
[32meth_chainId (2)[0m
[32meth_estimateGas[0m
[32meth_getBlockByNumber[0m
[32meth_feeHistory[0m
[32meth_sendTransaction[0m
  Contract call:       Challenge#proposeState
  Transaction:         0xb4abf4f7d006611629f8d78d4e8eeb56431b5c4a1ad004fe832b36270a0a9f85
  From:                0xf39fd6e51aad88f6f4ce6ab8827279cfffb92266
  To:                  0x96f3ce39ad2bfdcf92c0f6e2c2cabf83874660fc
  Value:               0 ETH
  Gas used:            51634 of 51634
  Block #202:          0x1aea1c9e54360c8b0c12128690cb4f53e7686a7672e2c2f6831ab17561d68a27

[32meth_chainId[0m
[32meth_getTransactionByHash[0m
[32meth_chainId[0m
[32meth_getTransactionReceipt[0m
[32meth_chainId[0m
[32meth_accounts[0m
[32meth_accounts (2)[0m
[32meth_accounts (3)[0m
[32meth_chainId[0m
[32meth_call[0m
  Contract call:       Challenge#getStepNumber
  From:                0xf39fd6e51aad88f6f4ce6ab8827279cfffb92266
  To:                  0x96f3ce39ad2bfdcf92c0f6e2c2cabf83874660fc

[32meth_chainId[0m
[32meth_call[0m
  Contract call:       Challenge#isSearching
  From:                0xf39fd6e51aad88f6f4ce6ab8827279cfffb92266
  To:                  0x96f3ce39ad2bfdcf92c0f6e2c2cabf83874660fc

[32meth_chainId[0m
[32meth_call[0m
  Contract call:       Challenge#getProposedState
  From:                0xf39fd6e51aad88f6f4ce6ab8827279cfffb92266
  To:                  0x96f3ce39ad2bfdcf92c0f6e2c2cabf83874660fc

[32meth_blockNumber[0m
[32meth_chainId[0m
[32meth_chainId (2)[0m
[32meth_estimateGas[0m
[32meth_getBlockByNumber[0m
[32meth_feeHistory[0m
[32meth_sendTransaction[0m
  Contract call:       Challenge#respondState
  Transaction:         0x2a89dfa319dd0de35ff65067fbf12e71bf842bda7d6c93871a405270e1c0798b
  From:                0xf39fd6e51aad88f6f4ce6ab8827279cfffb92266
  To:                  0x96f3ce39ad2bfdcf92c0f6e2c2cabf83874660fc
  Value:               0 ETH
  Gas used:            56839 of 56839
  Block #203:          0x30fc11b8c2d27398c9b75b14234b00a80958fcebb2d43399d7ab3579be6dc810

[32meth_chainId[0m
[32meth_getTransactionByHash[0m
[32meth_chainId[0m
[32meth_getTransactionReceipt[0m
[32meth_chainId[0m
[32meth_accounts[0m
[32meth_accounts (2)[0m
[32meth_accounts (3)[0m
[32meth_chainId[0m
[32meth_call[0m
  Contract call:       Challenge#getStepNumber
  From:                0xf39fd6e51aad88f6f4ce6ab8827279cfffb92266
  To:                  0x96f3ce39ad2bfdcf92c0f6e2c2cabf83874660fc

[32meth_chainId[0m
[32meth_call[0m
  Contract call:       Challenge#isSearching
  From:                0xf39fd6e51aad88f6f4ce6ab8827279cfffb92266
  To:                  0x96f3ce39ad2bfdcf92c0f6e2c2cabf83874660fc

[32meth_chainId[0m
[32meth_call[0m
  Contract call:       Challenge#getProposedState
  From:                0xf39fd6e51aad88f6f4ce6ab8827279cfffb92266
  To:                  0x96f3ce39ad2bfdcf92c0f6e2c2cabf83874660fc

[32meth_blockNumber[0m
[32meth_chainId[0m
[32meth_chainId (2)[0m
[32meth_estimateGas[0m
[32meth_getBlockByNumber[0m
[32meth_feeHistory[0m
[32meth_sendTransaction[0m
  Contract call:       Challenge#proposeState
  Transaction:         0x330ab6087735e2c8de172d7f73b854afd69a15a11b1eb7daf8820a075446d974
  From:                0xf39fd6e51aad88f6f4ce6ab8827279cfffb92266
  To:                  0x96f3ce39ad2bfdcf92c0f6e2c2cabf83874660fc
  Value:               0 ETH
  Gas used:            51634 of 51634
  Block #204:          0x2d7bd07ac2618280cc23b0bad6455398271c28ab7e8945ac97ecc7aac1c04fa9

[32meth_chainId[0m
[32meth_getTransactionByHash[0m
[32meth_chainId[0m
[32meth_getTransactionReceipt[0m
[32meth_chainId[0m
[32meth_accounts[0m
[32meth_accounts (2)[0m
[32meth_accounts (3)[0m
[32meth_chainId[0m
[32meth_call[0m
  Contract call:       Challenge#getStepNumber
  From:                0xf39fd6e51aad88f6f4ce6ab8827279cfffb92266
  To:                  0x96f3ce39ad2bfdcf92c0f6e2c2cabf83874660fc

[32meth_chainId[0m
[32meth_call[0m
  Contract call:       Challenge#isSearching
  From:                0xf39fd6e51aad88f6f4ce6ab8827279cfffb92266
  To:                  0x96f3ce39ad2bfdcf92c0f6e2c2cabf83874660fc

[32meth_chainId[0m
[32meth_call[0m
  Contract call:       Challenge#getProposedState
  From:                0xf39fd6e51aad88f6f4ce6ab8827279cfffb92266
  To:                  0x96f3ce39ad2bfdcf92c0f6e2c2cabf83874660fc

[32meth_blockNumber[0m
[32meth_chainId[0m
[32meth_chainId (2)[0m
[32meth_estimateGas[0m
[32meth_getBlockByNumber[0m
[32meth_feeHistory[0m
[32meth_sendTransaction[0m
  Contract call:       Challenge#respondState
  Transaction:         0x5d9de1a8090b5b79b647bd417c56b9ccb393deb9573d80eeb0acd4ea9b1406bd
  From:                0xf39fd6e51aad88f6f4ce6ab8827279cfffb92266
  To:                  0x96f3ce39ad2bfdcf92c0f6e2c2cabf83874660fc
  Value:               0 ETH
  Gas used:            56839 of 56839
  Block #205:          0x32cba8e262b3d8660013141e875cd1ee57b89b312398db79ac0d11e52c4d8046

[32meth_chainId[0m
[32meth_getTransactionByHash[0m
[32meth_chainId[0m
[32meth_getTransactionReceipt[0m
[32meth_chainId[0m
[32meth_accounts[0m
[32meth_accounts (2)[0m
[32meth_accounts (3)[0m
[32meth_chainId[0m
[32meth_call[0m
  Contract call:       Challenge#getStepNumber
  From:                0xf39fd6e51aad88f6f4ce6ab8827279cfffb92266
  To:                  0x96f3ce39ad2bfdcf92c0f6e2c2cabf83874660fc

[32meth_chainId[0m
[32meth_call[0m
  Contract call:       Challenge#isSearching
  From:                0xf39fd6e51aad88f6f4ce6ab8827279cfffb92266
  To:                  0x96f3ce39ad2bfdcf92c0f6e2c2cabf83874660fc

[32meth_chainId[0m
[32meth_call[0m
  Contract call:       Challenge#getProposedState
  From:                0xf39fd6e51aad88f6f4ce6ab8827279cfffb92266
  To:                  0x96f3ce39ad2bfdcf92c0f6e2c2cabf83874660fc

[32meth_blockNumber[0m
[32meth_chainId[0m
[32meth_chainId (2)[0m
[32meth_estimateGas[0m
[32meth_getBlockByNumber[0m
[32meth_feeHistory[0m
[32meth_sendTransaction[0m
  Contract call:       Challenge#proposeState
  Transaction:         0xe658243a396e4591d7fefa407e468e7be4916a3959be20850407dc0f72dc3fa5
  From:                0xf39fd6e51aad88f6f4ce6ab8827279cfffb92266
  To:                  0x96f3ce39ad2bfdcf92c0f6e2c2cabf83874660fc
  Value:               0 ETH
  Gas used:            51634 of 51634
  Block #206:          0x67e72318b2e0beb270820672a07c74f587ace8bbd39c22a70ee6e7bbf350076c

[32meth_chainId[0m
[32meth_getTransactionByHash[0m
[32meth_chainId[0m
[32meth_getTransactionReceipt[0m
[32meth_chainId[0m
[32meth_accounts[0m
[32meth_accounts (2)[0m
[32meth_accounts (3)[0m
[32meth_chainId[0m
[32meth_call[0m
  Contract call:       Challenge#getStepNumber
  From:                0xf39fd6e51aad88f6f4ce6ab8827279cfffb92266
  To:                  0x96f3ce39ad2bfdcf92c0f6e2c2cabf83874660fc

[32meth_chainId[0m
[32meth_call[0m
  Contract call:       Challenge#isSearching
  From:                0xf39fd6e51aad88f6f4ce6ab8827279cfffb92266
  To:                  0x96f3ce39ad2bfdcf92c0f6e2c2cabf83874660fc

[32meth_chainId[0m
[32meth_call[0m
  Contract call:       Challenge#getProposedState
  From:                0xf39fd6e51aad88f6f4ce6ab8827279cfffb92266
  To:                  0x96f3ce39ad2bfdcf92c0f6e2c2cabf83874660fc

[32meth_blockNumber[0m
[32meth_chainId[0m
[32meth_chainId (2)[0m
[32meth_estimateGas[0m
[32meth_getBlockByNumber[0m
[32meth_feeHistory[0m
[32meth_sendTransaction[0m
  Contract call:       Challenge#respondState
  Transaction:         0xf9d27f8e56b302d72edc9a2ce9a109d955a751664869efc86e72541ab6d797fc
  From:                0xf39fd6e51aad88f6f4ce6ab8827279cfffb92266
  To:                  0x96f3ce39ad2bfdcf92c0f6e2c2cabf83874660fc
  Value:               0 ETH
  Gas used:            56839 of 56839
  Block #207:          0xfbc5a3c14b2c776fae6b98b02d99698aaa8a72b06c1e0470ed9cf325e67dbe80

[32meth_chainId[0m
[32meth_getTransactionByHash[0m
[32meth_chainId[0m
[32meth_getTransactionReceipt[0m
[32meth_chainId[0m
[32meth_accounts[0m
[32meth_accounts (2)[0m
[32meth_accounts (3)[0m
[32meth_chainId[0m
[32meth_call[0m
  Contract call:       Challenge#getStepNumber
  From:                0xf39fd6e51aad88f6f4ce6ab8827279cfffb92266
  To:                  0x96f3ce39ad2bfdcf92c0f6e2c2cabf83874660fc

[32meth_chainId[0m
[32meth_call[0m
  Contract call:       Challenge#isSearching
  From:                0xf39fd6e51aad88f6f4ce6ab8827279cfffb92266
  To:                  0x96f3ce39ad2bfdcf92c0f6e2c2cabf83874660fc

[32meth_chainId[0m
[32meth_call[0m
  Contract call:       Challenge#getProposedState
  From:                0xf39fd6e51aad88f6f4ce6ab8827279cfffb92266
  To:                  0x96f3ce39ad2bfdcf92c0f6e2c2cabf83874660fc

[32meth_blockNumber[0m
[32meth_chainId[0m
[32meth_chainId (2)[0m
[32meth_estimateGas[0m
[32meth_getBlockByNumber[0m
[32meth_feeHistory[0m
[32meth_sendTransaction[0m
  Contract call:       Challenge#proposeState
  Transaction:         0x5a3b1148260bdb6aa18b733c30a8750b596c2a22bc02eaeefadd75f2a50d7ce0
  From:                0xf39fd6e51aad88f6f4ce6ab8827279cfffb92266
  To:                  0x96f3ce39ad2bfdcf92c0f6e2c2cabf83874660fc
  Value:               0 ETH
  Gas used:            51622 of 51622
  Block #208:          0xda65abf281737690ece92afc0bfb5cea3291437e8f3b90165e9ff681d271c2b1

[32meth_chainId[0m
[32meth_getTransactionByHash[0m
[32meth_chainId[0m
[32meth_getTransactionReceipt[0m
[32meth_chainId[0m
[32meth_accounts[0m
[32meth_accounts (2)[0m
[32meth_accounts (3)[0m
[32meth_chainId[0m
[32meth_call[0m
  Contract call:       Challenge#getStepNumber
  From:                0xf39fd6e51aad88f6f4ce6ab8827279cfffb92266
  To:                  0x96f3ce39ad2bfdcf92c0f6e2c2cabf83874660fc

[32meth_chainId[0m
[32meth_call[0m
  Contract call:       Challenge#isSearching
  From:                0xf39fd6e51aad88f6f4ce6ab8827279cfffb92266
  To:                  0x96f3ce39ad2bfdcf92c0f6e2c2cabf83874660fc

[32meth_chainId[0m
[32meth_call[0m
  Contract call:       Challenge#getProposedState
  From:                0xf39fd6e51aad88f6f4ce6ab8827279cfffb92266
  To:                  0x96f3ce39ad2bfdcf92c0f6e2c2cabf83874660fc

[32meth_blockNumber[0m
[32meth_chainId[0m
[32meth_chainId (2)[0m
[32meth_estimateGas[0m
[32meth_getBlockByNumber[0m
[32meth_feeHistory[0m
[32meth_sendTransaction[0m
  Contract call:       Challenge#respondState
  Transaction:         0xbe898910b071db8564dbbb06eec956624e74fca5535a1b5b430dfbbab87d2474
  From:                0xf39fd6e51aad88f6f4ce6ab8827279cfffb92266
  To:                  0x96f3ce39ad2bfdcf92c0f6e2c2cabf83874660fc
  Value:               0 ETH
  Gas used:            56827 of 56827
  Block #209:          0x623200ff12f063b393c3fc0b94281166062d92996210423c58a562cf480eb35d

[32meth_chainId[0m
[32meth_getTransactionByHash[0m
[32meth_chainId[0m
[32meth_getTransactionReceipt[0m
[32meth_chainId[0m
[32meth_accounts[0m
[32meth_accounts (2)[0m
[32meth_accounts (3)[0m
[32meth_chainId[0m
[32meth_call[0m
  Contract call:       Challenge#getStepNumber
  From:                0xf39fd6e51aad88f6f4ce6ab8827279cfffb92266
  To:                  0x96f3ce39ad2bfdcf92c0f6e2c2cabf83874660fc

[32meth_chainId[0m
[32meth_call[0m
  Contract call:       Challenge#isSearching
  From:                0xf39fd6e51aad88f6f4ce6ab8827279cfffb92266
  To:                  0x96f3ce39ad2bfdcf92c0f6e2c2cabf83874660fc

[32meth_chainId[0m
[32meth_call[0m
  Contract call:       Challenge#getProposedState
  From:                0xf39fd6e51aad88f6f4ce6ab8827279cfffb92266
  To:                  0x96f3ce39ad2bfdcf92c0f6e2c2cabf83874660fc

[32meth_blockNumber[0m
[32meth_chainId[0m
[32meth_chainId (2)[0m
[32meth_estimateGas[0m
[32meth_getBlockByNumber[0m
[32meth_feeHistory[0m
[32meth_sendTransaction[0m
  Contract call:       Challenge#proposeState
  Transaction:         0x1ba6612e2ce0ea76d23268b496cbbbd75379c53624ee580a87406d5f358396df
  From:                0xf39fd6e51aad88f6f4ce6ab8827279cfffb92266
  To:                  0x96f3ce39ad2bfdcf92c0f6e2c2cabf83874660fc
  Value:               0 ETH
  Gas used:            51634 of 51634
  Block #210:          0xb33e2845ee8363ce375c0fb1ca8272d445800cb01e5754a34cde1491ae20d31c

[32meth_chainId[0m
[32meth_getTransactionByHash[0m
[32meth_chainId[0m
[32meth_getTransactionReceipt[0m
[32meth_chainId[0m
[32meth_accounts[0m
[32meth_accounts (2)[0m
[32meth_accounts (3)[0m
[32meth_chainId[0m
[32meth_call[0m
  Contract call:       Challenge#getStepNumber
  From:                0xf39fd6e51aad88f6f4ce6ab8827279cfffb92266
  To:                  0x96f3ce39ad2bfdcf92c0f6e2c2cabf83874660fc

[32meth_chainId[0m
[32meth_call[0m
  Contract call:       Challenge#isSearching
  From:                0xf39fd6e51aad88f6f4ce6ab8827279cfffb92266
  To:                  0x96f3ce39ad2bfdcf92c0f6e2c2cabf83874660fc

[32meth_chainId[0m
[32meth_call[0m
  Contract call:       Challenge#getProposedState
  From:                0xf39fd6e51aad88f6f4ce6ab8827279cfffb92266
  To:                  0x96f3ce39ad2bfdcf92c0f6e2c2cabf83874660fc

[32meth_blockNumber[0m
[32meth_chainId[0m
[32meth_chainId (2)[0m
[32meth_estimateGas[0m
[32meth_getBlockByNumber[0m
[32meth_feeHistory[0m
[32meth_sendTransaction[0m
  Contract call:       Challenge#respondState
  Transaction:         0x59501bba49da40a60bdae4db83443b93c8a392523cc73a68ddae8a30e0b9bf6f
  From:                0xf39fd6e51aad88f6f4ce6ab8827279cfffb92266
  To:                  0x96f3ce39ad2bfdcf92c0f6e2c2cabf83874660fc
  Value:               0 ETH
  Gas used:            56838 of 56838
  Block #211:          0x022d0f288590b77af352f8d9cf30e976a2a89254f3ddd7f8c5cf728ef1446fc6

[32meth_chainId[0m
[32meth_getTransactionByHash[0m
[32meth_chainId[0m
[32meth_getTransactionReceipt[0m
[32meth_chainId[0m
[32meth_accounts[0m
[32meth_accounts (2)[0m
[32meth_accounts (3)[0m
[32meth_chainId[0m
[32meth_call[0m
  Contract call:       Challenge#getStepNumber
  From:                0xf39fd6e51aad88f6f4ce6ab8827279cfffb92266
  To:                  0x96f3ce39ad2bfdcf92c0f6e2c2cabf83874660fc

[32meth_chainId[0m
[32meth_call[0m
  Contract call:       Challenge#isSearching
  From:                0xf39fd6e51aad88f6f4ce6ab8827279cfffb92266
  To:                  0x96f3ce39ad2bfdcf92c0f6e2c2cabf83874660fc

[32meth_chainId[0m
[32meth_accounts[0m
[32meth_accounts (2)[0m
[32meth_accounts (3)[0m
[32meth_chainId[0m
[32meth_call[0m
  Contract call:       Challenge#getStepNumber
  From:                0xf39fd6e51aad88f6f4ce6ab8827279cfffb92266
  To:                  0x96f3ce39ad2bfdcf92c0f6e2c2cabf83874660fc

[32meth_chainId[0m
[32meth_call[0m
  Contract call:       Challenge#isSearching
  From:                0xf39fd6e51aad88f6f4ce6ab8827279cfffb92266
  To:                  0x96f3ce39ad2bfdcf92c0f6e2c2cabf83874660fc

[32meth_chainId[0m
[32meth_accounts[0m
[32meth_accounts (2)[0m
[32meth_accounts (3)[0m
[32meth_chainId[0m
[32meth_call[0m
  Contract call:       Challenge#getStepNumber
  From:                0xf39fd6e51aad88f6f4ce6ab8827279cfffb92266
  To:                  0x96f3ce39ad2bfdcf92c0f6e2c2cabf83874660fc

[32meth_chainId[0m
[32meth_call[0m
  Contract call:       Challenge#isSearching
  From:                0xf39fd6e51aad88f6f4ce6ab8827279cfffb92266
  To:                  0x96f3ce39ad2bfdcf92c0f6e2c2cabf83874660fc

[32meth_chainId[0m
[32meth_accounts[0m
[32meth_accounts (2)[0m
[32meth_accounts (3)[0m
[32meth_chainId[0m
[32meth_call[0m
  Contract call:       Challenge#getStepNumber
  From:                0xf39fd6e51aad88f6f4ce6ab8827279cfffb92266
  To:                  0x96f3ce39ad2bfdcf92c0f6e2c2cabf83874660fc

[32meth_chainId[0m
[32meth_call[0m
  Contract call:       Challenge#isSearching
  From:                0xf39fd6e51aad88f6f4ce6ab8827279cfffb92266
  To:                  0x96f3ce39ad2bfdcf92c0f6e2c2cabf83874660fc

[32meth_chainId[0m
[32meth_accounts[0m
[32meth_accounts (2)[0m
[32meth_accounts (3)[0m
[32meth_chainId[0m
[32meth_call[0m
  Contract call:       Challenge#getStepNumber
  From:                0xf39fd6e51aad88f6f4ce6ab8827279cfffb92266
  To:                  0x96f3ce39ad2bfdcf92c0f6e2c2cabf83874660fc

[32meth_chainId[0m
[32meth_call[0m
  Contract call:       Challenge#isSearching
  From:                0xf39fd6e51aad88f6f4ce6ab8827279cfffb92266
  To:                  0x96f3ce39ad2bfdcf92c0f6e2c2cabf83874660fc

[32meth_chainId[0m
[32meth_accounts[0m
[31meth_call[0m
  Contract call:       Challenge#callWithTrieNodes
  From:                0xf39fd6e51aad88f6f4ce6ab8827279cfffb92266
  To:                  0x96f3ce39ad2bfdcf92c0f6e2c2cabf83874660fc

  Error: reverted with reason string '727a7a1e1d37903c51d6e9197dd2732395f8739600fcf1454a96243ff1f03b44'

[32meth_chainId[0m
[31meth_call[0m
  Contract call:       Challenge#callWithTrieNodes
  From:                0xf39fd6e51aad88f6f4ce6ab8827279cfffb92266
  To:                  0x96f3ce39ad2bfdcf92c0f6e2c2cabf83874660fc

  Error: reverted with reason string '05e1f2c893f3e908f6d6a80e323e136b6d5933cac4a1498d83a5311dda4ef446'

[32meth_chainId[0m
[31meth_call[0m
  Contract call:       Challenge#callWithTrieNodes
  From:                0xf39fd6e51aad88f6f4ce6ab8827279cfffb92266
  To:                  0x96f3ce39ad2bfdcf92c0f6e2c2cabf83874660fc

  Error: reverted with reason string 'c1b9fc4e07c3c84556470c0276132c50e37f961f4c07168e4ffc0e3c54ecbf1c'

[32meth_chainId[0m
[31meth_call[0m
  Contract call:       Challenge#callWithTrieNodes
  From:                0xf39fd6e51aad88f6f4ce6ab8827279cfffb92266
  To:                  0x96f3ce39ad2bfdcf92c0f6e2c2cabf83874660fc

  Error: reverted with reason string 'cc61db1d62807282f65ef86cb838b052e1688d227d99133f419b31f2ff6e2d3b'

[32meth_chainId[0m
[31meth_call[0m
  Contract call:       Challenge#callWithTrieNodes
  From:                0xf39fd6e51aad88f6f4ce6ab8827279cfffb92266
  To:                  0x96f3ce39ad2bfdcf92c0f6e2c2cabf83874660fc

  Error: reverted with reason string 'f2d18a88f35ab41267056541cff18b28570813cbdb4795d0c8053e8626702cbe'

[32meth_chainId[0m
[31meth_call[0m
  Contract call:       Challenge#callWithTrieNodes
  From:                0xf39fd6e51aad88f6f4ce6ab8827279cfffb92266
  To:                  0x96f3ce39ad2bfdcf92c0f6e2c2cabf83874660fc

  Error: reverted with reason string '4b7337377c582caea404913f5273fe695f2f49341ae20f60075c1483bad43796'

[32meth_chainId[0m
[31meth_call[0m
  Contract call:       Challenge#callWithTrieNodes
  From:                0xf39fd6e51aad88f6f4ce6ab8827279cfffb92266
  To:                  0x96f3ce39ad2bfdcf92c0f6e2c2cabf83874660fc

  Error: reverted with reason string 'ffbb67d4d96c98e51a3de35369e36aa8ada4fe3b8e5fab1b3782f7ab5f18ac74'

[32meth_chainId[0m
[31meth_call[0m
  Contract call:       Challenge#callWithTrieNodes
  From:                0xf39fd6e51aad88f6f4ce6ab8827279cfffb92266
  To:                  0x96f3ce39ad2bfdcf92c0f6e2c2cabf83874660fc

  Error: reverted with reason string '736cbaa8654ea08089800ec34daaa2ddf4fb89419ff4b5ad08b9f755f38bd6b5'

[32meth_chainId[0m
[31meth_call[0m
  Contract call:       Challenge#callWithTrieNodes
  From:                0xf39fd6e51aad88f6f4ce6ab8827279cfffb92266
  To:                  0x96f3ce39ad2bfdcf92c0f6e2c2cabf83874660fc

  Error: reverted with reason string '6ead54a275a3232fa400f6e75ce37640ede8a0634cc3f91c2d23c7d72005f1ea'

[32meth_chainId[0m
[31meth_call[0m
  Contract call:       Challenge#callWithTrieNodes
  From:                0xf39fd6e51aad88f6f4ce6ab8827279cfffb92266
  To:                  0x96f3ce39ad2bfdcf92c0f6e2c2cabf83874660fc

  Error: reverted with reason string 'e77ba903184b9ce7d28c67fca3a858e78b08fc429e1a9e773681704024feaa33'

[32meth_chainId[0m
[31meth_call[0m
  Contract call:       Challenge#callWithTrieNodes
  From:                0xf39fd6e51aad88f6f4ce6ab8827279cfffb92266
  To:                  0x96f3ce39ad2bfdcf92c0f6e2c2cabf83874660fc

  Error: reverted with reason string '274ec6066a56b50821c063bb95efee373ccd2c1eb4fcfe5865438e11c3b88402'

[32meth_chainId[0m
[31meth_call[0m
  Contract call:       Challenge#callWithTrieNodes
  From:                0xf39fd6e51aad88f6f4ce6ab8827279cfffb92266
  To:                  0x96f3ce39ad2bfdcf92c0f6e2c2cabf83874660fc

  Error: reverted with reason string 'f15629b889fabbd76dd932425ac4290e9debecbc1815c83597497ed36a748300'

[32meth_chainId[0m
[32meth_call[0m
  Contract call:       Challenge#callWithTrieNodes
  From:                0xf39fd6e51aad88f6f4ce6ab8827279cfffb92266
  To:                  0x96f3ce39ad2bfdcf92c0f6e2c2cabf83874660fc

[32meth_blockNumber[0m
[32meth_chainId[0m
[32meth_chainId (2)[0m
[32meth_estimateGas[0m
[32meth_getBlockByNumber[0m
[32meth_feeHistory[0m
[32meth_sendTransaction[0m
  Contract call:       MIPSMemory#AddTrieNode
  Transaction:         0x84c832d41224baac52287ed1c3eee762e88e7790577251105457fdf4687d1b4a
  From:                0xf39fd6e51aad88f6f4ce6ab8827279cfffb92266
  To:                  0xb52d710d056a78fdb59d18b70eab31f632c45dcd
  Value:               0 ETH
  Gas used:            135071 of 135071
  Block #212:          0xfb18108307d73b94fc3ccf87954e64dbc90204e94ade16265d4d79c2c9b822a8

[32meth_chainId[0m
[32meth_getTransactionByHash[0m
[32meth_chainId[0m
[32meth_estimateGas[0m
[32meth_feeHistory[0m
[32meth_sendTransaction[0m
  Contract call:       MIPSMemory#AddTrieNode
  Transaction:         0x71c6bb69eb6e6843ca7a111dd205e0ebbb1fa94700fb9d5bc5c6089bc1dbf764
  From:                0xf39fd6e51aad88f6f4ce6ab8827279cfffb92266
  To:                  0xb52d710d056a78fdb59d18b70eab31f632c45dcd
  Value:               0 ETH
  Gas used:            89503 of 89503
  Block #213:          0x4cde1959d513c04ae8d5193f905b7bc3e47bb2605b98d05259f618b146a0f6a7

[32meth_chainId[0m
[32meth_getTransactionByHash[0m
[32meth_chainId[0m
[32meth_estimateGas[0m
[32meth_feeHistory[0m
[32meth_sendTransaction[0m
  Contract call:       MIPSMemory#AddTrieNode
  Transaction:         0xc0a150dd2499623dd3b5f35e584b496c7d16fafcb42cd839dfff5a3429991b29
  From:                0xf39fd6e51aad88f6f4ce6ab8827279cfffb92266
  To:                  0xb52d710d056a78fdb59d18b70eab31f632c45dcd
  Value:               0 ETH
  Gas used:            135059 of 135059
  Block #214:          0x9dc4882118fdfa6840850e3fbbed560e5934f6d77de8608278a4f90f0aeeb98e

[32meth_chainId[0m
[32meth_getTransactionByHash[0m
[32meth_chainId[0m
[32meth_estimateGas[0m
[32meth_feeHistory[0m
[32meth_sendTransaction[0m
  Contract call:       MIPSMemory#AddTrieNode
  Transaction:         0x60ef00ede6435467ae466f464361562ef8b078b7b264ea30803223d229c29017
  From:                0xf39fd6e51aad88f6f4ce6ab8827279cfffb92266
  To:                  0xb52d710d056a78fdb59d18b70eab31f632c45dcd
  Value:               0 ETH
  Gas used:            89503 of 89503
  Block #215:          0xaefe1a5acbd4e5a1b29e8e29314b84c3be71982656c0973beafa6c3ae7f25c52

[32meth_chainId[0m
[32meth_getTransactionByHash[0m
[32meth_chainId[0m
[32meth_estimateGas[0m
[32meth_feeHistory[0m
[32meth_sendTransaction[0m
  Contract call:       MIPSMemory#AddTrieNode
  Transaction:         0x194ea9c4daeaad0320e0d700fe536578c42ad17216c2f1483e7d7060d4b566ff
  From:                0xf39fd6e51aad88f6f4ce6ab8827279cfffb92266
  To:                  0xb52d710d056a78fdb59d18b70eab31f632c45dcd
  Value:               0 ETH
  Gas used:            157753 of 157753
  Block #216:          0xb298b2449637f1502c82ddfe40c99baee95006a8e2b4fefe0c035dd70d1b2f44

[32meth_chainId[0m
[32meth_getTransactionByHash[0m
[32meth_chainId[0m
[32meth_estimateGas[0m
[32meth_feeHistory[0m
[32meth_sendTransaction[0m
  Contract call:       MIPSMemory#AddTrieNode
  Transaction:         0xebf5a739c5eb947b080377caabc4a5e9172ddb255e5e9f5549a648895f6d92d1
  From:                0xf39fd6e51aad88f6f4ce6ab8827279cfffb92266
  To:                  0xb52d710d056a78fdb59d18b70eab31f632c45dcd
  Value:               0 ETH
  Gas used:            89491 of 89491
  Block #217:          0x9f122896ab2598d306e1f3a0f72ddcfde52e10c805945ab208c3d0f20e7a11e1

[32meth_chainId[0m
[32meth_getTransactionByHash[0m
[32meth_chainId[0m
[32meth_estimateGas[0m
[32meth_feeHistory[0m
[32meth_sendTransaction[0m
  Contract call:       MIPSMemory#AddTrieNode
  Transaction:         0xa3378d5d4452903f16593cafa24a1fabd29824f409d82c19a142171599def3a9
  From:                0xf39fd6e51aad88f6f4ce6ab8827279cfffb92266
  To:                  0xb52d710d056a78fdb59d18b70eab31f632c45dcd
  Value:               0 ETH
  Gas used:            225847 of 225847
  Block #218:          0x1b68fc5f0b97f84b1c84e7b7d1578442475117b35dcbf5485ff537c74335e871

[32meth_chainId[0m
[32meth_getTransactionByHash[0m
[32meth_chainId[0m
[32meth_estimateGas[0m
[32meth_feeHistory[0m
[32meth_sendTransaction[0m
  Contract call:       MIPSMemory#AddTrieNode
  Transaction:         0x729719bf8a607c359fefe77a6702b005ded2efdd428ebd91a21302746c05a4e1
  From:                0xf39fd6e51aad88f6f4ce6ab8827279cfffb92266
  To:                  0xb52d710d056a78fdb59d18b70eab31f632c45dcd
  Value:               0 ETH
  Gas used:            430093 of 430093
  Block #219:          0xe6e2599b35a106e77d8895439a57a98c5d6c54e4c245101f7497d7173d303ecb

[32meth_chainId[0m
[32meth_getTransactionByHash[0m
[32meth_chainId[0m
[32meth_estimateGas[0m
[32meth_feeHistory[0m
[32meth_sendTransaction[0m
  Contract call:       MIPSMemory#AddTrieNode
  Transaction:         0x71929c07f031e3ae71b6d56c3ca0a95e8a50c73387d69240ee37e6fe5ff5b005
  From:                0xf39fd6e51aad88f6f4ce6ab8827279cfffb92266
  To:                  0xb52d710d056a78fdb59d18b70eab31f632c45dcd
  Value:               0 ETH
  Gas used:            430093 of 430093
  Block #220:          0xe51340065e4e50561b6228dbf1fb40c96c0dea2f0cb32ffe18725f0b0cd48b85

[32meth_chainId[0m
[32meth_getTransactionByHash[0m
[32meth_chainId[0m
[32meth_estimateGas[0m
[32meth_feeHistory[0m
[32meth_sendTransaction[0m
  Contract call:       MIPSMemory#AddTrieNode
  Transaction:         0xff18682985616fbd79e07c531e4aa0ddc296a59e90399d68b128df68ec0202ac
  From:                0xf39fd6e51aad88f6f4ce6ab8827279cfffb92266
  To:                  0xb52d710d056a78fdb59d18b70eab31f632c45dcd
  Value:               0 ETH
  Gas used:            430081 of 430081
  Block #221:          0x656d0191f1ed3af08767b9fa739eaf3298be18a32f9e689e6b3e8c7b299d2aae

[32meth_chainId[0m
[32meth_getTransactionByHash[0m
[32meth_chainId[0m
[32meth_estimateGas[0m
[32meth_feeHistory[0m
[32meth_sendTransaction[0m
  Contract call:       MIPSMemory#AddTrieNode
  Transaction:         0xc3749748ec89d5dc360a8d2c205b697ce0ab69cad7a381c3838a643ceeae9d5a
  From:                0xf39fd6e51aad88f6f4ce6ab8827279cfffb92266
  To:                  0xb52d710d056a78fdb59d18b70eab31f632c45dcd
  Value:               0 ETH
  Gas used:            134723 of 134723
  Block #222:          0x18f0d0cae480f0c464a127026e3d515d0380acca3af457d257ebcb4c88ca171f

[32meth_chainId[0m
[32meth_getTransactionByHash[0m
[32meth_chainId[0m
[32meth_estimateGas[0m
[32meth_feeHistory[0m
[32meth_sendTransaction[0m
  Contract call:       MIPSMemory#AddTrieNode
  Transaction:         0x843dc8f914fcd840d83cf1b6fda65ab69a255dc222e9f9e0ecaf53a0ef23985e
  From:                0xf39fd6e51aad88f6f4ce6ab8827279cfffb92266
  To:                  0xb52d710d056a78fdb59d18b70eab31f632c45dcd
  Value:               0 ETH
  Gas used:            134411 of 134411
  Block #223:          0xba7b6636117788b5cb961dd9363f382b8cb9e1e445a1523a84ad9c07367aa8ef

[32meth_chainId[0m
[32meth_getTransactionByHash[0m
[32meth_chainId[0m
[32meth_estimateGas[0m
[32meth_feeHistory[0m
[32meth_sendTransaction[0m
  Contract call:       Challenge#denyStateTransition
  Transaction:         0xc63c1b7788ea131f9536a97d344fc0d9a1fccb611ceae8039c164dbffbc3fe30
  From:                0xf39fd6e51aad88f6f4ce6ab8827279cfffb92266
  To:                  0x96f3ce39ad2bfdcf92c0f6e2c2cabf83874660fc
  Value:               0 ETH
  Gas used:            1659719 of 1685652
  Block #224:          0xbcf78eb16c4adeef2036ae5dbd61a80adac093181f3e607beb8fb69c8662897a

[32meth_chainId[0m
[32meth_getTransactionByHash[0m
[32meth_chainId[0m
[32meth_getTransactionReceipt[0m
