Started HTTP and WebSocket JSON-RPC server at http://127.0.0.1:8545/

Accounts
========

WARNING: These accounts, and their private keys, are publicly known.
Any funds sent to them on Mainnet or any other live network WILL BE LOST.

Account #0: 0xf39Fd6e51aad88F6F4ce6aB8827279cffFb92266 (10000 ETH)
Private Key: 0xac0974bec39a17e36ba4a6b4d238ff944bacb478cbed5efcae784d7bf4f2ff80

Account #1: 0x70997970C51812dc3A010C7d01b50e0d17dc79C8 (10000 ETH)
Private Key: 0x59c6995e998f97a5a0044966f0945389dc9e86dae88c7a8412f4603b6b78690d

Account #2: 0x3C44CdDdB6a900fa2b585dd299e03d12FA4293BC (10000 ETH)
Private Key: 0x5de4111afa1a4b94908f83103eb1f1706367c2e68ca870fc3fb9a804cdab365a

Account #3: 0x90F79bf6EB2c4f870365E785982E1f101E93b906 (10000 ETH)
Private Key: 0x7c852118294e51e653712a81e05800f419141751be58f605c371e15141b007a6

Account #4: 0x15d34AAf54267DB7D7c367839AAf71A00a2C6A65 (10000 ETH)
Private Key: 0x47e179ec197488593b187f80a00eb0da91f1b9d0b13f8733639f19c30a34926a

Account #5: 0x9965507D1a55bcC2695C58ba16FB37d819B0A4dc (10000 ETH)
Private Key: 0x8b3a350cf5c34c9194ca85829a2df0ec3153be0318b5e2d3348e872092edffba

Account #6: 0x976EA74026E726554dB657fA54763abd0C3a0aa9 (10000 ETH)
Private Key: 0x92db14e403b83dfe3df233f83dfa3a0d7096f21ca9b0d6d6b8d88b2b4ec1564e

Account #7: 0x14dC79964da2C08b23698B3D3cc7Ca32193d9955 (10000 ETH)
Private Key: 0x4bbbf85ce3377467afe5d46f804f221813b2bb87f24d81f60f1fcdbf7cbf4356

Account #8: 0x23618e81E3f5cdF7f54C3d65f7FBc0aBf5B21E8f (10000 ETH)
Private Key: 0xdbda1821b80551c9d65939329250298aa3472ba22feea921c0cf5d620ea67b97

Account #9: 0xa0Ee7A142d267C1f36714E4a8F75612F20a79720 (10000 ETH)
Private Key: 0x2a871d0798f97d79848a013d4936a73bf4cc922c825d33c1cf7073dff6d409c6

Account #10: 0xBcd4042DE499D14e55001CcbB24a551F3b954096 (10000 ETH)
Private Key: 0xf214f2b2cd398c806f84e317254e0f0b801d0643303237d97a22a48e01628897

Account #11: 0x71bE63f3384f5fb98995898A86B02Fb2426c5788 (10000 ETH)
Private Key: 0x701b615bbdfb9de65240bc28bd21bbc0d996645a3dd57e7b12bc2bdf6f192c82

Account #12: 0xFABB0ac9d68B0B445fB7357272Ff202C5651694a (10000 ETH)
Private Key: 0xa267530f49f8280200edf313ee7af6b827f2a8bce2897751d06a843f644967b1

Account #13: 0x1CBd3b2770909D4e10f157cABC84C7264073C9Ec (10000 ETH)
Private Key: 0x47c99abed3324a2707c28affff1267e45918ec8c3f20b8aa892e8b065d2942dd

Account #14: 0xdF3e18d64BC6A983f673Ab319CCaE4f1a57C7097 (10000 ETH)
Private Key: 0xc526ee95bf44d8fc405a158bb884d9d1238d99f0612e9f33d006bb0789009aaa

Account #15: 0xcd3B766CCDd6AE721141F452C550Ca635964ce71 (10000 ETH)
Private Key: 0x8166f546bab6da521a8369cab06c5d2b9e46670292d85c875ee9ec20e84ffb61

Account #16: 0x2546BcD3c84621e976D8185a91A922aE77ECEc30 (10000 ETH)
Private Key: 0xea6c44ac03bff858b476bba40716402b03e41b8e97e276d1baec7c37d42484a0

Account #17: 0xbDA5747bFD65F08deb54cb465eB87D40e51B197E (10000 ETH)
Private Key: 0x689af8efa8c651a91ad287602527f3af2fe9f6501a7ac4b061667b5a93e037fd

Account #18: 0xdD2FD4581271e230360230F9337D5c0430Bf44C0 (10000 ETH)
Private Key: 0xde9be858da4a475276426320d5e9262ecfc3ba460bfac56360bfa6c4c28b4ee0

Account #19: 0x8626f6940E2eb28930eFb4CeF49B2d1F2C9C1199 (10000 ETH)
Private Key: 0xdf57089febbacf7ba0bc227dafbffa9fc08a93fdc68e1e42411a14efcf23656e

WARNING: These accounts, and their private keys, are publicly known.
Any funds sent to them on Mainnet or any other live network WILL BE LOST.

[32meth_chainId[0m
[32meth_accounts[0m
[32meth_blockNumber[0m
[32meth_chainId[0m
[32meth_chainId (2)[0m
[32meth_estimateGas[0m
[32meth_getBlockByNumber[0m
[32meth_feeHistory[0m
[32meth_maxPriorityFeePerGas[0m
[32meth_sendTransaction[0m
  Contract deployment: MIPS
  Contract address:    0x5fbdb2315678afecb367f032d93f642f64180aa3
  Transaction:         0xc097e4803543ca50dbe4f427b3d8a8ecd4d9e8670849e00a867f97005a6675bd
  From:                0xf39fd6e51aad88f6f4ce6ab8827279cfffb92266
  Value:               0 ETH
  Gas used:            5576934 of 5576934
  Block #1:            0xa38b74178572142c92b0748b2037c43e36b994bf8949f00bcf44884d1cd9013c

[32meth_chainId[0m
[32meth_getTransactionByHash[0m
[32meth_chainId[0m
[32meth_getTransactionReceipt[0m
[32meth_chainId[0m
[32meth_call[0m
  Contract call:       MIPS#m
  From:                0xf39fd6e51aad88f6f4ce6ab8827279cfffb92266
  To:                  0x5fbdb2315678afecb367f032d93f642f64180aa3

[32meth_accounts[0m
[32meth_accounts (2)[0m
[32meth_chainId[0m
[32meth_estimateGas[0m
[32meth_feeHistory[0m
[32meth_sendTransaction[0m
  Contract deployment: LayeredChallenge
  Contract address:    0xe7f1725e7734ce288f8367e1bb143e90bb3f0512
  Transaction:         0xbaf879e99d08efd918b7858bbed1c14226657609866508647f16749f8053f823
  From:                0xf39fd6e51aad88f6f4ce6ab8827279cfffb92266
  Value:               0 ETH
  Gas used:            1421277 of 1421277
  Block #2:            0x9510313dbc005421daeed825450bfbeed46c78497ff907d5e6b93f64d6890e24

[32meth_chainId[0m
[32meth_getTransactionByHash[0m
[32meth_chainId[0m
[32meth_accounts[0m
[32meth_accounts (2)[0m
[32meth_accounts (3)[0m
[32meth_chainId[0m
[32meth_accounts[0m
[32meth_call[0m
  Contract call:       LayeredChallenge#callWithTrieNodes
  From:                0xf39fd6e51aad88f6f4ce6ab8827279cfffb92266
  To:                  0xe7f1725e7734ce288f8367e1bb143e90bb3f0512

[32meth_blockNumber[0m
[32meth_chainId[0m
[32meth_chainId (2)[0m
[32meth_estimateGas[0m
[32meth_getBlockByNumber[0m
[32meth_feeHistory[0m
[32meth_sendTransaction[0m
  Contract call:       LayeredChallenge#initiatePureComputationChallenge
  Transaction:         0x78a0a828025b195f60d849d1576430c280f2dc2c35ae4bf1d6efc9a5f9cf4b2b
  From:                0xf39fd6e51aad88f6f4ce6ab8827279cfffb92266
  To:                  0xe7f1725e7734ce288f8367e1bb143e90bb3f0512
  Value:               0 ETH
  Gas used:            185349 of 185349
  Block #3:            0x9db93432f001f595c7ad7ec15eb7dd37801640cb85e981640aa364fb3c8db8ac

[32meth_chainId[0m
[32meth_getTransactionByHash[0m
[32meth_chainId[0m
[32meth_getTransactionReceipt[0m
[32meth_chainId[0m
[32meth_accounts[0m
[32meth_accounts (2)[0m
[32meth_accounts (3)[0m
[32meth_chainId[0m
[32meth_call[0m
  Contract call:       LayeredChallenge#getStepNumber
  From:                0xf39fd6e51aad88f6f4ce6ab8827279cfffb92266
  To:                  0xe7f1725e7734ce288f8367e1bb143e90bb3f0512

[32meth_chainId[0m
[32meth_call[0m
  Contract call:       LayeredChallenge#getCurrentLayer
  From:                0xf39fd6e51aad88f6f4ce6ab8827279cfffb92266
  To:                  0xe7f1725e7734ce288f8367e1bb143e90bb3f0512

[32meth_chainId[0m
[32meth_call[0m
  Contract call:       LayeredChallenge#getNodeID
  From:                0xf39fd6e51aad88f6f4ce6ab8827279cfffb92266
  To:                  0xe7f1725e7734ce288f8367e1bb143e90bb3f0512

[32meth_chainId[0m
[32meth_call[0m
  Contract call:       LayeredChallenge#isSearching
  From:                0xf39fd6e51aad88f6f4ce6ab8827279cfffb92266
  To:                  0xe7f1725e7734ce288f8367e1bb143e90bb3f0512

[32meth_chainId[0m
[32meth_call[0m
  Contract call:       LayeredChallenge#getProposedState
  From:                0xf39fd6e51aad88f6f4ce6ab8827279cfffb92266
  To:                  0xe7f1725e7734ce288f8367e1bb143e90bb3f0512

[32meth_chainId[0m
[32meth_accounts[0m
[32meth_accounts (2)[0m
[32meth_accounts (3)[0m
[32meth_chainId[0m
[32meth_call[0m
  Contract call:       LayeredChallenge#getStepNumber
  From:                0xf39fd6e51aad88f6f4ce6ab8827279cfffb92266
  To:                  0xe7f1725e7734ce288f8367e1bb143e90bb3f0512

[32meth_chainId[0m
[32meth_call[0m
  Contract call:       LayeredChallenge#getCurrentLayer
  From:                0xf39fd6e51aad88f6f4ce6ab8827279cfffb92266
  To:                  0xe7f1725e7734ce288f8367e1bb143e90bb3f0512

[32meth_chainId[0m
[32meth_call[0m
  Contract call:       LayeredChallenge#getNodeID
  From:                0xf39fd6e51aad88f6f4ce6ab8827279cfffb92266
  To:                  0xe7f1725e7734ce288f8367e1bb143e90bb3f0512

[32meth_chainId[0m
[32meth_call[0m
  Contract call:       LayeredChallenge#isSearching
  From:                0xf39fd6e51aad88f6f4ce6ab8827279cfffb92266
  To:                  0xe7f1725e7734ce288f8367e1bb143e90bb3f0512

[32meth_chainId[0m
[32meth_call[0m
  Contract call:       LayeredChallenge#getProposedState
  From:                0xf39fd6e51aad88f6f4ce6ab8827279cfffb92266
  To:                  0xe7f1725e7734ce288f8367e1bb143e90bb3f0512

[32meth_blockNumber[0m
[32meth_chainId[0m
[32meth_chainId (2)[0m
[32meth_estimateGas[0m
[32meth_getBlockByNumber[0m
[32meth_feeHistory[0m
[32meth_sendTransaction[0m
  Contract call:       LayeredChallenge#proposeState
  Transaction:         0x22bb346b19359f1c67d58fffb966fe4d5a2f23befcb30b3fe8e5f33507ae188c
  From:                0xf39fd6e51aad88f6f4ce6ab8827279cfffb92266
  To:                  0xe7f1725e7734ce288f8367e1bb143e90bb3f0512
  Value:               0 ETH
  Gas used:            54475 of 54475
  Block #4:            0x656b8c659f2b37ff1233d2af0ee3b6dc27b3fae41659a1f14adfebc4133f5b48

[32meth_chainId[0m
[32meth_getTransactionByHash[0m
[32meth_chainId[0m
[32meth_getTransactionReceipt[0m
[32meth_chainId[0m
[32meth_accounts[0m
[32meth_accounts (2)[0m
[32meth_accounts (3)[0m
[32meth_chainId[0m
[32meth_call[0m
  Contract call:       LayeredChallenge#getStepNumber
  From:                0xf39fd6e51aad88f6f4ce6ab8827279cfffb92266
  To:                  0xe7f1725e7734ce288f8367e1bb143e90bb3f0512

[32meth_chainId[0m
[32meth_call[0m
  Contract call:       LayeredChallenge#getCurrentLayer
  From:                0xf39fd6e51aad88f6f4ce6ab8827279cfffb92266
  To:                  0xe7f1725e7734ce288f8367e1bb143e90bb3f0512

[32meth_chainId[0m
[32meth_call[0m
  Contract call:       LayeredChallenge#getNodeID
  From:                0xf39fd6e51aad88f6f4ce6ab8827279cfffb92266
  To:                  0xe7f1725e7734ce288f8367e1bb143e90bb3f0512

[32meth_chainId[0m
[32meth_call[0m
  Contract call:       LayeredChallenge#isSearching
  From:                0xf39fd6e51aad88f6f4ce6ab8827279cfffb92266
  To:                  0xe7f1725e7734ce288f8367e1bb143e90bb3f0512

[32meth_chainId[0m
[32meth_call[0m
  Contract call:       LayeredChallenge#getProposedState
  From:                0xf39fd6e51aad88f6f4ce6ab8827279cfffb92266
  To:                  0xe7f1725e7734ce288f8367e1bb143e90bb3f0512

[32meth_chainId[0m
[32meth_accounts[0m
[32meth_accounts (2)[0m
[32meth_accounts (3)[0m
[32meth_chainId[0m
[32meth_call[0m
  Contract call:       LayeredChallenge#getStepNumber
  From:                0xf39fd6e51aad88f6f4ce6ab8827279cfffb92266
  To:                  0xe7f1725e7734ce288f8367e1bb143e90bb3f0512

[32meth_chainId[0m
[32meth_call[0m
  Contract call:       LayeredChallenge#getCurrentLayer
  From:                0xf39fd6e51aad88f6f4ce6ab8827279cfffb92266
  To:                  0xe7f1725e7734ce288f8367e1bb143e90bb3f0512

[32meth_chainId[0m
[32meth_call[0m
  Contract call:       LayeredChallenge#getNodeID
  From:                0xf39fd6e51aad88f6f4ce6ab8827279cfffb92266
  To:                  0xe7f1725e7734ce288f8367e1bb143e90bb3f0512

[32meth_chainId[0m
[32meth_call[0m
  Contract call:       LayeredChallenge#isSearching
  From:                0xf39fd6e51aad88f6f4ce6ab8827279cfffb92266
  To:                  0xe7f1725e7734ce288f8367e1bb143e90bb3f0512

[32meth_chainId[0m
[32meth_call[0m
  Contract call:       LayeredChallenge#getProposedState
  From:                0xf39fd6e51aad88f6f4ce6ab8827279cfffb92266
  To:                  0xe7f1725e7734ce288f8367e1bb143e90bb3f0512

[32meth_blockNumber[0m
[32meth_chainId[0m
[32meth_chainId (2)[0m
[32meth_estimateGas[0m
[32meth_getBlockByNumber[0m
[32meth_feeHistory[0m
[32meth_sendTransaction[0m
  Contract call:       LayeredChallenge#respondState
  Transaction:         0xf442aac0f94391e233aae1d563320fa2ca834daa3a204156d92e61c008e2f197
  From:                0xf39fd6e51aad88f6f4ce6ab8827279cfffb92266
  To:                  0xe7f1725e7734ce288f8367e1bb143e90bb3f0512
  Value:               0 ETH
  Gas used:            77537 of 77537
  Block #5:            0xbfb467d187e7eb197684eb2c1c8e2608a1c5262150cd15ec7e04d97785fe03cb

[32meth_chainId[0m
[32meth_getTransactionByHash[0m
[32meth_chainId[0m
[32meth_getTransactionReceipt[0m
[32meth_chainId[0m
[32meth_accounts[0m
[32meth_accounts (2)[0m
[32meth_accounts (3)[0m
[32meth_chainId[0m
[32meth_call[0m
  Contract call:       LayeredChallenge#getStepNumber
  From:                0xf39fd6e51aad88f6f4ce6ab8827279cfffb92266
  To:                  0xe7f1725e7734ce288f8367e1bb143e90bb3f0512

[32meth_chainId[0m
[32meth_call[0m
  Contract call:       LayeredChallenge#getCurrentLayer
  From:                0xf39fd6e51aad88f6f4ce6ab8827279cfffb92266
  To:                  0xe7f1725e7734ce288f8367e1bb143e90bb3f0512

[32meth_chainId[0m
[32meth_call[0m
  Contract call:       LayeredChallenge#getNodeID
  From:                0xf39fd6e51aad88f6f4ce6ab8827279cfffb92266
  To:                  0xe7f1725e7734ce288f8367e1bb143e90bb3f0512

[32meth_chainId[0m
[32meth_call[0m
  Contract call:       LayeredChallenge#isSearching
  From:                0xf39fd6e51aad88f6f4ce6ab8827279cfffb92266
  To:                  0xe7f1725e7734ce288f8367e1bb143e90bb3f0512

[32meth_chainId[0m
[32meth_call[0m
  Contract call:       LayeredChallenge#getProposedState
  From:                0xf39fd6e51aad88f6f4ce6ab8827279cfffb92266
  To:                  0xe7f1725e7734ce288f8367e1bb143e90bb3f0512

[32meth_chainId[0m
[32meth_accounts[0m
[32meth_accounts (2)[0m
[32meth_accounts (3)[0m
[32meth_chainId[0m
[32meth_call[0m
  Contract call:       LayeredChallenge#getStepNumber
  From:                0xf39fd6e51aad88f6f4ce6ab8827279cfffb92266
  To:                  0xe7f1725e7734ce288f8367e1bb143e90bb3f0512

[32meth_chainId[0m
[32meth_call[0m
  Contract call:       LayeredChallenge#getCurrentLayer
  From:                0xf39fd6e51aad88f6f4ce6ab8827279cfffb92266
  To:                  0xe7f1725e7734ce288f8367e1bb143e90bb3f0512

[32meth_chainId[0m
[32meth_call[0m
  Contract call:       LayeredChallenge#getNodeID
  From:                0xf39fd6e51aad88f6f4ce6ab8827279cfffb92266
  To:                  0xe7f1725e7734ce288f8367e1bb143e90bb3f0512

[32meth_chainId[0m
[32meth_call[0m
  Contract call:       LayeredChallenge#isSearching
  From:                0xf39fd6e51aad88f6f4ce6ab8827279cfffb92266
  To:                  0xe7f1725e7734ce288f8367e1bb143e90bb3f0512

[32meth_chainId[0m
[32meth_call[0m
  Contract call:       LayeredChallenge#getProposedState
  From:                0xf39fd6e51aad88f6f4ce6ab8827279cfffb92266
  To:                  0xe7f1725e7734ce288f8367e1bb143e90bb3f0512

[32meth_blockNumber[0m
[32meth_chainId[0m
[32meth_chainId (2)[0m
[32meth_estimateGas[0m
[32meth_getBlockByNumber[0m
[32meth_feeHistory[0m
[32meth_sendTransaction[0m
  Contract call:       LayeredChallenge#proposeState
  Transaction:         0x3272ab9ccc439074427b7170331cd38627c6cfc0f80dbc49defe2d8a1f9176a5
  From:                0xf39fd6e51aad88f6f4ce6ab8827279cfffb92266
  To:                  0xe7f1725e7734ce288f8367e1bb143e90bb3f0512
  Value:               0 ETH
  Gas used:            54475 of 54475
  Block #6:            0x1e0dc90a0c965ac3d3e3a974f50d3ea892809aae2817e4729be4f3fe5793093a

[32meth_chainId[0m
[32meth_getTransactionByHash[0m
[32meth_chainId[0m
[32meth_getTransactionReceipt[0m
[32meth_chainId[0m
[32meth_accounts[0m
[32meth_accounts (2)[0m
[32meth_accounts (3)[0m
[32meth_chainId[0m
[32meth_call[0m
  Contract call:       LayeredChallenge#getStepNumber
  From:                0xf39fd6e51aad88f6f4ce6ab8827279cfffb92266
  To:                  0xe7f1725e7734ce288f8367e1bb143e90bb3f0512

[32meth_chainId[0m
[32meth_call[0m
  Contract call:       LayeredChallenge#getCurrentLayer
  From:                0xf39fd6e51aad88f6f4ce6ab8827279cfffb92266
  To:                  0xe7f1725e7734ce288f8367e1bb143e90bb3f0512

[32meth_chainId[0m
[32meth_call[0m
  Contract call:       LayeredChallenge#getNodeID
  From:                0xf39fd6e51aad88f6f4ce6ab8827279cfffb92266
  To:                  0xe7f1725e7734ce288f8367e1bb143e90bb3f0512

[32meth_chainId[0m
[32meth_call[0m
  Contract call:       LayeredChallenge#isSearching
  From:                0xf39fd6e51aad88f6f4ce6ab8827279cfffb92266
  To:                  0xe7f1725e7734ce288f8367e1bb143e90bb3f0512

[32meth_chainId[0m
[32meth_call[0m
  Contract call:       LayeredChallenge#getProposedState
  From:                0xf39fd6e51aad88f6f4ce6ab8827279cfffb92266
  To:                  0xe7f1725e7734ce288f8367e1bb143e90bb3f0512

[32meth_chainId[0m
[32meth_accounts[0m
[32meth_accounts (2)[0m
[32meth_accounts (3)[0m
[32meth_chainId[0m
[32meth_call[0m
  Contract call:       LayeredChallenge#getStepNumber
  From:                0xf39fd6e51aad88f6f4ce6ab8827279cfffb92266
  To:                  0xe7f1725e7734ce288f8367e1bb143e90bb3f0512

[32meth_chainId[0m
[32meth_call[0m
  Contract call:       LayeredChallenge#getCurrentLayer
  From:                0xf39fd6e51aad88f6f4ce6ab8827279cfffb92266
  To:                  0xe7f1725e7734ce288f8367e1bb143e90bb3f0512

[32meth_chainId[0m
[32meth_call[0m
  Contract call:       LayeredChallenge#getNodeID
  From:                0xf39fd6e51aad88f6f4ce6ab8827279cfffb92266
  To:                  0xe7f1725e7734ce288f8367e1bb143e90bb3f0512

[32meth_chainId[0m
[32meth_call[0m
  Contract call:       LayeredChallenge#isSearching
  From:                0xf39fd6e51aad88f6f4ce6ab8827279cfffb92266
  To:                  0xe7f1725e7734ce288f8367e1bb143e90bb3f0512

[32meth_chainId[0m
[32meth_call[0m
  Contract call:       LayeredChallenge#getProposedState
  From:                0xf39fd6e51aad88f6f4ce6ab8827279cfffb92266
  To:                  0xe7f1725e7734ce288f8367e1bb143e90bb3f0512

[32meth_blockNumber[0m
[32meth_chainId[0m
[32meth_chainId (2)[0m
[32meth_estimateGas[0m
[32meth_getBlockByNumber[0m
[32meth_feeHistory[0m
[32meth_sendTransaction[0m
  Contract call:       LayeredChallenge#respondState
  Transaction:         0x888846c2b6372ad7b8f80ba8921c6ec3d0ecf18627d55df6592450bac14c1ba4
  From:                0xf39fd6e51aad88f6f4ce6ab8827279cfffb92266
  To:                  0xe7f1725e7734ce288f8367e1bb143e90bb3f0512
  Value:               0 ETH
  Gas used:            60437 of 60437
  Block #7:            0x42bdcc4fff6187a6ef9001be5c53e893eb7ad6824b7772817fa1f57eef9ea521

[32meth_chainId[0m
[32meth_getTransactionByHash[0m
[32meth_chainId[0m
[32meth_getTransactionReceipt[0m
[32meth_chainId[0m
[32meth_accounts[0m
[32meth_accounts (2)[0m
[32meth_accounts (3)[0m
[32meth_chainId[0m
[32meth_call[0m
  Contract call:       LayeredChallenge#getStepNumber
  From:                0xf39fd6e51aad88f6f4ce6ab8827279cfffb92266
  To:                  0xe7f1725e7734ce288f8367e1bb143e90bb3f0512

[32meth_chainId[0m
[32meth_call[0m
  Contract call:       LayeredChallenge#getCurrentLayer
  From:                0xf39fd6e51aad88f6f4ce6ab8827279cfffb92266
  To:                  0xe7f1725e7734ce288f8367e1bb143e90bb3f0512

[32meth_chainId[0m
[32meth_call[0m
  Contract call:       LayeredChallenge#getNodeID
  From:                0xf39fd6e51aad88f6f4ce6ab8827279cfffb92266
  To:                  0xe7f1725e7734ce288f8367e1bb143e90bb3f0512

[32meth_chainId[0m
[32meth_call[0m
  Contract call:       LayeredChallenge#isSearching
  From:                0xf39fd6e51aad88f6f4ce6ab8827279cfffb92266
  To:                  0xe7f1725e7734ce288f8367e1bb143e90bb3f0512

[32meth_chainId[0m
[32meth_call[0m
  Contract call:       LayeredChallenge#getProposedState
  From:                0xf39fd6e51aad88f6f4ce6ab8827279cfffb92266
  To:                  0xe7f1725e7734ce288f8367e1bb143e90bb3f0512

[32meth_chainId[0m
[32meth_accounts[0m
[32meth_accounts (2)[0m
[32meth_accounts (3)[0m
[32meth_chainId[0m
[32meth_call[0m
  Contract call:       LayeredChallenge#getStepNumber
  From:                0xf39fd6e51aad88f6f4ce6ab8827279cfffb92266
  To:                  0xe7f1725e7734ce288f8367e1bb143e90bb3f0512

[32meth_chainId[0m
[32meth_call[0m
  Contract call:       LayeredChallenge#getCurrentLayer
  From:                0xf39fd6e51aad88f6f4ce6ab8827279cfffb92266
  To:                  0xe7f1725e7734ce288f8367e1bb143e90bb3f0512

[32meth_chainId[0m
[32meth_call[0m
  Contract call:       LayeredChallenge#getNodeID
  From:                0xf39fd6e51aad88f6f4ce6ab8827279cfffb92266
  To:                  0xe7f1725e7734ce288f8367e1bb143e90bb3f0512

[32meth_chainId[0m
[32meth_call[0m
  Contract call:       LayeredChallenge#isSearching
  From:                0xf39fd6e51aad88f6f4ce6ab8827279cfffb92266
  To:                  0xe7f1725e7734ce288f8367e1bb143e90bb3f0512

[32meth_chainId[0m
[32meth_call[0m
  Contract call:       LayeredChallenge#getProposedState
  From:                0xf39fd6e51aad88f6f4ce6ab8827279cfffb92266
  To:                  0xe7f1725e7734ce288f8367e1bb143e90bb3f0512

[32meth_blockNumber[0m
[32meth_chainId[0m
[32meth_chainId (2)[0m
[32meth_estimateGas[0m
[32meth_getBlockByNumber[0m
[32meth_feeHistory[0m
[32meth_sendTransaction[0m
  Contract call:       LayeredChallenge#proposeState
  Transaction:         0xeefea8835a2c0afc3a1edf6761e768015baabb5b4c986379d2380c2687ae458f
  From:                0xf39fd6e51aad88f6f4ce6ab8827279cfffb92266
  To:                  0xe7f1725e7734ce288f8367e1bb143e90bb3f0512
  Value:               0 ETH
  Gas used:            54475 of 54475
  Block #8:            0xeb8a2dd519d37d7e03b994a0974b7ab41432f9b3ff86039859041a1e10ac9499

[32meth_chainId[0m
[32meth_getTransactionByHash[0m
[32meth_chainId[0m
[32meth_getTransactionReceipt[0m
[32meth_chainId[0m
[32meth_accounts[0m
[32meth_accounts (2)[0m
[32meth_accounts (3)[0m
[32meth_chainId[0m
[32meth_call[0m
  Contract call:       LayeredChallenge#getStepNumber
  From:                0xf39fd6e51aad88f6f4ce6ab8827279cfffb92266
  To:                  0xe7f1725e7734ce288f8367e1bb143e90bb3f0512

[32meth_chainId[0m
[32meth_call[0m
  Contract call:       LayeredChallenge#getCurrentLayer
  From:                0xf39fd6e51aad88f6f4ce6ab8827279cfffb92266
  To:                  0xe7f1725e7734ce288f8367e1bb143e90bb3f0512

[32meth_chainId[0m
[32meth_call[0m
  Contract call:       LayeredChallenge#getNodeID
  From:                0xf39fd6e51aad88f6f4ce6ab8827279cfffb92266
  To:                  0xe7f1725e7734ce288f8367e1bb143e90bb3f0512

[32meth_chainId[0m
[32meth_call[0m
  Contract call:       LayeredChallenge#isSearching
  From:                0xf39fd6e51aad88f6f4ce6ab8827279cfffb92266
  To:                  0xe7f1725e7734ce288f8367e1bb143e90bb3f0512

[32meth_chainId[0m
[32meth_call[0m
  Contract call:       LayeredChallenge#getProposedState
  From:                0xf39fd6e51aad88f6f4ce6ab8827279cfffb92266
  To:                  0xe7f1725e7734ce288f8367e1bb143e90bb3f0512

[32meth_chainId[0m
[32meth_accounts[0m
[32meth_accounts (2)[0m
[32meth_accounts (3)[0m
[32meth_chainId[0m
[32meth_call[0m
  Contract call:       LayeredChallenge#getStepNumber
  From:                0xf39fd6e51aad88f6f4ce6ab8827279cfffb92266
  To:                  0xe7f1725e7734ce288f8367e1bb143e90bb3f0512

[32meth_chainId[0m
[32meth_call[0m
  Contract call:       LayeredChallenge#getCurrentLayer
  From:                0xf39fd6e51aad88f6f4ce6ab8827279cfffb92266
  To:                  0xe7f1725e7734ce288f8367e1bb143e90bb3f0512

[32meth_chainId[0m
[32meth_call[0m
  Contract call:       LayeredChallenge#getNodeID
  From:                0xf39fd6e51aad88f6f4ce6ab8827279cfffb92266
  To:                  0xe7f1725e7734ce288f8367e1bb143e90bb3f0512

[32meth_chainId[0m
[32meth_call[0m
  Contract call:       LayeredChallenge#isSearching
  From:                0xf39fd6e51aad88f6f4ce6ab8827279cfffb92266
  To:                  0xe7f1725e7734ce288f8367e1bb143e90bb3f0512

[32meth_chainId[0m
[32meth_call[0m
  Contract call:       LayeredChallenge#getProposedState
  From:                0xf39fd6e51aad88f6f4ce6ab8827279cfffb92266
  To:                  0xe7f1725e7734ce288f8367e1bb143e90bb3f0512

[32meth_blockNumber[0m
[32meth_chainId[0m
[32meth_chainId (2)[0m
[32meth_estimateGas[0m
[32meth_getBlockByNumber[0m
[32meth_feeHistory[0m
[32meth_sendTransaction[0m
  Contract call:       LayeredChallenge#respondState
  Transaction:         0x5798334990f5be5ed7dc27de2452a30f1a0a0ec5aedde7c82648df2224d1435e
  From:                0xf39fd6e51aad88f6f4ce6ab8827279cfffb92266
  To:                  0xe7f1725e7734ce288f8367e1bb143e90bb3f0512
  Value:               0 ETH
  Gas used:            60437 of 60437
  Block #9:            0xb3d459dbdbf737f8bfac73dcb19e3ab5418d6ae871aed7cf354d1dc1d007c9f1

[32meth_chainId[0m
[32meth_getTransactionByHash[0m
[32meth_chainId[0m
[32meth_getTransactionReceipt[0m
[32meth_chainId[0m
[32meth_accounts[0m
[32meth_accounts (2)[0m
[32meth_accounts (3)[0m
[32meth_chainId[0m
[32meth_call[0m
  Contract call:       LayeredChallenge#getStepNumber
  From:                0xf39fd6e51aad88f6f4ce6ab8827279cfffb92266
  To:                  0xe7f1725e7734ce288f8367e1bb143e90bb3f0512

[32meth_chainId[0m
[32meth_call[0m
  Contract call:       LayeredChallenge#getCurrentLayer
  From:                0xf39fd6e51aad88f6f4ce6ab8827279cfffb92266
  To:                  0xe7f1725e7734ce288f8367e1bb143e90bb3f0512

[32meth_chainId[0m
[32meth_call[0m
  Contract call:       LayeredChallenge#getNodeID
  From:                0xf39fd6e51aad88f6f4ce6ab8827279cfffb92266
  To:                  0xe7f1725e7734ce288f8367e1bb143e90bb3f0512

[32meth_chainId[0m
[32meth_call[0m
  Contract call:       LayeredChallenge#isSearching
  From:                0xf39fd6e51aad88f6f4ce6ab8827279cfffb92266
  To:                  0xe7f1725e7734ce288f8367e1bb143e90bb3f0512

[32meth_chainId[0m
[32meth_call[0m
  Contract call:       LayeredChallenge#getProposedState
  From:                0xf39fd6e51aad88f6f4ce6ab8827279cfffb92266
  To:                  0xe7f1725e7734ce288f8367e1bb143e90bb3f0512

[32meth_chainId[0m
[32meth_accounts[0m
[32meth_accounts (2)[0m
[32meth_accounts (3)[0m
[32meth_chainId[0m
[32meth_call[0m
  Contract call:       LayeredChallenge#getStepNumber
  From:                0xf39fd6e51aad88f6f4ce6ab8827279cfffb92266
  To:                  0xe7f1725e7734ce288f8367e1bb143e90bb3f0512

[32meth_chainId[0m
[32meth_call[0m
  Contract call:       LayeredChallenge#getCurrentLayer
  From:                0xf39fd6e51aad88f6f4ce6ab8827279cfffb92266
  To:                  0xe7f1725e7734ce288f8367e1bb143e90bb3f0512

[32meth_chainId[0m
[32meth_call[0m
  Contract call:       LayeredChallenge#getNodeID
  From:                0xf39fd6e51aad88f6f4ce6ab8827279cfffb92266
  To:                  0xe7f1725e7734ce288f8367e1bb143e90bb3f0512

[32meth_chainId[0m
[32meth_call[0m
  Contract call:       LayeredChallenge#isSearching
  From:                0xf39fd6e51aad88f6f4ce6ab8827279cfffb92266
  To:                  0xe7f1725e7734ce288f8367e1bb143e90bb3f0512

[32meth_chainId[0m
[32meth_call[0m
  Contract call:       LayeredChallenge#getProposedState
  From:                0xf39fd6e51aad88f6f4ce6ab8827279cfffb92266
  To:                  0xe7f1725e7734ce288f8367e1bb143e90bb3f0512

[32meth_blockNumber[0m
[32meth_chainId[0m
[32meth_chainId (2)[0m
[32meth_estimateGas[0m
[32meth_getBlockByNumber[0m
[32meth_feeHistory[0m
[32meth_sendTransaction[0m
  Contract call:       LayeredChallenge#proposeState
  Transaction:         0x2d1d22f035fe469b216e428911dff0d34c4ddce37dc2230a47938fdbd6d09317
  From:                0xf39fd6e51aad88f6f4ce6ab8827279cfffb92266
  To:                  0xe7f1725e7734ce288f8367e1bb143e90bb3f0512
  Value:               0 ETH
  Gas used:            54475 of 54475
  Block #10:           0xf804489f0e218620509803bdd1ba0a163fedb8967970cdd9e76ddacfcb6baffc

[32meth_chainId[0m
[32meth_getTransactionByHash[0m
[32meth_chainId[0m
[32meth_getTransactionReceipt[0m
[32meth_chainId[0m
[32meth_accounts[0m
[32meth_accounts (2)[0m
[32meth_accounts (3)[0m
[32meth_chainId[0m
[32meth_call[0m
  Contract call:       LayeredChallenge#getStepNumber
  From:                0xf39fd6e51aad88f6f4ce6ab8827279cfffb92266
  To:                  0xe7f1725e7734ce288f8367e1bb143e90bb3f0512

[32meth_chainId[0m
[32meth_call[0m
  Contract call:       LayeredChallenge#getCurrentLayer
  From:                0xf39fd6e51aad88f6f4ce6ab8827279cfffb92266
  To:                  0xe7f1725e7734ce288f8367e1bb143e90bb3f0512

[32meth_chainId[0m
[32meth_call[0m
  Contract call:       LayeredChallenge#getNodeID
  From:                0xf39fd6e51aad88f6f4ce6ab8827279cfffb92266
  To:                  0xe7f1725e7734ce288f8367e1bb143e90bb3f0512

[32meth_chainId[0m
[32meth_call[0m
  Contract call:       LayeredChallenge#isSearching
  From:                0xf39fd6e51aad88f6f4ce6ab8827279cfffb92266
  To:                  0xe7f1725e7734ce288f8367e1bb143e90bb3f0512

[32meth_chainId[0m
[32meth_call[0m
  Contract call:       LayeredChallenge#getProposedState
  From:                0xf39fd6e51aad88f6f4ce6ab8827279cfffb92266
  To:                  0xe7f1725e7734ce288f8367e1bb143e90bb3f0512

[32meth_chainId[0m
[32meth_accounts[0m
[32meth_accounts (2)[0m
[32meth_accounts (3)[0m
[32meth_chainId[0m
[32meth_call[0m
  Contract call:       LayeredChallenge#getStepNumber
  From:                0xf39fd6e51aad88f6f4ce6ab8827279cfffb92266
  To:                  0xe7f1725e7734ce288f8367e1bb143e90bb3f0512

[32meth_chainId[0m
[32meth_call[0m
  Contract call:       LayeredChallenge#getCurrentLayer
  From:                0xf39fd6e51aad88f6f4ce6ab8827279cfffb92266
  To:                  0xe7f1725e7734ce288f8367e1bb143e90bb3f0512

[32meth_chainId[0m
[32meth_call[0m
  Contract call:       LayeredChallenge#getNodeID
  From:                0xf39fd6e51aad88f6f4ce6ab8827279cfffb92266
  To:                  0xe7f1725e7734ce288f8367e1bb143e90bb3f0512

[32meth_chainId[0m
[32meth_call[0m
  Contract call:       LayeredChallenge#isSearching
  From:                0xf39fd6e51aad88f6f4ce6ab8827279cfffb92266
  To:                  0xe7f1725e7734ce288f8367e1bb143e90bb3f0512

[32meth_chainId[0m
[32meth_call[0m
  Contract call:       LayeredChallenge#getProposedState
  From:                0xf39fd6e51aad88f6f4ce6ab8827279cfffb92266
  To:                  0xe7f1725e7734ce288f8367e1bb143e90bb3f0512

[32meth_blockNumber[0m
[32meth_chainId[0m
[32meth_chainId (2)[0m
[32meth_estimateGas[0m
[32meth_getBlockByNumber[0m
[32meth_feeHistory[0m
[32meth_sendTransaction[0m
  Contract call:       LayeredChallenge#respondState
  Transaction:         0xbcc034d65ef79235a54d1397cabf0b75f5e943610d64330f72e8ac4d7af187a5
  From:                0xf39fd6e51aad88f6f4ce6ab8827279cfffb92266
  To:                  0xe7f1725e7734ce288f8367e1bb143e90bb3f0512
  Value:               0 ETH
  Gas used:            60437 of 60437
  Block #11:           0xcdab893fd4b44ff46eb4241cb2fa187ac5204d209899d44efa68d73176f46ba5

[32meth_chainId[0m
[32meth_getTransactionByHash[0m
[32meth_chainId[0m
[32meth_getTransactionReceipt[0m
[32meth_chainId[0m
[32meth_accounts[0m
[32meth_accounts (2)[0m
[32meth_accounts (3)[0m
[32meth_chainId[0m
[32meth_call[0m
  Contract call:       LayeredChallenge#getStepNumber
  From:                0xf39fd6e51aad88f6f4ce6ab8827279cfffb92266
  To:                  0xe7f1725e7734ce288f8367e1bb143e90bb3f0512

[32meth_chainId[0m
[32meth_call[0m
  Contract call:       LayeredChallenge#getCurrentLayer
  From:                0xf39fd6e51aad88f6f4ce6ab8827279cfffb92266
  To:                  0xe7f1725e7734ce288f8367e1bb143e90bb3f0512

[32meth_chainId[0m
[32meth_call[0m
  Contract call:       LayeredChallenge#getNodeID
  From:                0xf39fd6e51aad88f6f4ce6ab8827279cfffb92266
  To:                  0xe7f1725e7734ce288f8367e1bb143e90bb3f0512

[32meth_chainId[0m
[32meth_call[0m
  Contract call:       LayeredChallenge#isSearching
  From:                0xf39fd6e51aad88f6f4ce6ab8827279cfffb92266
  To:                  0xe7f1725e7734ce288f8367e1bb143e90bb3f0512

[32meth_chainId[0m
[32meth_call[0m
  Contract call:       LayeredChallenge#getProposedState
  From:                0xf39fd6e51aad88f6f4ce6ab8827279cfffb92266
  To:                  0xe7f1725e7734ce288f8367e1bb143e90bb3f0512

[32meth_chainId[0m
[32meth_accounts[0m
[32meth_accounts (2)[0m
[32meth_accounts (3)[0m
[32meth_chainId[0m
[32meth_call[0m
  Contract call:       LayeredChallenge#getStepNumber
  From:                0xf39fd6e51aad88f6f4ce6ab8827279cfffb92266
  To:                  0xe7f1725e7734ce288f8367e1bb143e90bb3f0512

[32meth_chainId[0m
[32meth_call[0m
  Contract call:       LayeredChallenge#getCurrentLayer
  From:                0xf39fd6e51aad88f6f4ce6ab8827279cfffb92266
  To:                  0xe7f1725e7734ce288f8367e1bb143e90bb3f0512

[32meth_chainId[0m
[32meth_call[0m
  Contract call:       LayeredChallenge#getNodeID
  From:                0xf39fd6e51aad88f6f4ce6ab8827279cfffb92266
  To:                  0xe7f1725e7734ce288f8367e1bb143e90bb3f0512

[32meth_chainId[0m
[32meth_call[0m
  Contract call:       LayeredChallenge#isSearching
  From:                0xf39fd6e51aad88f6f4ce6ab8827279cfffb92266
  To:                  0xe7f1725e7734ce288f8367e1bb143e90bb3f0512

[32meth_chainId[0m
[32meth_call[0m
  Contract call:       LayeredChallenge#getProposedState
  From:                0xf39fd6e51aad88f6f4ce6ab8827279cfffb92266
  To:                  0xe7f1725e7734ce288f8367e1bb143e90bb3f0512

[32meth_blockNumber[0m
[32meth_chainId[0m
[32meth_chainId (2)[0m
[32meth_estimateGas[0m
[32meth_getBlockByNumber[0m
[32meth_feeHistory[0m
[32meth_sendTransaction[0m
  Contract call:       LayeredChallenge#proposeState
  Transaction:         0xb16c04f00d7570f0c2193e213f807c5cf20a184a81665e721f011220eeebf22e
  From:                0xf39fd6e51aad88f6f4ce6ab8827279cfffb92266
  To:                  0xe7f1725e7734ce288f8367e1bb143e90bb3f0512
  Value:               0 ETH
  Gas used:            54475 of 54475
  Block #12:           0xff8f5040cc3642d8b5a114e1d5e45bf97b92471293f045ed1cf53d0bd53f7ecf

[32meth_chainId[0m
[32meth_getTransactionByHash[0m
[32meth_chainId[0m
[32meth_getTransactionReceipt[0m
[32meth_chainId[0m
[32meth_accounts[0m
[32meth_accounts (2)[0m
[32meth_accounts (3)[0m
[32meth_chainId[0m
[32meth_call[0m
  Contract call:       LayeredChallenge#getStepNumber
  From:                0xf39fd6e51aad88f6f4ce6ab8827279cfffb92266
  To:                  0xe7f1725e7734ce288f8367e1bb143e90bb3f0512

[32meth_chainId[0m
[32meth_call[0m
  Contract call:       LayeredChallenge#getCurrentLayer
  From:                0xf39fd6e51aad88f6f4ce6ab8827279cfffb92266
  To:                  0xe7f1725e7734ce288f8367e1bb143e90bb3f0512

[32meth_chainId[0m
[32meth_call[0m
  Contract call:       LayeredChallenge#getNodeID
  From:                0xf39fd6e51aad88f6f4ce6ab8827279cfffb92266
  To:                  0xe7f1725e7734ce288f8367e1bb143e90bb3f0512

[32meth_chainId[0m
[32meth_call[0m
  Contract call:       LayeredChallenge#isSearching
  From:                0xf39fd6e51aad88f6f4ce6ab8827279cfffb92266
  To:                  0xe7f1725e7734ce288f8367e1bb143e90bb3f0512

[32meth_chainId[0m
[32meth_call[0m
  Contract call:       LayeredChallenge#getProposedState
  From:                0xf39fd6e51aad88f6f4ce6ab8827279cfffb92266
  To:                  0xe7f1725e7734ce288f8367e1bb143e90bb3f0512

[32meth_chainId[0m
[32meth_accounts[0m
[32meth_accounts (2)[0m
[32meth_accounts (3)[0m
[32meth_chainId[0m
[32meth_call[0m
  Contract call:       LayeredChallenge#getStepNumber
  From:                0xf39fd6e51aad88f6f4ce6ab8827279cfffb92266
  To:                  0xe7f1725e7734ce288f8367e1bb143e90bb3f0512

[32meth_chainId[0m
[32meth_call[0m
  Contract call:       LayeredChallenge#getCurrentLayer
  From:                0xf39fd6e51aad88f6f4ce6ab8827279cfffb92266
  To:                  0xe7f1725e7734ce288f8367e1bb143e90bb3f0512

[32meth_chainId[0m
[32meth_call[0m
  Contract call:       LayeredChallenge#getNodeID
  From:                0xf39fd6e51aad88f6f4ce6ab8827279cfffb92266
  To:                  0xe7f1725e7734ce288f8367e1bb143e90bb3f0512

[32meth_chainId[0m
[32meth_call[0m
  Contract call:       LayeredChallenge#isSearching
  From:                0xf39fd6e51aad88f6f4ce6ab8827279cfffb92266
  To:                  0xe7f1725e7734ce288f8367e1bb143e90bb3f0512

[32meth_chainId[0m
[32meth_call[0m
  Contract call:       LayeredChallenge#getProposedState
  From:                0xf39fd6e51aad88f6f4ce6ab8827279cfffb92266
  To:                  0xe7f1725e7734ce288f8367e1bb143e90bb3f0512

[32meth_blockNumber[0m
[32meth_chainId[0m
[32meth_chainId (2)[0m
[32meth_estimateGas[0m
[32meth_getBlockByNumber[0m
[32meth_feeHistory[0m
[32meth_sendTransaction[0m
  Contract call:       LayeredChallenge#respondState
  Transaction:         0x97a13c590a99abb9739aab33b160abc0db4c07b9518fb55807de13db62c58019
  From:                0xf39fd6e51aad88f6f4ce6ab8827279cfffb92266
  To:                  0xe7f1725e7734ce288f8367e1bb143e90bb3f0512
  Value:               0 ETH
  Gas used:            60437 of 60437
  Block #13:           0x6d8b757ef9023c03648a98e3f38d660fbd118e3a81442a5019c3afb433ea20a0

[32meth_chainId[0m
[32meth_getTransactionByHash[0m
[32meth_chainId[0m
[32meth_getTransactionReceipt[0m
[32meth_chainId[0m
[32meth_accounts[0m
[32meth_accounts (2)[0m
[32meth_accounts (3)[0m
[32meth_chainId[0m
[32meth_call[0m
  Contract call:       LayeredChallenge#getStepNumber
  From:                0xf39fd6e51aad88f6f4ce6ab8827279cfffb92266
  To:                  0xe7f1725e7734ce288f8367e1bb143e90bb3f0512

[32meth_chainId[0m
[32meth_call[0m
  Contract call:       LayeredChallenge#getCurrentLayer
  From:                0xf39fd6e51aad88f6f4ce6ab8827279cfffb92266
  To:                  0xe7f1725e7734ce288f8367e1bb143e90bb3f0512

[32meth_chainId[0m
[32meth_call[0m
  Contract call:       LayeredChallenge#getNodeID
  From:                0xf39fd6e51aad88f6f4ce6ab8827279cfffb92266
  To:                  0xe7f1725e7734ce288f8367e1bb143e90bb3f0512

[32meth_chainId[0m
[32meth_call[0m
  Contract call:       LayeredChallenge#isSearching
  From:                0xf39fd6e51aad88f6f4ce6ab8827279cfffb92266
  To:                  0xe7f1725e7734ce288f8367e1bb143e90bb3f0512

[32meth_chainId[0m
[32meth_call[0m
  Contract call:       LayeredChallenge#getProposedState
  From:                0xf39fd6e51aad88f6f4ce6ab8827279cfffb92266
  To:                  0xe7f1725e7734ce288f8367e1bb143e90bb3f0512

[32meth_chainId[0m
[32meth_accounts[0m
[32meth_accounts (2)[0m
[32meth_accounts (3)[0m
[32meth_chainId[0m
[32meth_call[0m
  Contract call:       LayeredChallenge#getStepNumber
  From:                0xf39fd6e51aad88f6f4ce6ab8827279cfffb92266
  To:                  0xe7f1725e7734ce288f8367e1bb143e90bb3f0512

[32meth_chainId[0m
[32meth_call[0m
  Contract call:       LayeredChallenge#getCurrentLayer
  From:                0xf39fd6e51aad88f6f4ce6ab8827279cfffb92266
  To:                  0xe7f1725e7734ce288f8367e1bb143e90bb3f0512

[32meth_chainId[0m
[32meth_call[0m
  Contract call:       LayeredChallenge#getNodeID
  From:                0xf39fd6e51aad88f6f4ce6ab8827279cfffb92266
  To:                  0xe7f1725e7734ce288f8367e1bb143e90bb3f0512

[32meth_chainId[0m
[32meth_call[0m
  Contract call:       LayeredChallenge#isSearching
  From:                0xf39fd6e51aad88f6f4ce6ab8827279cfffb92266
  To:                  0xe7f1725e7734ce288f8367e1bb143e90bb3f0512

[32meth_chainId[0m
[32meth_call[0m
  Contract call:       LayeredChallenge#getProposedState
  From:                0xf39fd6e51aad88f6f4ce6ab8827279cfffb92266
  To:                  0xe7f1725e7734ce288f8367e1bb143e90bb3f0512

[32meth_blockNumber[0m
[32meth_chainId[0m
[32meth_chainId (2)[0m
[32meth_estimateGas[0m
[32meth_getBlockByNumber[0m
[32meth_feeHistory[0m
[32meth_sendTransaction[0m
  Contract call:       LayeredChallenge#proposeState
  Transaction:         0x26d23720e414ed3126ad013d9ff73f80f7555afb4a42544d6bde66ed400a7440
  From:                0xf39fd6e51aad88f6f4ce6ab8827279cfffb92266
  To:                  0xe7f1725e7734ce288f8367e1bb143e90bb3f0512
  Value:               0 ETH
  Gas used:            54475 of 54475
  Block #14:           0x40ea0bdf04d1fc3ac259528aab50500bfdaad9630565608659ab58d2138739c9

[32meth_chainId[0m
[32meth_getTransactionByHash[0m
[32meth_chainId[0m
[32meth_getTransactionReceipt[0m
[32meth_chainId[0m
[32meth_accounts[0m
[32meth_accounts (2)[0m
[32meth_accounts (3)[0m
[32meth_chainId[0m
[32meth_call[0m
  Contract call:       LayeredChallenge#getStepNumber
  From:                0xf39fd6e51aad88f6f4ce6ab8827279cfffb92266
  To:                  0xe7f1725e7734ce288f8367e1bb143e90bb3f0512

[32meth_chainId[0m
[32meth_call[0m
  Contract call:       LayeredChallenge#getCurrentLayer
  From:                0xf39fd6e51aad88f6f4ce6ab8827279cfffb92266
  To:                  0xe7f1725e7734ce288f8367e1bb143e90bb3f0512

[32meth_chainId[0m
[32meth_call[0m
  Contract call:       LayeredChallenge#getNodeID
  From:                0xf39fd6e51aad88f6f4ce6ab8827279cfffb92266
  To:                  0xe7f1725e7734ce288f8367e1bb143e90bb3f0512

[32meth_chainId[0m
[32meth_call[0m
  Contract call:       LayeredChallenge#isSearching
  From:                0xf39fd6e51aad88f6f4ce6ab8827279cfffb92266
  To:                  0xe7f1725e7734ce288f8367e1bb143e90bb3f0512

[32meth_chainId[0m
[32meth_call[0m
  Contract call:       LayeredChallenge#getProposedState
  From:                0xf39fd6e51aad88f6f4ce6ab8827279cfffb92266
  To:                  0xe7f1725e7734ce288f8367e1bb143e90bb3f0512

[32meth_chainId[0m
[32meth_accounts[0m
[32meth_accounts (2)[0m
[32meth_accounts (3)[0m
[32meth_chainId[0m
[32meth_call[0m
  Contract call:       LayeredChallenge#getStepNumber
  From:                0xf39fd6e51aad88f6f4ce6ab8827279cfffb92266
  To:                  0xe7f1725e7734ce288f8367e1bb143e90bb3f0512

[32meth_chainId[0m
[32meth_call[0m
  Contract call:       LayeredChallenge#getCurrentLayer
  From:                0xf39fd6e51aad88f6f4ce6ab8827279cfffb92266
  To:                  0xe7f1725e7734ce288f8367e1bb143e90bb3f0512

[32meth_chainId[0m
[32meth_call[0m
  Contract call:       LayeredChallenge#getNodeID
  From:                0xf39fd6e51aad88f6f4ce6ab8827279cfffb92266
  To:                  0xe7f1725e7734ce288f8367e1bb143e90bb3f0512

[32meth_chainId[0m
[32meth_call[0m
  Contract call:       LayeredChallenge#isSearching
  From:                0xf39fd6e51aad88f6f4ce6ab8827279cfffb92266
  To:                  0xe7f1725e7734ce288f8367e1bb143e90bb3f0512

[32meth_chainId[0m
[32meth_call[0m
  Contract call:       LayeredChallenge#getProposedState
  From:                0xf39fd6e51aad88f6f4ce6ab8827279cfffb92266
  To:                  0xe7f1725e7734ce288f8367e1bb143e90bb3f0512

[32meth_blockNumber[0m
[32meth_chainId[0m
[32meth_chainId (2)[0m
[32meth_estimateGas[0m
[32meth_getBlockByNumber[0m
[32meth_feeHistory[0m
[32meth_sendTransaction[0m
  Contract call:       LayeredChallenge#respondState
  Transaction:         0xcf06cf9b125b0efa4b6b6a21275f40c81e515d7a73c58fb050eb7ba44f7e1b6f
  From:                0xf39fd6e51aad88f6f4ce6ab8827279cfffb92266
  To:                  0xe7f1725e7734ce288f8367e1bb143e90bb3f0512
  Value:               0 ETH
  Gas used:            60437 of 60437
  Block #15:           0xa9dff7a104a8e09acc1d176f824a519467c5651280e943b6d271368fb9ebaa92

[32meth_chainId[0m
[32meth_getTransactionByHash[0m
[32meth_chainId[0m
[32meth_getTransactionReceipt[0m
[32meth_chainId[0m
[32meth_accounts[0m
[32meth_accounts (2)[0m
[32meth_accounts (3)[0m
[32meth_chainId[0m
[32meth_call[0m
  Contract call:       LayeredChallenge#getStepNumber
  From:                0xf39fd6e51aad88f6f4ce6ab8827279cfffb92266
  To:                  0xe7f1725e7734ce288f8367e1bb143e90bb3f0512

[32meth_chainId[0m
[32meth_call[0m
  Contract call:       LayeredChallenge#getCurrentLayer
  From:                0xf39fd6e51aad88f6f4ce6ab8827279cfffb92266
  To:                  0xe7f1725e7734ce288f8367e1bb143e90bb3f0512

[32meth_chainId[0m
[32meth_call[0m
  Contract call:       LayeredChallenge#getNodeID
  From:                0xf39fd6e51aad88f6f4ce6ab8827279cfffb92266
  To:                  0xe7f1725e7734ce288f8367e1bb143e90bb3f0512

[32meth_chainId[0m
[32meth_call[0m
  Contract call:       LayeredChallenge#isSearching
  From:                0xf39fd6e51aad88f6f4ce6ab8827279cfffb92266
  To:                  0xe7f1725e7734ce288f8367e1bb143e90bb3f0512

[32meth_chainId[0m
[32meth_call[0m
  Contract call:       LayeredChallenge#getProposedState
  From:                0xf39fd6e51aad88f6f4ce6ab8827279cfffb92266
  To:                  0xe7f1725e7734ce288f8367e1bb143e90bb3f0512

[32meth_chainId[0m
[32meth_accounts[0m
[32meth_accounts (2)[0m
[32meth_accounts (3)[0m
[32meth_chainId[0m
[32meth_call[0m
  Contract call:       LayeredChallenge#getStepNumber
  From:                0xf39fd6e51aad88f6f4ce6ab8827279cfffb92266
  To:                  0xe7f1725e7734ce288f8367e1bb143e90bb3f0512

[32meth_chainId[0m
[32meth_call[0m
  Contract call:       LayeredChallenge#getCurrentLayer
  From:                0xf39fd6e51aad88f6f4ce6ab8827279cfffb92266
  To:                  0xe7f1725e7734ce288f8367e1bb143e90bb3f0512

[32meth_chainId[0m
[32meth_call[0m
  Contract call:       LayeredChallenge#getNodeID
  From:                0xf39fd6e51aad88f6f4ce6ab8827279cfffb92266
  To:                  0xe7f1725e7734ce288f8367e1bb143e90bb3f0512

[32meth_chainId[0m
[32meth_call[0m
  Contract call:       LayeredChallenge#isSearching
  From:                0xf39fd6e51aad88f6f4ce6ab8827279cfffb92266
  To:                  0xe7f1725e7734ce288f8367e1bb143e90bb3f0512

[32meth_chainId[0m
[32meth_call[0m
  Contract call:       LayeredChallenge#getProposedState
  From:                0xf39fd6e51aad88f6f4ce6ab8827279cfffb92266
  To:                  0xe7f1725e7734ce288f8367e1bb143e90bb3f0512

[32meth_blockNumber[0m
[32meth_chainId[0m
[32meth_chainId (2)[0m
[32meth_estimateGas[0m
[32meth_getBlockByNumber[0m
[32meth_feeHistory[0m
[32meth_sendTransaction[0m
  Contract call:       LayeredChallenge#proposeState
  Transaction:         0xc44c62800ac158c25aec1c45fcd9fa900c9af98ae8b5f2103a87e0652e42c70c
  From:                0xf39fd6e51aad88f6f4ce6ab8827279cfffb92266
  To:                  0xe7f1725e7734ce288f8367e1bb143e90bb3f0512
  Value:               0 ETH
  Gas used:            54475 of 54475
  Block #16:           0xe7f57824a0fd5c6fec3f0d07a617c09f83e7832977f8b3e747414b88ada9ce0d

[32meth_chainId[0m
[32meth_getTransactionByHash[0m
[32meth_chainId[0m
[32meth_getTransactionReceipt[0m
[32meth_chainId[0m
[32meth_accounts[0m
[32meth_accounts (2)[0m
[32meth_accounts (3)[0m
[32meth_chainId[0m
[32meth_call[0m
  Contract call:       LayeredChallenge#getStepNumber
  From:                0xf39fd6e51aad88f6f4ce6ab8827279cfffb92266
  To:                  0xe7f1725e7734ce288f8367e1bb143e90bb3f0512

[32meth_chainId[0m
[32meth_call[0m
  Contract call:       LayeredChallenge#getCurrentLayer
  From:                0xf39fd6e51aad88f6f4ce6ab8827279cfffb92266
  To:                  0xe7f1725e7734ce288f8367e1bb143e90bb3f0512

[32meth_chainId[0m
[32meth_call[0m
  Contract call:       LayeredChallenge#getNodeID
  From:                0xf39fd6e51aad88f6f4ce6ab8827279cfffb92266
  To:                  0xe7f1725e7734ce288f8367e1bb143e90bb3f0512

[32meth_chainId[0m
[32meth_call[0m
  Contract call:       LayeredChallenge#isSearching
  From:                0xf39fd6e51aad88f6f4ce6ab8827279cfffb92266
  To:                  0xe7f1725e7734ce288f8367e1bb143e90bb3f0512

[32meth_chainId[0m
[32meth_call[0m
  Contract call:       LayeredChallenge#getProposedState
  From:                0xf39fd6e51aad88f6f4ce6ab8827279cfffb92266
  To:                  0xe7f1725e7734ce288f8367e1bb143e90bb3f0512

[32meth_chainId[0m
[32meth_accounts[0m
[32meth_accounts (2)[0m
[32meth_accounts (3)[0m
[32meth_chainId[0m
[32meth_call[0m
  Contract call:       LayeredChallenge#getStepNumber
  From:                0xf39fd6e51aad88f6f4ce6ab8827279cfffb92266
  To:                  0xe7f1725e7734ce288f8367e1bb143e90bb3f0512

[32meth_chainId[0m
[32meth_call[0m
  Contract call:       LayeredChallenge#getCurrentLayer
  From:                0xf39fd6e51aad88f6f4ce6ab8827279cfffb92266
  To:                  0xe7f1725e7734ce288f8367e1bb143e90bb3f0512

[32meth_chainId[0m
[32meth_call[0m
  Contract call:       LayeredChallenge#getNodeID
  From:                0xf39fd6e51aad88f6f4ce6ab8827279cfffb92266
  To:                  0xe7f1725e7734ce288f8367e1bb143e90bb3f0512

[32meth_chainId[0m
[32meth_call[0m
  Contract call:       LayeredChallenge#isSearching
  From:                0xf39fd6e51aad88f6f4ce6ab8827279cfffb92266
  To:                  0xe7f1725e7734ce288f8367e1bb143e90bb3f0512

[32meth_chainId[0m
[32meth_call[0m
  Contract call:       LayeredChallenge#getProposedState
  From:                0xf39fd6e51aad88f6f4ce6ab8827279cfffb92266
  To:                  0xe7f1725e7734ce288f8367e1bb143e90bb3f0512

[32meth_blockNumber[0m
[32meth_chainId[0m
[32meth_chainId (2)[0m
[32meth_estimateGas[0m
[32meth_getBlockByNumber[0m
[32meth_feeHistory[0m
[32meth_sendTransaction[0m
  Contract call:       LayeredChallenge#respondState
  Transaction:         0x8fb46ec5732725dc51c54191ac90b962928a72908863626621351cc40a1f2150
  From:                0xf39fd6e51aad88f6f4ce6ab8827279cfffb92266
  To:                  0xe7f1725e7734ce288f8367e1bb143e90bb3f0512
  Value:               0 ETH
  Gas used:            60437 of 60437
  Block #17:           0x411d3746cc737d244cbae4bd32fdd51e98cbca674c6ac7975fa878b78d820b76

[32meth_chainId[0m
[32meth_getTransactionByHash[0m
[32meth_chainId[0m
[32meth_getTransactionReceipt[0m
[32meth_chainId[0m
[32meth_accounts[0m
[32meth_accounts (2)[0m
[32meth_accounts (3)[0m
[32meth_chainId[0m
[32meth_call[0m
  Contract call:       LayeredChallenge#getStepNumber
  From:                0xf39fd6e51aad88f6f4ce6ab8827279cfffb92266
  To:                  0xe7f1725e7734ce288f8367e1bb143e90bb3f0512

[32meth_chainId[0m
[32meth_call[0m
  Contract call:       LayeredChallenge#getCurrentLayer
  From:                0xf39fd6e51aad88f6f4ce6ab8827279cfffb92266
  To:                  0xe7f1725e7734ce288f8367e1bb143e90bb3f0512

[32meth_chainId[0m
[32meth_call[0m
  Contract call:       LayeredChallenge#getNodeID
  From:                0xf39fd6e51aad88f6f4ce6ab8827279cfffb92266
  To:                  0xe7f1725e7734ce288f8367e1bb143e90bb3f0512

[32meth_chainId[0m
[32meth_call[0m
  Contract call:       LayeredChallenge#isSearching
  From:                0xf39fd6e51aad88f6f4ce6ab8827279cfffb92266
  To:                  0xe7f1725e7734ce288f8367e1bb143e90bb3f0512

[32meth_chainId[0m
[32meth_call[0m
  Contract call:       LayeredChallenge#getProposedState
  From:                0xf39fd6e51aad88f6f4ce6ab8827279cfffb92266
  To:                  0xe7f1725e7734ce288f8367e1bb143e90bb3f0512

[32meth_chainId[0m
[32meth_accounts[0m
[32meth_accounts (2)[0m
[32meth_accounts (3)[0m
[32meth_chainId[0m
[32meth_call[0m
  Contract call:       LayeredChallenge#getStepNumber
  From:                0xf39fd6e51aad88f6f4ce6ab8827279cfffb92266
  To:                  0xe7f1725e7734ce288f8367e1bb143e90bb3f0512

[32meth_chainId[0m
[32meth_call[0m
  Contract call:       LayeredChallenge#getCurrentLayer
  From:                0xf39fd6e51aad88f6f4ce6ab8827279cfffb92266
  To:                  0xe7f1725e7734ce288f8367e1bb143e90bb3f0512

[32meth_chainId[0m
[32meth_call[0m
  Contract call:       LayeredChallenge#getNodeID
  From:                0xf39fd6e51aad88f6f4ce6ab8827279cfffb92266
  To:                  0xe7f1725e7734ce288f8367e1bb143e90bb3f0512

[32meth_chainId[0m
[32meth_call[0m
  Contract call:       LayeredChallenge#isSearching
  From:                0xf39fd6e51aad88f6f4ce6ab8827279cfffb92266
  To:                  0xe7f1725e7734ce288f8367e1bb143e90bb3f0512

[32meth_chainId[0m
[32meth_call[0m
  Contract call:       LayeredChallenge#getProposedState
  From:                0xf39fd6e51aad88f6f4ce6ab8827279cfffb92266
  To:                  0xe7f1725e7734ce288f8367e1bb143e90bb3f0512

[32meth_blockNumber[0m
[32meth_chainId[0m
[32meth_chainId (2)[0m
[32meth_estimateGas[0m
[32meth_getBlockByNumber[0m
[32meth_feeHistory[0m
[32meth_sendTransaction[0m
  Contract call:       LayeredChallenge#proposeState
  Transaction:         0x10b5c88fe394c27bd6b200929b625989be25968f1527dd2598b5db25ad7181cc
  From:                0xf39fd6e51aad88f6f4ce6ab8827279cfffb92266
  To:                  0xe7f1725e7734ce288f8367e1bb143e90bb3f0512
  Value:               0 ETH
  Gas used:            54475 of 54475
  Block #18:           0xef11a99e657375da6742207f1b15dacb10e09cf804d0d902915e4fd43ad34c9c

[32meth_chainId[0m
[32meth_getTransactionByHash[0m
[32meth_chainId[0m
[32meth_getTransactionReceipt[0m
[32meth_chainId[0m
[32meth_accounts[0m
[32meth_accounts (2)[0m
[32meth_accounts (3)[0m
[32meth_chainId[0m
[32meth_call[0m
  Contract call:       LayeredChallenge#getStepNumber
  From:                0xf39fd6e51aad88f6f4ce6ab8827279cfffb92266
  To:                  0xe7f1725e7734ce288f8367e1bb143e90bb3f0512

[32meth_chainId[0m
[32meth_call[0m
  Contract call:       LayeredChallenge#getCurrentLayer
  From:                0xf39fd6e51aad88f6f4ce6ab8827279cfffb92266
  To:                  0xe7f1725e7734ce288f8367e1bb143e90bb3f0512

[32meth_chainId[0m
[32meth_call[0m
  Contract call:       LayeredChallenge#getNodeID
  From:                0xf39fd6e51aad88f6f4ce6ab8827279cfffb92266
  To:                  0xe7f1725e7734ce288f8367e1bb143e90bb3f0512

[32meth_chainId[0m
[32meth_call[0m
  Contract call:       LayeredChallenge#isSearching
  From:                0xf39fd6e51aad88f6f4ce6ab8827279cfffb92266
  To:                  0xe7f1725e7734ce288f8367e1bb143e90bb3f0512

[32meth_chainId[0m
[32meth_call[0m
  Contract call:       LayeredChallenge#getProposedState
  From:                0xf39fd6e51aad88f6f4ce6ab8827279cfffb92266
  To:                  0xe7f1725e7734ce288f8367e1bb143e90bb3f0512

[32meth_chainId[0m
[32meth_accounts[0m
[32meth_accounts (2)[0m
[32meth_accounts (3)[0m
[32meth_chainId[0m
[32meth_call[0m
  Contract call:       LayeredChallenge#getStepNumber
  From:                0xf39fd6e51aad88f6f4ce6ab8827279cfffb92266
  To:                  0xe7f1725e7734ce288f8367e1bb143e90bb3f0512

[32meth_chainId[0m
[32meth_call[0m
  Contract call:       LayeredChallenge#getCurrentLayer
  From:                0xf39fd6e51aad88f6f4ce6ab8827279cfffb92266
  To:                  0xe7f1725e7734ce288f8367e1bb143e90bb3f0512

[32meth_chainId[0m
[32meth_call[0m
  Contract call:       LayeredChallenge#getNodeID
  From:                0xf39fd6e51aad88f6f4ce6ab8827279cfffb92266
  To:                  0xe7f1725e7734ce288f8367e1bb143e90bb3f0512

[32meth_chainId[0m
[32meth_call[0m
  Contract call:       LayeredChallenge#isSearching
  From:                0xf39fd6e51aad88f6f4ce6ab8827279cfffb92266
  To:                  0xe7f1725e7734ce288f8367e1bb143e90bb3f0512

[32meth_chainId[0m
[32meth_call[0m
  Contract call:       LayeredChallenge#getProposedState
  From:                0xf39fd6e51aad88f6f4ce6ab8827279cfffb92266
  To:                  0xe7f1725e7734ce288f8367e1bb143e90bb3f0512

[32meth_blockNumber[0m
[32meth_chainId[0m
[32meth_chainId (2)[0m
[32meth_estimateGas[0m
[32meth_getBlockByNumber[0m
[32meth_feeHistory[0m
[32meth_sendTransaction[0m
  Contract call:       LayeredChallenge#respondState
  Transaction:         0x98dca53a7f4a28157a310652f3c4aa2b43fc49fdc0956b2ad4507932996ee1e8
  From:                0xf39fd6e51aad88f6f4ce6ab8827279cfffb92266
  To:                  0xe7f1725e7734ce288f8367e1bb143e90bb3f0512
  Value:               0 ETH
  Gas used:            60437 of 60437
  Block #19:           0xdbfe166d7f7f7e8bf515d132c3c100ebc9ea061691e5f23b26e735aa6c133610

[32meth_chainId[0m
[32meth_getTransactionByHash[0m
[32meth_chainId[0m
[32meth_getTransactionReceipt[0m
[32meth_chainId[0m
[32meth_accounts[0m
[32meth_accounts (2)[0m
[32meth_accounts (3)[0m
[32meth_chainId[0m
[32meth_call[0m
  Contract call:       LayeredChallenge#getStepNumber
  From:                0xf39fd6e51aad88f6f4ce6ab8827279cfffb92266
  To:                  0xe7f1725e7734ce288f8367e1bb143e90bb3f0512

[32meth_chainId[0m
[32meth_call[0m
  Contract call:       LayeredChallenge#getCurrentLayer
  From:                0xf39fd6e51aad88f6f4ce6ab8827279cfffb92266
  To:                  0xe7f1725e7734ce288f8367e1bb143e90bb3f0512

[32meth_chainId[0m
[32meth_call[0m
  Contract call:       LayeredChallenge#getNodeID
  From:                0xf39fd6e51aad88f6f4ce6ab8827279cfffb92266
  To:                  0xe7f1725e7734ce288f8367e1bb143e90bb3f0512

[32meth_chainId[0m
[32meth_call[0m
  Contract call:       LayeredChallenge#isSearching
  From:                0xf39fd6e51aad88f6f4ce6ab8827279cfffb92266
  To:                  0xe7f1725e7734ce288f8367e1bb143e90bb3f0512

[32meth_chainId[0m
[32meth_call[0m
  Contract call:       LayeredChallenge#getProposedState
  From:                0xf39fd6e51aad88f6f4ce6ab8827279cfffb92266
  To:                  0xe7f1725e7734ce288f8367e1bb143e90bb3f0512

[32meth_chainId[0m
[32meth_accounts[0m
[32meth_accounts (2)[0m
[32meth_accounts (3)[0m
[32meth_chainId[0m
[32meth_call[0m
  Contract call:       LayeredChallenge#getStepNumber
  From:                0xf39fd6e51aad88f6f4ce6ab8827279cfffb92266
  To:                  0xe7f1725e7734ce288f8367e1bb143e90bb3f0512

[32meth_chainId[0m
[32meth_call[0m
  Contract call:       LayeredChallenge#getCurrentLayer
  From:                0xf39fd6e51aad88f6f4ce6ab8827279cfffb92266
  To:                  0xe7f1725e7734ce288f8367e1bb143e90bb3f0512

[32meth_chainId[0m
[32meth_call[0m
  Contract call:       LayeredChallenge#getNodeID
  From:                0xf39fd6e51aad88f6f4ce6ab8827279cfffb92266
  To:                  0xe7f1725e7734ce288f8367e1bb143e90bb3f0512

[32meth_chainId[0m
[32meth_call[0m
  Contract call:       LayeredChallenge#isSearching
  From:                0xf39fd6e51aad88f6f4ce6ab8827279cfffb92266
  To:                  0xe7f1725e7734ce288f8367e1bb143e90bb3f0512

[32meth_chainId[0m
[32meth_call[0m
  Contract call:       LayeredChallenge#getProposedState
  From:                0xf39fd6e51aad88f6f4ce6ab8827279cfffb92266
  To:                  0xe7f1725e7734ce288f8367e1bb143e90bb3f0512

[32meth_blockNumber[0m
[32meth_chainId[0m
[32meth_chainId (2)[0m
[32meth_estimateGas[0m
[32meth_getBlockByNumber[0m
[32meth_feeHistory[0m
[32meth_sendTransaction[0m
  Contract call:       LayeredChallenge#proposeState
  Transaction:         0x712f8e2e1e2986b8f956af65c99f14721950bec7a16cb164d7b136d42922afb5
  From:                0xf39fd6e51aad88f6f4ce6ab8827279cfffb92266
  To:                  0xe7f1725e7734ce288f8367e1bb143e90bb3f0512
  Value:               0 ETH
  Gas used:            54463 of 54463
  Block #20:           0x713e2fed399aa4b3090b0c2e74866346836e7f4b15723fdebb0e3c135869c90a

[32meth_chainId[0m
[32meth_getTransactionByHash[0m
[32meth_chainId[0m
[32meth_getTransactionReceipt[0m
[32meth_chainId[0m
[32meth_accounts[0m
[32meth_accounts (2)[0m
[32meth_accounts (3)[0m
[32meth_chainId[0m
[32meth_call[0m
  Contract call:       LayeredChallenge#getStepNumber
  From:                0xf39fd6e51aad88f6f4ce6ab8827279cfffb92266
  To:                  0xe7f1725e7734ce288f8367e1bb143e90bb3f0512

[32meth_chainId[0m
[32meth_call[0m
  Contract call:       LayeredChallenge#getCurrentLayer
  From:                0xf39fd6e51aad88f6f4ce6ab8827279cfffb92266
  To:                  0xe7f1725e7734ce288f8367e1bb143e90bb3f0512

[32meth_chainId[0m
[32meth_call[0m
  Contract call:       LayeredChallenge#getNodeID
  From:                0xf39fd6e51aad88f6f4ce6ab8827279cfffb92266
  To:                  0xe7f1725e7734ce288f8367e1bb143e90bb3f0512

[32meth_chainId[0m
[32meth_call[0m
  Contract call:       LayeredChallenge#isSearching
  From:                0xf39fd6e51aad88f6f4ce6ab8827279cfffb92266
  To:                  0xe7f1725e7734ce288f8367e1bb143e90bb3f0512

[32meth_chainId[0m
[32meth_call[0m
  Contract call:       LayeredChallenge#getProposedState
  From:                0xf39fd6e51aad88f6f4ce6ab8827279cfffb92266
  To:                  0xe7f1725e7734ce288f8367e1bb143e90bb3f0512

[32meth_chainId[0m
[32meth_accounts[0m
[32meth_accounts (2)[0m
[32meth_accounts (3)[0m
[32meth_chainId[0m
[32meth_call[0m
  Contract call:       LayeredChallenge#getStepNumber
  From:                0xf39fd6e51aad88f6f4ce6ab8827279cfffb92266
  To:                  0xe7f1725e7734ce288f8367e1bb143e90bb3f0512

[32meth_chainId[0m
[32meth_call[0m
  Contract call:       LayeredChallenge#getCurrentLayer
  From:                0xf39fd6e51aad88f6f4ce6ab8827279cfffb92266
  To:                  0xe7f1725e7734ce288f8367e1bb143e90bb3f0512

[32meth_chainId[0m
[32meth_call[0m
  Contract call:       LayeredChallenge#getNodeID
  From:                0xf39fd6e51aad88f6f4ce6ab8827279cfffb92266
  To:                  0xe7f1725e7734ce288f8367e1bb143e90bb3f0512

[32meth_chainId[0m
[32meth_call[0m
  Contract call:       LayeredChallenge#isSearching
  From:                0xf39fd6e51aad88f6f4ce6ab8827279cfffb92266
  To:                  0xe7f1725e7734ce288f8367e1bb143e90bb3f0512

[32meth_chainId[0m
[32meth_call[0m
  Contract call:       LayeredChallenge#getProposedState
  From:                0xf39fd6e51aad88f6f4ce6ab8827279cfffb92266
  To:                  0xe7f1725e7734ce288f8367e1bb143e90bb3f0512

[32meth_blockNumber[0m
[32meth_chainId[0m
[32meth_chainId (2)[0m
[32meth_estimateGas[0m
[32meth_getBlockByNumber[0m
[32meth_feeHistory[0m
[32meth_sendTransaction[0m
  Contract call:       LayeredChallenge#respondState
  Transaction:         0xc6dcfff7f8b87b4926bc694c70077de9c04399efd1b956c2cada19aedc919fe9
  From:                0xf39fd6e51aad88f6f4ce6ab8827279cfffb92266
  To:                  0xe7f1725e7734ce288f8367e1bb143e90bb3f0512
  Value:               0 ETH
  Gas used:            60425 of 60425
  Block #21:           0x10cb7d1017d008fe4e13f9b8ba3a097041076dc765d7e0c25dab64ad583644f8

[32meth_chainId[0m
[32meth_getTransactionByHash[0m
[32meth_chainId[0m
[32meth_getTransactionReceipt[0m
[32meth_chainId[0m
[32meth_accounts[0m
[32meth_accounts (2)[0m
[32meth_accounts (3)[0m
[32meth_chainId[0m
[32meth_call[0m
  Contract call:       LayeredChallenge#getStepNumber
  From:                0xf39fd6e51aad88f6f4ce6ab8827279cfffb92266
  To:                  0xe7f1725e7734ce288f8367e1bb143e90bb3f0512

[32meth_chainId[0m
[32meth_call[0m
  Contract call:       LayeredChallenge#getCurrentLayer
  From:                0xf39fd6e51aad88f6f4ce6ab8827279cfffb92266
  To:                  0xe7f1725e7734ce288f8367e1bb143e90bb3f0512

[32meth_chainId[0m
[32meth_call[0m
  Contract call:       LayeredChallenge#getNodeID
  From:                0xf39fd6e51aad88f6f4ce6ab8827279cfffb92266
  To:                  0xe7f1725e7734ce288f8367e1bb143e90bb3f0512

[32meth_chainId[0m
[32meth_call[0m
  Contract call:       LayeredChallenge#isSearching
  From:                0xf39fd6e51aad88f6f4ce6ab8827279cfffb92266
  To:                  0xe7f1725e7734ce288f8367e1bb143e90bb3f0512

[32meth_chainId[0m
[32meth_call[0m
  Contract call:       LayeredChallenge#getProposedState
  From:                0xf39fd6e51aad88f6f4ce6ab8827279cfffb92266
  To:                  0xe7f1725e7734ce288f8367e1bb143e90bb3f0512

[32meth_chainId[0m
[32meth_accounts[0m
[32meth_accounts (2)[0m
[32meth_accounts (3)[0m
[32meth_chainId[0m
[32meth_call[0m
  Contract call:       LayeredChallenge#getStepNumber
  From:                0xf39fd6e51aad88f6f4ce6ab8827279cfffb92266
  To:                  0xe7f1725e7734ce288f8367e1bb143e90bb3f0512

[32meth_chainId[0m
[32meth_call[0m
  Contract call:       LayeredChallenge#getCurrentLayer
  From:                0xf39fd6e51aad88f6f4ce6ab8827279cfffb92266
  To:                  0xe7f1725e7734ce288f8367e1bb143e90bb3f0512

[32meth_chainId[0m
[32meth_call[0m
  Contract call:       LayeredChallenge#getNodeID
  From:                0xf39fd6e51aad88f6f4ce6ab8827279cfffb92266
  To:                  0xe7f1725e7734ce288f8367e1bb143e90bb3f0512

[32meth_chainId[0m
[32meth_call[0m
  Contract call:       LayeredChallenge#isSearching
  From:                0xf39fd6e51aad88f6f4ce6ab8827279cfffb92266
  To:                  0xe7f1725e7734ce288f8367e1bb143e90bb3f0512

[32meth_chainId[0m
[32meth_call[0m
  Contract call:       LayeredChallenge#getProposedState
  From:                0xf39fd6e51aad88f6f4ce6ab8827279cfffb92266
  To:                  0xe7f1725e7734ce288f8367e1bb143e90bb3f0512

[32meth_blockNumber[0m
[32meth_chainId[0m
[32meth_chainId (2)[0m
[32meth_estimateGas[0m
[32meth_getBlockByNumber[0m
[32meth_feeHistory[0m
[32meth_sendTransaction[0m
  Contract call:       LayeredChallenge#proposeState
  Transaction:         0x2475e18c7edcd4a9074f2e46648d55b01eba0e8bb55d606c3b2ac4264431b0d1
  From:                0xf39fd6e51aad88f6f4ce6ab8827279cfffb92266
  To:                  0xe7f1725e7734ce288f8367e1bb143e90bb3f0512
  Value:               0 ETH
  Gas used:            54475 of 54475
  Block #22:           0x2e605ca9691b971513e2e709d8232d77be7a9e68d57986d48abf2f1f252be5c7

[32meth_chainId[0m
[32meth_getTransactionByHash[0m
[32meth_chainId[0m
[32meth_getTransactionReceipt[0m
[32meth_chainId[0m
[32meth_accounts[0m
[32meth_accounts (2)[0m
[32meth_accounts (3)[0m
[32meth_chainId[0m
[32meth_call[0m
  Contract call:       LayeredChallenge#getStepNumber
  From:                0xf39fd6e51aad88f6f4ce6ab8827279cfffb92266
  To:                  0xe7f1725e7734ce288f8367e1bb143e90bb3f0512

[32meth_chainId[0m
[32meth_call[0m
  Contract call:       LayeredChallenge#getCurrentLayer
  From:                0xf39fd6e51aad88f6f4ce6ab8827279cfffb92266
  To:                  0xe7f1725e7734ce288f8367e1bb143e90bb3f0512

[32meth_chainId[0m
[32meth_call[0m
  Contract call:       LayeredChallenge#getNodeID
  From:                0xf39fd6e51aad88f6f4ce6ab8827279cfffb92266
  To:                  0xe7f1725e7734ce288f8367e1bb143e90bb3f0512

[32meth_chainId[0m
[32meth_call[0m
  Contract call:       LayeredChallenge#isSearching
  From:                0xf39fd6e51aad88f6f4ce6ab8827279cfffb92266
  To:                  0xe7f1725e7734ce288f8367e1bb143e90bb3f0512

[32meth_chainId[0m
[32meth_call[0m
  Contract call:       LayeredChallenge#getProposedState
  From:                0xf39fd6e51aad88f6f4ce6ab8827279cfffb92266
  To:                  0xe7f1725e7734ce288f8367e1bb143e90bb3f0512

[32meth_accounts[0m
[32meth_chainId[0m
[32meth_accounts[0m
[32meth_accounts (2)[0m
[32meth_chainId[0m
[32meth_call[0m
  Contract call:       LayeredChallenge#getStepNumber
  From:                0xf39fd6e51aad88f6f4ce6ab8827279cfffb92266
  To:                  0xe7f1725e7734ce288f8367e1bb143e90bb3f0512

[32meth_chainId[0m
[32meth_call[0m
  Contract call:       LayeredChallenge#getCurrentLayer
  From:                0xf39fd6e51aad88f6f4ce6ab8827279cfffb92266
  To:                  0xe7f1725e7734ce288f8367e1bb143e90bb3f0512

[32meth_chainId[0m
[32meth_call[0m
  Contract call:       LayeredChallenge#getNodeID
  From:                0xf39fd6e51aad88f6f4ce6ab8827279cfffb92266
  To:                  0xe7f1725e7734ce288f8367e1bb143e90bb3f0512

[32meth_chainId[0m
[32meth_call[0m
  Contract call:       LayeredChallenge#isSearching
  From:                0xf39fd6e51aad88f6f4ce6ab8827279cfffb92266
  To:                  0xe7f1725e7734ce288f8367e1bb143e90bb3f0512

[32meth_chainId[0m
[32meth_call[0m
  Contract call:       LayeredChallenge#getProposedState
  From:                0xf39fd6e51aad88f6f4ce6ab8827279cfffb92266
  To:                  0xe7f1725e7734ce288f8367e1bb143e90bb3f0512

[32meth_blockNumber[0m
[32meth_chainId[0m
[32meth_chainId (2)[0m
[32meth_estimateGas[0m
[32meth_getBlockByNumber[0m
[32meth_feeHistory[0m
[32meth_sendTransaction[0m
  Contract call:       LayeredChallenge#respondState
  Transaction:         0xfca8e0c0a13651dcdc02f841fb20d0d8b095c11174c610a735dad5a50f073af5
  From:                0xf39fd6e51aad88f6f4ce6ab8827279cfffb92266
  To:                  0xe7f1725e7734ce288f8367e1bb143e90bb3f0512
  Value:               0 ETH
  Gas used:            60437 of 60437
  Block #23:           0xfe50504531aa9baf861eedefc90c679510a602c56fd3227896b68b84c40c37d3

[32meth_chainId[0m
[32meth_getTransactionByHash[0m
[32meth_chainId[0m
[32meth_getTransactionReceipt[0m
[32meth_chainId[0m
[32meth_accounts[0m
[32meth_accounts (2)[0m
[32meth_accounts (3)[0m
[32meth_chainId[0m
[32meth_call[0m
  Contract call:       LayeredChallenge#getStepNumber
  From:                0xf39fd6e51aad88f6f4ce6ab8827279cfffb92266
  To:                  0xe7f1725e7734ce288f8367e1bb143e90bb3f0512

[32meth_chainId[0m
[32meth_call[0m
  Contract call:       LayeredChallenge#getCurrentLayer
  From:                0xf39fd6e51aad88f6f4ce6ab8827279cfffb92266
  To:                  0xe7f1725e7734ce288f8367e1bb143e90bb3f0512

[32meth_chainId[0m
[32meth_call[0m
  Contract call:       LayeredChallenge#getNodeID
  From:                0xf39fd6e51aad88f6f4ce6ab8827279cfffb92266
  To:                  0xe7f1725e7734ce288f8367e1bb143e90bb3f0512

[32meth_chainId[0m
[32meth_call[0m
  Contract call:       LayeredChallenge#isSearching
  From:                0xf39fd6e51aad88f6f4ce6ab8827279cfffb92266
  To:                  0xe7f1725e7734ce288f8367e1bb143e90bb3f0512

[32meth_chainId[0m
[32meth_call[0m
  Contract call:       LayeredChallenge#getProposedState
  From:                0xf39fd6e51aad88f6f4ce6ab8827279cfffb92266
  To:                  0xe7f1725e7734ce288f8367e1bb143e90bb3f0512

[32meth_chainId[0m
[32meth_accounts[0m
[32meth_accounts (2)[0m
[32meth_accounts (3)[0m
[32meth_chainId[0m
[32meth_call[0m
  Contract call:       LayeredChallenge#getStepNumber
  From:                0xf39fd6e51aad88f6f4ce6ab8827279cfffb92266
  To:                  0xe7f1725e7734ce288f8367e1bb143e90bb3f0512

[32meth_chainId[0m
[32meth_call[0m
  Contract call:       LayeredChallenge#getCurrentLayer
  From:                0xf39fd6e51aad88f6f4ce6ab8827279cfffb92266
  To:                  0xe7f1725e7734ce288f8367e1bb143e90bb3f0512

[32meth_chainId[0m
[32meth_call[0m
  Contract call:       LayeredChallenge#getNodeID
  From:                0xf39fd6e51aad88f6f4ce6ab8827279cfffb92266
  To:                  0xe7f1725e7734ce288f8367e1bb143e90bb3f0512

[32meth_chainId[0m
[32meth_call[0m
  Contract call:       LayeredChallenge#isSearching
  From:                0xf39fd6e51aad88f6f4ce6ab8827279cfffb92266
  To:                  0xe7f1725e7734ce288f8367e1bb143e90bb3f0512

[32meth_chainId[0m
[32meth_call[0m
  Contract call:       LayeredChallenge#getProposedState
  From:                0xf39fd6e51aad88f6f4ce6ab8827279cfffb92266
  To:                  0xe7f1725e7734ce288f8367e1bb143e90bb3f0512

[32meth_blockNumber[0m
[32meth_chainId[0m
[32meth_chainId (2)[0m
[32meth_estimateGas[0m
[32meth_getBlockByNumber[0m
[32meth_feeHistory[0m
[32meth_sendTransaction[0m
  Contract call:       LayeredChallenge#proposeState
  Transaction:         0x0378a74c442fa8c121f31b6bd68f0647511153f79b3b6f54e4de3a2ff078fd23
  From:                0xf39fd6e51aad88f6f4ce6ab8827279cfffb92266
  To:                  0xe7f1725e7734ce288f8367e1bb143e90bb3f0512
  Value:               0 ETH
  Gas used:            54475 of 54475
  Block #24:           0x1e0f3f67bd2ca27a88d8370dfc7c15595ec06854cf889f5fef5cfa87fc02bcb7

[32meth_chainId[0m
[32meth_getTransactionByHash[0m
[32meth_chainId[0m
[32meth_getTransactionReceipt[0m
[32meth_chainId[0m
[32meth_accounts[0m
[32meth_accounts (2)[0m
[32meth_accounts (3)[0m
[32meth_chainId[0m
[32meth_call[0m
  Contract call:       LayeredChallenge#getStepNumber
  From:                0xf39fd6e51aad88f6f4ce6ab8827279cfffb92266
  To:                  0xe7f1725e7734ce288f8367e1bb143e90bb3f0512

[32meth_chainId[0m
[32meth_call[0m
  Contract call:       LayeredChallenge#getCurrentLayer
  From:                0xf39fd6e51aad88f6f4ce6ab8827279cfffb92266
  To:                  0xe7f1725e7734ce288f8367e1bb143e90bb3f0512

[32meth_chainId[0m
[32meth_call[0m
  Contract call:       LayeredChallenge#getNodeID
  From:                0xf39fd6e51aad88f6f4ce6ab8827279cfffb92266
  To:                  0xe7f1725e7734ce288f8367e1bb143e90bb3f0512

[32meth_chainId[0m
[32meth_call[0m
  Contract call:       LayeredChallenge#isSearching
  From:                0xf39fd6e51aad88f6f4ce6ab8827279cfffb92266
  To:                  0xe7f1725e7734ce288f8367e1bb143e90bb3f0512

[32meth_chainId[0m
[32meth_call[0m
  Contract call:       LayeredChallenge#getProposedState
  From:                0xf39fd6e51aad88f6f4ce6ab8827279cfffb92266
  To:                  0xe7f1725e7734ce288f8367e1bb143e90bb3f0512

[32meth_chainId[0m
[32meth_accounts[0m
[32meth_accounts (2)[0m
[32meth_accounts (3)[0m
[32meth_chainId[0m
[32meth_call[0m
  Contract call:       LayeredChallenge#getStepNumber
  From:                0xf39fd6e51aad88f6f4ce6ab8827279cfffb92266
  To:                  0xe7f1725e7734ce288f8367e1bb143e90bb3f0512

[32meth_chainId[0m
[32meth_call[0m
  Contract call:       LayeredChallenge#getCurrentLayer
  From:                0xf39fd6e51aad88f6f4ce6ab8827279cfffb92266
  To:                  0xe7f1725e7734ce288f8367e1bb143e90bb3f0512

[32meth_chainId[0m
[32meth_call[0m
  Contract call:       LayeredChallenge#getNodeID
  From:                0xf39fd6e51aad88f6f4ce6ab8827279cfffb92266
  To:                  0xe7f1725e7734ce288f8367e1bb143e90bb3f0512

[32meth_chainId[0m
[32meth_call[0m
  Contract call:       LayeredChallenge#isSearching
  From:                0xf39fd6e51aad88f6f4ce6ab8827279cfffb92266
  To:                  0xe7f1725e7734ce288f8367e1bb143e90bb3f0512

[32meth_chainId[0m
[32meth_call[0m
  Contract call:       LayeredChallenge#getProposedState
  From:                0xf39fd6e51aad88f6f4ce6ab8827279cfffb92266
  To:                  0xe7f1725e7734ce288f8367e1bb143e90bb3f0512

[32meth_chainId[0m
[32meth_blockNumber[0m
[32meth_chainId[0m
[32meth_estimateGas[0m
[32meth_getBlockByNumber[0m
[32meth_feeHistory[0m
[32meth_sendTransaction[0m
  Contract call:       LayeredChallenge#respondState
  Transaction:         0xcbbad686eeda69f613530218008b5e8cae0bd2c528b6119ab24e2c1c0cf10b94
  From:                0xf39fd6e51aad88f6f4ce6ab8827279cfffb92266
  To:                  0xe7f1725e7734ce288f8367e1bb143e90bb3f0512
  Value:               0 ETH
  Gas used:            60437 of 60437
  Block #25:           0x70bab57473e067e66b69a69367c3c9c5ac132ae5ebae0f98dc44930ac81958ec

[32meth_chainId[0m
[32meth_getTransactionByHash[0m
[32meth_chainId[0m
[32meth_getTransactionReceipt[0m
[32meth_chainId[0m
[32meth_accounts[0m
[32meth_accounts (2)[0m
[32meth_accounts (3)[0m
[32meth_chainId[0m
[32meth_call[0m
  Contract call:       LayeredChallenge#getStepNumber
  From:                0xf39fd6e51aad88f6f4ce6ab8827279cfffb92266
  To:                  0xe7f1725e7734ce288f8367e1bb143e90bb3f0512

[32meth_chainId[0m
[32meth_call[0m
  Contract call:       LayeredChallenge#getCurrentLayer
  From:                0xf39fd6e51aad88f6f4ce6ab8827279cfffb92266
  To:                  0xe7f1725e7734ce288f8367e1bb143e90bb3f0512

[32meth_chainId[0m
[32meth_call[0m
  Contract call:       LayeredChallenge#getNodeID
  From:                0xf39fd6e51aad88f6f4ce6ab8827279cfffb92266
  To:                  0xe7f1725e7734ce288f8367e1bb143e90bb3f0512

[32meth_chainId[0m
[32meth_call[0m
  Contract call:       LayeredChallenge#isSearching
  From:                0xf39fd6e51aad88f6f4ce6ab8827279cfffb92266
  To:                  0xe7f1725e7734ce288f8367e1bb143e90bb3f0512

[32meth_blockNumber[0m
[32meth_chainId[0m
[32meth_chainId (2)[0m
[32meth_estimateGas[0m
[32meth_getBlockByNumber[0m
[32meth_feeHistory[0m
[32meth_sendTransaction[0m
  Contract call:       LayeredChallenge#toNextLayer
  Transaction:         0xdb6936f060001c059f7a61976e31ead6316be1f2ad4111bdaa3c02efd4036989
  From:                0xf39fd6e51aad88f6f4ce6ab8827279cfffb92266
  To:                  0xe7f1725e7734ce288f8367e1bb143e90bb3f0512
  Value:               0 ETH
  Gas used:            167839 of 167839
  Block #26:           0xa9f2a715ad9b7f2af5cb1658f642bfc7aa52a908fc5ff5ee7f90fb585b8487b3

[32meth_chainId[0m
[32meth_getTransactionByHash[0m
[32meth_chainId[0m
[32meth_getTransactionReceipt[0m
[32meth_chainId[0m
[32meth_accounts[0m
[32meth_accounts (2)[0m
[32meth_accounts (3)[0m
[32meth_chainId[0m
[32meth_call[0m
  Contract call:       LayeredChallenge#getStepNumber
  From:                0xf39fd6e51aad88f6f4ce6ab8827279cfffb92266
  To:                  0xe7f1725e7734ce288f8367e1bb143e90bb3f0512

[32meth_chainId[0m
[32meth_call[0m
  Contract call:       LayeredChallenge#getCurrentLayer
  From:                0xf39fd6e51aad88f6f4ce6ab8827279cfffb92266
  To:                  0xe7f1725e7734ce288f8367e1bb143e90bb3f0512

[32meth_chainId[0m
[32meth_call[0m
  Contract call:       LayeredChallenge#getNodeID
  From:                0xf39fd6e51aad88f6f4ce6ab8827279cfffb92266
  To:                  0xe7f1725e7734ce288f8367e1bb143e90bb3f0512

[32meth_chainId[0m
[32meth_call[0m
  Contract call:       LayeredChallenge#isSearching
  From:                0xf39fd6e51aad88f6f4ce6ab8827279cfffb92266
  To:                  0xe7f1725e7734ce288f8367e1bb143e90bb3f0512

[32meth_chainId[0m
[32meth_call[0m
  Contract call:       LayeredChallenge#getProposedState
  From:                0xf39fd6e51aad88f6f4ce6ab8827279cfffb92266
  To:                  0xe7f1725e7734ce288f8367e1bb143e90bb3f0512

[32meth_chainId[0m
[32meth_accounts[0m
[32meth_accounts (2)[0m
[32meth_accounts (3)[0m
[32meth_chainId[0m
[32meth_call[0m
  Contract call:       LayeredChallenge#getStepNumber
  From:                0xf39fd6e51aad88f6f4ce6ab8827279cfffb92266
  To:                  0xe7f1725e7734ce288f8367e1bb143e90bb3f0512

[32meth_chainId[0m
[32meth_call[0m
  Contract call:       LayeredChallenge#getCurrentLayer
  From:                0xf39fd6e51aad88f6f4ce6ab8827279cfffb92266
  To:                  0xe7f1725e7734ce288f8367e1bb143e90bb3f0512

[32meth_chainId[0m
[32meth_call[0m
  Contract call:       LayeredChallenge#getNodeID
  From:                0xf39fd6e51aad88f6f4ce6ab8827279cfffb92266
  To:                  0xe7f1725e7734ce288f8367e1bb143e90bb3f0512

[32meth_chainId[0m
[32meth_call[0m
  Contract call:       LayeredChallenge#isSearching
  From:                0xf39fd6e51aad88f6f4ce6ab8827279cfffb92266
  To:                  0xe7f1725e7734ce288f8367e1bb143e90bb3f0512

[32meth_chainId[0m
[32meth_call[0m
  Contract call:       LayeredChallenge#getProposedState
  From:                0xf39fd6e51aad88f6f4ce6ab8827279cfffb92266
  To:                  0xe7f1725e7734ce288f8367e1bb143e90bb3f0512

[32meth_blockNumber[0m
[32meth_chainId[0m
[32meth_chainId (2)[0m
[32meth_estimateGas[0m
[32meth_getBlockByNumber[0m
[32meth_feeHistory[0m
[32meth_sendTransaction[0m
  Contract call:       LayeredChallenge#proposeState
  Transaction:         0xa33ba6750bc3e7f0ed94a9cf757b779488e568d1fd9fe61688c67be844d52646
  From:                0xf39fd6e51aad88f6f4ce6ab8827279cfffb92266
  To:                  0xe7f1725e7734ce288f8367e1bb143e90bb3f0512
  Value:               0 ETH
  Gas used:            54475 of 54475
  Block #27:           0x13793124d3fb265d63d76a0c57d74cbe8fc791c06216afab16236be086a3939a

[32meth_chainId[0m
[32meth_getTransactionByHash[0m
[32meth_chainId[0m
[32meth_getTransactionReceipt[0m
[32meth_chainId[0m
[32meth_accounts[0m
[32meth_accounts (2)[0m
[32meth_accounts (3)[0m
[32meth_chainId[0m
[32meth_call[0m
  Contract call:       LayeredChallenge#getStepNumber
  From:                0xf39fd6e51aad88f6f4ce6ab8827279cfffb92266
  To:                  0xe7f1725e7734ce288f8367e1bb143e90bb3f0512

[32meth_chainId[0m
[32meth_call[0m
  Contract call:       LayeredChallenge#getCurrentLayer
  From:                0xf39fd6e51aad88f6f4ce6ab8827279cfffb92266
  To:                  0xe7f1725e7734ce288f8367e1bb143e90bb3f0512

[32meth_chainId[0m
[32meth_call[0m
  Contract call:       LayeredChallenge#getNodeID
  From:                0xf39fd6e51aad88f6f4ce6ab8827279cfffb92266
  To:                  0xe7f1725e7734ce288f8367e1bb143e90bb3f0512

[32meth_chainId[0m
[32meth_call[0m
  Contract call:       LayeredChallenge#isSearching
  From:                0xf39fd6e51aad88f6f4ce6ab8827279cfffb92266
  To:                  0xe7f1725e7734ce288f8367e1bb143e90bb3f0512

[32meth_chainId[0m
[32meth_call[0m
  Contract call:       LayeredChallenge#getProposedState
  From:                0xf39fd6e51aad88f6f4ce6ab8827279cfffb92266
  To:                  0xe7f1725e7734ce288f8367e1bb143e90bb3f0512

[32meth_blockNumber[0m
[32meth_chainId[0m
[32meth_chainId (2)[0m
[32meth_estimateGas[0m
[32meth_getBlockByNumber[0m
[32meth_feeHistory[0m
[32meth_sendTransaction[0m
  Contract call:       LayeredChallenge#respondState
  Transaction:         0x4e46f7c5835f432f350784a253cc73741110362c6fa93561d6130d4d8eb4d43d
  From:                0xf39fd6e51aad88f6f4ce6ab8827279cfffb92266
  To:                  0xe7f1725e7734ce288f8367e1bb143e90bb3f0512
  Value:               0 ETH
  Gas used:            77537 of 77537
  Block #28:           0x7e108f4b4cd32ec591d7a6abe7806d5f8376c5b7f136187089910e709ed62f4a

[32meth_chainId[0m
[32meth_getTransactionByHash[0m
[32meth_chainId[0m
[32meth_getTransactionReceipt[0m
[32meth_chainId[0m
[32meth_accounts[0m
[32meth_accounts (2)[0m
[32meth_accounts (3)[0m
[32meth_chainId[0m
[32meth_call[0m
  Contract call:       LayeredChallenge#getStepNumber
  From:                0xf39fd6e51aad88f6f4ce6ab8827279cfffb92266
  To:                  0xe7f1725e7734ce288f8367e1bb143e90bb3f0512

[32meth_chainId[0m
[32meth_call[0m
  Contract call:       LayeredChallenge#getCurrentLayer
  From:                0xf39fd6e51aad88f6f4ce6ab8827279cfffb92266
  To:                  0xe7f1725e7734ce288f8367e1bb143e90bb3f0512

[32meth_chainId[0m
[32meth_call[0m
  Contract call:       LayeredChallenge#getNodeID
  From:                0xf39fd6e51aad88f6f4ce6ab8827279cfffb92266
  To:                  0xe7f1725e7734ce288f8367e1bb143e90bb3f0512

[32meth_chainId[0m
[32meth_call[0m
  Contract call:       LayeredChallenge#isSearching
  From:                0xf39fd6e51aad88f6f4ce6ab8827279cfffb92266
  To:                  0xe7f1725e7734ce288f8367e1bb143e90bb3f0512

[32meth_chainId[0m
[32meth_call[0m
  Contract call:       LayeredChallenge#getProposedState
  From:                0xf39fd6e51aad88f6f4ce6ab8827279cfffb92266
  To:                  0xe7f1725e7734ce288f8367e1bb143e90bb3f0512

[32meth_blockNumber[0m
[32meth_chainId[0m
[32meth_chainId (2)[0m
[32meth_estimateGas[0m
[32meth_getBlockByNumber[0m
[32meth_feeHistory[0m
[32meth_sendTransaction[0m
  Contract call:       LayeredChallenge#proposeState
  Transaction:         0x21abeaab12db89f4380c8ff7c20d4a430c757e5da93c75e0bef4660391083053
  From:                0xf39fd6e51aad88f6f4ce6ab8827279cfffb92266
  To:                  0xe7f1725e7734ce288f8367e1bb143e90bb3f0512
  Value:               0 ETH
  Gas used:            54463 of 54463
  Block #29:           0xe48b4fc7846174bea08ce3798d64eacc1e137b143556e41b6aedd7919385a60c

[32meth_chainId[0m
[32meth_getTransactionByHash[0m
[32meth_chainId[0m
[32meth_getTransactionReceipt[0m
[32meth_chainId[0m
[32meth_accounts[0m
[32meth_accounts (2)[0m
[32meth_accounts (3)[0m
[32meth_chainId[0m
[32meth_call[0m
  Contract call:       LayeredChallenge#getStepNumber
  From:                0xf39fd6e51aad88f6f4ce6ab8827279cfffb92266
  To:                  0xe7f1725e7734ce288f8367e1bb143e90bb3f0512

[32meth_chainId[0m
[32meth_call[0m
  Contract call:       LayeredChallenge#getCurrentLayer
  From:                0xf39fd6e51aad88f6f4ce6ab8827279cfffb92266
  To:                  0xe7f1725e7734ce288f8367e1bb143e90bb3f0512

[32meth_chainId[0m
[32meth_call[0m
  Contract call:       LayeredChallenge#getNodeID
  From:                0xf39fd6e51aad88f6f4ce6ab8827279cfffb92266
  To:                  0xe7f1725e7734ce288f8367e1bb143e90bb3f0512

[32meth_chainId[0m
[32meth_call[0m
  Contract call:       LayeredChallenge#isSearching
  From:                0xf39fd6e51aad88f6f4ce6ab8827279cfffb92266
  To:                  0xe7f1725e7734ce288f8367e1bb143e90bb3f0512

[32meth_chainId[0m
[32meth_call[0m
  Contract call:       LayeredChallenge#getProposedState
  From:                0xf39fd6e51aad88f6f4ce6ab8827279cfffb92266
  To:                  0xe7f1725e7734ce288f8367e1bb143e90bb3f0512

[32meth_blockNumber[0m
[32meth_chainId[0m
[32meth_chainId (2)[0m
[32meth_estimateGas[0m
[32meth_getBlockByNumber[0m
[32meth_feeHistory[0m
[32meth_sendTransaction[0m
  Contract call:       LayeredChallenge#respondState
  Transaction:         0x1e3313f93f4f2a839ea80947e79d0ae8df87d0b71eca24b4082a3d02fcfc9de2
  From:                0xf39fd6e51aad88f6f4ce6ab8827279cfffb92266
  To:                  0xe7f1725e7734ce288f8367e1bb143e90bb3f0512
  Value:               0 ETH
  Gas used:            60425 of 60425
  Block #30:           0xc19b70709901e9eea2f8a801ea7ace0946b3f55f80dcd6365a05bdda8c08dfa7

[32meth_chainId[0m
[32meth_getTransactionByHash[0m
[32meth_chainId[0m
[32meth_getTransactionReceipt[0m
[32meth_chainId[0m
[32meth_accounts[0m
[32meth_accounts (2)[0m
[32meth_accounts (3)[0m
[32meth_chainId[0m
[32meth_call[0m
  Contract call:       LayeredChallenge#getStepNumber
  From:                0xf39fd6e51aad88f6f4ce6ab8827279cfffb92266
  To:                  0xe7f1725e7734ce288f8367e1bb143e90bb3f0512

[32meth_chainId[0m
[32meth_call[0m
  Contract call:       LayeredChallenge#getCurrentLayer
  From:                0xf39fd6e51aad88f6f4ce6ab8827279cfffb92266
  To:                  0xe7f1725e7734ce288f8367e1bb143e90bb3f0512

[32meth_chainId[0m
[32meth_call[0m
  Contract call:       LayeredChallenge#getNodeID
  From:                0xf39fd6e51aad88f6f4ce6ab8827279cfffb92266
  To:                  0xe7f1725e7734ce288f8367e1bb143e90bb3f0512

[32meth_chainId[0m
[32meth_call[0m
  Contract call:       LayeredChallenge#isSearching
  From:                0xf39fd6e51aad88f6f4ce6ab8827279cfffb92266
  To:                  0xe7f1725e7734ce288f8367e1bb143e90bb3f0512

[32meth_chainId[0m
[32meth_call[0m
  Contract call:       LayeredChallenge#getProposedState
  From:                0xf39fd6e51aad88f6f4ce6ab8827279cfffb92266
  To:                  0xe7f1725e7734ce288f8367e1bb143e90bb3f0512

[32meth_blockNumber[0m
[32meth_chainId[0m
[32meth_chainId (2)[0m
[32meth_estimateGas[0m
[32meth_getBlockByNumber[0m
[32meth_feeHistory[0m
[32meth_sendTransaction[0m
  Contract call:       LayeredChallenge#proposeState
  Transaction:         0x519b7a6aeb6ad0e2f3d7be4e896ac8dc744bc331b6c06d95fae1605a483b5cf1
  From:                0xf39fd6e51aad88f6f4ce6ab8827279cfffb92266
  To:                  0xe7f1725e7734ce288f8367e1bb143e90bb3f0512
  Value:               0 ETH
  Gas used:            54475 of 54475
  Block #31:           0xfb0203371a594ea1b4078dcfc70087f733f1de7c28c040f684e169a1d2024571

[32meth_chainId[0m
[32meth_getTransactionByHash[0m
[32meth_chainId[0m
[32meth_getTransactionReceipt[0m
[32meth_chainId[0m
[32meth_accounts[0m
[32meth_accounts (2)[0m
[32meth_accounts (3)[0m
[32meth_chainId[0m
[32meth_call[0m
  Contract call:       LayeredChallenge#getStepNumber
  From:                0xf39fd6e51aad88f6f4ce6ab8827279cfffb92266
  To:                  0xe7f1725e7734ce288f8367e1bb143e90bb3f0512

[32meth_chainId[0m
[32meth_call[0m
  Contract call:       LayeredChallenge#getCurrentLayer
  From:                0xf39fd6e51aad88f6f4ce6ab8827279cfffb92266
  To:                  0xe7f1725e7734ce288f8367e1bb143e90bb3f0512

[32meth_chainId[0m
[32meth_call[0m
  Contract call:       LayeredChallenge#getNodeID
  From:                0xf39fd6e51aad88f6f4ce6ab8827279cfffb92266
  To:                  0xe7f1725e7734ce288f8367e1bb143e90bb3f0512

[32meth_chainId[0m
[32meth_call[0m
  Contract call:       LayeredChallenge#isSearching
  From:                0xf39fd6e51aad88f6f4ce6ab8827279cfffb92266
  To:                  0xe7f1725e7734ce288f8367e1bb143e90bb3f0512

[32meth_chainId[0m
[32meth_call[0m
  Contract call:       LayeredChallenge#getProposedState
  From:                0xf39fd6e51aad88f6f4ce6ab8827279cfffb92266
  To:                  0xe7f1725e7734ce288f8367e1bb143e90bb3f0512

[32meth_blockNumber[0m
[32meth_chainId[0m
[32meth_chainId (2)[0m
[32meth_estimateGas[0m
[32meth_getBlockByNumber[0m
[32meth_feeHistory[0m
[32meth_sendTransaction[0m
  Contract call:       LayeredChallenge#respondState
  Transaction:         0xeddba0ae97f41be9c1187a634a8200450490346ccd5e44b4dd26560887dd1058
  From:                0xf39fd6e51aad88f6f4ce6ab8827279cfffb92266
  To:                  0xe7f1725e7734ce288f8367e1bb143e90bb3f0512
  Value:               0 ETH
  Gas used:            60437 of 60437
  Block #32:           0xf7f2dd29a7d12cda0b1606b4ce1c8726cac1faf030cda23f4164a1fe7ccef76c

[32meth_chainId[0m
[32meth_getTransactionByHash[0m
[32meth_chainId[0m
[32meth_getTransactionReceipt[0m
[32meth_chainId[0m
[32meth_accounts[0m
[32meth_accounts (2)[0m
[32meth_accounts (3)[0m
[32meth_chainId[0m
[32meth_call[0m
  Contract call:       LayeredChallenge#getStepNumber
  From:                0xf39fd6e51aad88f6f4ce6ab8827279cfffb92266
  To:                  0xe7f1725e7734ce288f8367e1bb143e90bb3f0512

[32meth_chainId[0m
[32meth_call[0m
  Contract call:       LayeredChallenge#getCurrentLayer
  From:                0xf39fd6e51aad88f6f4ce6ab8827279cfffb92266
  To:                  0xe7f1725e7734ce288f8367e1bb143e90bb3f0512

[32meth_chainId[0m
[32meth_call[0m
  Contract call:       LayeredChallenge#getNodeID
  From:                0xf39fd6e51aad88f6f4ce6ab8827279cfffb92266
  To:                  0xe7f1725e7734ce288f8367e1bb143e90bb3f0512

[32meth_chainId[0m
[32meth_call[0m
  Contract call:       LayeredChallenge#isSearching
  From:                0xf39fd6e51aad88f6f4ce6ab8827279cfffb92266
  To:                  0xe7f1725e7734ce288f8367e1bb143e90bb3f0512

[32meth_chainId[0m
[32meth_call[0m
  Contract call:       LayeredChallenge#getProposedState
  From:                0xf39fd6e51aad88f6f4ce6ab8827279cfffb92266
  To:                  0xe7f1725e7734ce288f8367e1bb143e90bb3f0512

[32meth_blockNumber[0m
[32meth_chainId[0m
[32meth_chainId (2)[0m
[32meth_estimateGas[0m
[32meth_getBlockByNumber[0m
[32meth_feeHistory[0m
[32meth_sendTransaction[0m
  Contract call:       LayeredChallenge#proposeState
  Transaction:         0x551026125e4ddef440e9df6dfb0fad8cfa1cecc50df4a26bda1b870093a6bf88
  From:                0xf39fd6e51aad88f6f4ce6ab8827279cfffb92266
  To:                  0xe7f1725e7734ce288f8367e1bb143e90bb3f0512
  Value:               0 ETH
  Gas used:            54475 of 54475
  Block #33:           0x1673540042d0dc03f49aa151de52b0570e2c5b7bc3a7d311c9a72d53c5fb1680

[32meth_chainId[0m
[32meth_getTransactionByHash[0m
[32meth_chainId[0m
[32meth_getTransactionReceipt[0m
[32meth_chainId[0m
[32meth_accounts[0m
[32meth_accounts (2)[0m
[32meth_accounts (3)[0m
[32meth_chainId[0m
[32meth_call[0m
  Contract call:       LayeredChallenge#getStepNumber
  From:                0xf39fd6e51aad88f6f4ce6ab8827279cfffb92266
  To:                  0xe7f1725e7734ce288f8367e1bb143e90bb3f0512

[32meth_chainId[0m
[32meth_call[0m
  Contract call:       LayeredChallenge#getCurrentLayer
  From:                0xf39fd6e51aad88f6f4ce6ab8827279cfffb92266
  To:                  0xe7f1725e7734ce288f8367e1bb143e90bb3f0512

[32meth_chainId[0m
[32meth_call[0m
  Contract call:       LayeredChallenge#getNodeID
  From:                0xf39fd6e51aad88f6f4ce6ab8827279cfffb92266
  To:                  0xe7f1725e7734ce288f8367e1bb143e90bb3f0512

[32meth_chainId[0m
[32meth_call[0m
  Contract call:       LayeredChallenge#isSearching
  From:                0xf39fd6e51aad88f6f4ce6ab8827279cfffb92266
  To:                  0xe7f1725e7734ce288f8367e1bb143e90bb3f0512

[32meth_chainId[0m
[32meth_call[0m
  Contract call:       LayeredChallenge#getProposedState
  From:                0xf39fd6e51aad88f6f4ce6ab8827279cfffb92266
  To:                  0xe7f1725e7734ce288f8367e1bb143e90bb3f0512

[32meth_blockNumber[0m
[32meth_chainId[0m
[32meth_chainId (2)[0m
[32meth_estimateGas[0m
[32meth_getBlockByNumber[0m
[32meth_feeHistory[0m
[32meth_sendTransaction[0m
  Contract call:       LayeredChallenge#respondState
  Transaction:         0xfbf9293b252a962e1934857192a9ff72fb0cc7bafb333b1f066ce9fafbcfe37f
  From:                0xf39fd6e51aad88f6f4ce6ab8827279cfffb92266
  To:                  0xe7f1725e7734ce288f8367e1bb143e90bb3f0512
  Value:               0 ETH
  Gas used:            60437 of 60437
  Block #34:           0xc0e0428b53351a30ba4c98fb88cbe86743ae918ac774ae6ef861efbabbd6430b

[32meth_chainId[0m
[32meth_getTransactionByHash[0m
[32meth_chainId[0m
[32meth_getTransactionReceipt[0m
[32meth_chainId[0m
[32meth_accounts[0m
[32meth_accounts (2)[0m
[32meth_accounts (3)[0m
[32meth_chainId[0m
[32meth_call[0m
  Contract call:       LayeredChallenge#getStepNumber
  From:                0xf39fd6e51aad88f6f4ce6ab8827279cfffb92266
  To:                  0xe7f1725e7734ce288f8367e1bb143e90bb3f0512

[32meth_chainId[0m
[32meth_call[0m
  Contract call:       LayeredChallenge#getCurrentLayer
  From:                0xf39fd6e51aad88f6f4ce6ab8827279cfffb92266
  To:                  0xe7f1725e7734ce288f8367e1bb143e90bb3f0512

[32meth_chainId[0m
[32meth_call[0m
  Contract call:       LayeredChallenge#getNodeID
  From:                0xf39fd6e51aad88f6f4ce6ab8827279cfffb92266
  To:                  0xe7f1725e7734ce288f8367e1bb143e90bb3f0512

[32meth_chainId[0m
[32meth_call[0m
  Contract call:       LayeredChallenge#isSearching
  From:                0xf39fd6e51aad88f6f4ce6ab8827279cfffb92266
  To:                  0xe7f1725e7734ce288f8367e1bb143e90bb3f0512

[32meth_chainId[0m
[32meth_call[0m
  Contract call:       LayeredChallenge#getProposedState
  From:                0xf39fd6e51aad88f6f4ce6ab8827279cfffb92266
  To:                  0xe7f1725e7734ce288f8367e1bb143e90bb3f0512

[32meth_blockNumber[0m
[32meth_chainId[0m
[32meth_chainId (2)[0m
[32meth_estimateGas[0m
[32meth_getBlockByNumber[0m
[32meth_feeHistory[0m
[32meth_sendTransaction[0m
  Contract call:       LayeredChallenge#proposeState
  Transaction:         0xd2188c2db8d3d398ef4b9cab1d874fc004cb98fe5bf22e03e6804187baf034ba
  From:                0xf39fd6e51aad88f6f4ce6ab8827279cfffb92266
  To:                  0xe7f1725e7734ce288f8367e1bb143e90bb3f0512
  Value:               0 ETH
  Gas used:            54475 of 54475
  Block #35:           0x92d01d3f3c3603d9247f054e1cf8d86e8f006ea3a295307f87ae4331968dc4fe

[32meth_chainId[0m
[32meth_getTransactionByHash[0m
[32meth_chainId[0m
[32meth_getTransactionReceipt[0m
[32meth_chainId[0m
[32meth_accounts[0m
[32meth_accounts (2)[0m
[32meth_accounts (3)[0m
[32meth_chainId[0m
[32meth_call[0m
  Contract call:       LayeredChallenge#getStepNumber
  From:                0xf39fd6e51aad88f6f4ce6ab8827279cfffb92266
  To:                  0xe7f1725e7734ce288f8367e1bb143e90bb3f0512

[32meth_chainId[0m
[32meth_call[0m
  Contract call:       LayeredChallenge#getCurrentLayer
  From:                0xf39fd6e51aad88f6f4ce6ab8827279cfffb92266
  To:                  0xe7f1725e7734ce288f8367e1bb143e90bb3f0512

[32meth_chainId[0m
[32meth_call[0m
  Contract call:       LayeredChallenge#getNodeID
  From:                0xf39fd6e51aad88f6f4ce6ab8827279cfffb92266
  To:                  0xe7f1725e7734ce288f8367e1bb143e90bb3f0512

[32meth_chainId[0m
[32meth_call[0m
  Contract call:       LayeredChallenge#isSearching
  From:                0xf39fd6e51aad88f6f4ce6ab8827279cfffb92266
  To:                  0xe7f1725e7734ce288f8367e1bb143e90bb3f0512

[32meth_chainId[0m
[32meth_call[0m
  Contract call:       LayeredChallenge#getProposedState
  From:                0xf39fd6e51aad88f6f4ce6ab8827279cfffb92266
  To:                  0xe7f1725e7734ce288f8367e1bb143e90bb3f0512

[32meth_blockNumber[0m
[32meth_chainId[0m
[32meth_chainId (2)[0m
[32meth_estimateGas[0m
[32meth_getBlockByNumber[0m
[32meth_feeHistory[0m
[32meth_sendTransaction[0m
  Contract call:       LayeredChallenge#respondState
  Transaction:         0x32cdad79072be193f525c3c3f671720c9ac97c93294a2aad2cf02e9267414240
  From:                0xf39fd6e51aad88f6f4ce6ab8827279cfffb92266
  To:                  0xe7f1725e7734ce288f8367e1bb143e90bb3f0512
  Value:               0 ETH
  Gas used:            60437 of 60437
  Block #36:           0x963aaa135cd6a1714e616c915a040a3e8b5f839966e29e162345898a96a0908a

[32meth_chainId[0m
[32meth_getTransactionByHash[0m
[32meth_chainId[0m
[32meth_getTransactionReceipt[0m
[32meth_chainId[0m
[32meth_accounts[0m
[32meth_accounts (2)[0m
[32meth_accounts (3)[0m
[32meth_chainId[0m
[32meth_call[0m
  Contract call:       LayeredChallenge#getStepNumber
  From:                0xf39fd6e51aad88f6f4ce6ab8827279cfffb92266
  To:                  0xe7f1725e7734ce288f8367e1bb143e90bb3f0512

[32meth_chainId[0m
[32meth_call[0m
  Contract call:       LayeredChallenge#getCurrentLayer
  From:                0xf39fd6e51aad88f6f4ce6ab8827279cfffb92266
  To:                  0xe7f1725e7734ce288f8367e1bb143e90bb3f0512

[32meth_chainId[0m
[32meth_call[0m
  Contract call:       LayeredChallenge#getNodeID
  From:                0xf39fd6e51aad88f6f4ce6ab8827279cfffb92266
  To:                  0xe7f1725e7734ce288f8367e1bb143e90bb3f0512

[32meth_chainId[0m
[32meth_call[0m
  Contract call:       LayeredChallenge#isSearching
  From:                0xf39fd6e51aad88f6f4ce6ab8827279cfffb92266
  To:                  0xe7f1725e7734ce288f8367e1bb143e90bb3f0512

[32meth_chainId[0m
[32meth_call[0m
  Contract call:       LayeredChallenge#getProposedState
  From:                0xf39fd6e51aad88f6f4ce6ab8827279cfffb92266
  To:                  0xe7f1725e7734ce288f8367e1bb143e90bb3f0512

[32meth_blockNumber[0m
[32meth_chainId[0m
[32meth_chainId (2)[0m
[32meth_estimateGas[0m
[32meth_getBlockByNumber[0m
[32meth_feeHistory[0m
[32meth_sendTransaction[0m
  Contract call:       LayeredChallenge#proposeState
  Transaction:         0x7d68b39aea76700681443c99c815d62c472e89847bf6d899907da97e81bbcb34
  From:                0xf39fd6e51aad88f6f4ce6ab8827279cfffb92266
  To:                  0xe7f1725e7734ce288f8367e1bb143e90bb3f0512
  Value:               0 ETH
  Gas used:            54475 of 54475
  Block #37:           0xf8a707196eee19b5e37450b8d4c75cc81d096fe2e68707af8d859e8266f6bccb

[32meth_chainId[0m
[32meth_getTransactionByHash[0m
[32meth_chainId[0m
[32meth_getTransactionReceipt[0m
[32meth_chainId[0m
[32meth_accounts[0m
[32meth_accounts (2)[0m
[32meth_accounts (3)[0m
[32meth_chainId[0m
[32meth_call[0m
  Contract call:       LayeredChallenge#getStepNumber
  From:                0xf39fd6e51aad88f6f4ce6ab8827279cfffb92266
  To:                  0xe7f1725e7734ce288f8367e1bb143e90bb3f0512

[32meth_chainId[0m
[32meth_call[0m
  Contract call:       LayeredChallenge#getCurrentLayer
  From:                0xf39fd6e51aad88f6f4ce6ab8827279cfffb92266
  To:                  0xe7f1725e7734ce288f8367e1bb143e90bb3f0512

[32meth_chainId[0m
[32meth_call[0m
  Contract call:       LayeredChallenge#getNodeID
  From:                0xf39fd6e51aad88f6f4ce6ab8827279cfffb92266
  To:                  0xe7f1725e7734ce288f8367e1bb143e90bb3f0512

[32meth_chainId[0m
[32meth_call[0m
  Contract call:       LayeredChallenge#isSearching
  From:                0xf39fd6e51aad88f6f4ce6ab8827279cfffb92266
  To:                  0xe7f1725e7734ce288f8367e1bb143e90bb3f0512

[32meth_chainId[0m
[32meth_call[0m
  Contract call:       LayeredChallenge#getProposedState
  From:                0xf39fd6e51aad88f6f4ce6ab8827279cfffb92266
  To:                  0xe7f1725e7734ce288f8367e1bb143e90bb3f0512

[32meth_blockNumber[0m
[32meth_chainId[0m
[32meth_chainId (2)[0m
[32meth_estimateGas[0m
[32meth_getBlockByNumber[0m
[32meth_feeHistory[0m
[32meth_sendTransaction[0m
  Contract call:       LayeredChallenge#respondState
  Transaction:         0x0a5727e2011c1e89fefa0353866be8f77cc11f427b2f0062d83c91b582aabddd
  From:                0xf39fd6e51aad88f6f4ce6ab8827279cfffb92266
  To:                  0xe7f1725e7734ce288f8367e1bb143e90bb3f0512
  Value:               0 ETH
  Gas used:            60437 of 60437
  Block #38:           0x31716a623fe7fdcf44f787faa73c014d73263b96153f44356d50d6476813f03e

[32meth_chainId[0m
[32meth_getTransactionByHash[0m
[32meth_chainId[0m
[32meth_getTransactionReceipt[0m
[32meth_chainId[0m
[32meth_accounts[0m
[32meth_accounts (2)[0m
[32meth_accounts (3)[0m
[32meth_chainId[0m
[32meth_call[0m
  Contract call:       LayeredChallenge#getStepNumber
  From:                0xf39fd6e51aad88f6f4ce6ab8827279cfffb92266
  To:                  0xe7f1725e7734ce288f8367e1bb143e90bb3f0512

[32meth_chainId[0m
[32meth_call[0m
  Contract call:       LayeredChallenge#getCurrentLayer
  From:                0xf39fd6e51aad88f6f4ce6ab8827279cfffb92266
  To:                  0xe7f1725e7734ce288f8367e1bb143e90bb3f0512

[32meth_chainId[0m
[32meth_call[0m
  Contract call:       LayeredChallenge#getNodeID
  From:                0xf39fd6e51aad88f6f4ce6ab8827279cfffb92266
  To:                  0xe7f1725e7734ce288f8367e1bb143e90bb3f0512

[32meth_chainId[0m
[32meth_call[0m
  Contract call:       LayeredChallenge#isSearching
  From:                0xf39fd6e51aad88f6f4ce6ab8827279cfffb92266
  To:                  0xe7f1725e7734ce288f8367e1bb143e90bb3f0512

[32meth_chainId[0m
[32meth_call[0m
  Contract call:       LayeredChallenge#getProposedState
  From:                0xf39fd6e51aad88f6f4ce6ab8827279cfffb92266
  To:                  0xe7f1725e7734ce288f8367e1bb143e90bb3f0512

[32meth_blockNumber[0m
[32meth_chainId[0m
[32meth_chainId (2)[0m
[32meth_estimateGas[0m
[32meth_getBlockByNumber[0m
[32meth_feeHistory[0m
[32meth_sendTransaction[0m
  Contract call:       LayeredChallenge#proposeState
  Transaction:         0x7bc89e7f49ba671c5078f3754f220e20de6e1aaf4fd26fa226a02dd684a37d00
  From:                0xf39fd6e51aad88f6f4ce6ab8827279cfffb92266
  To:                  0xe7f1725e7734ce288f8367e1bb143e90bb3f0512
  Value:               0 ETH
  Gas used:            54475 of 54475
  Block #39:           0xa5be55054394faae2f4e3e2c8c5098121e1fb82e3d3dec04272f9e5004bd3196

[32meth_chainId[0m
[32meth_getTransactionByHash[0m
[32meth_chainId[0m
[32meth_getTransactionReceipt[0m
[32meth_chainId[0m
[32meth_accounts[0m
[32meth_accounts (2)[0m
[32meth_accounts (3)[0m
[32meth_chainId[0m
[32meth_call[0m
  Contract call:       LayeredChallenge#getStepNumber
  From:                0xf39fd6e51aad88f6f4ce6ab8827279cfffb92266
  To:                  0xe7f1725e7734ce288f8367e1bb143e90bb3f0512

[32meth_chainId[0m
[32meth_call[0m
  Contract call:       LayeredChallenge#getCurrentLayer
  From:                0xf39fd6e51aad88f6f4ce6ab8827279cfffb92266
  To:                  0xe7f1725e7734ce288f8367e1bb143e90bb3f0512

[32meth_chainId[0m
[32meth_call[0m
  Contract call:       LayeredChallenge#getNodeID
  From:                0xf39fd6e51aad88f6f4ce6ab8827279cfffb92266
  To:                  0xe7f1725e7734ce288f8367e1bb143e90bb3f0512

[32meth_chainId[0m
[32meth_call[0m
  Contract call:       LayeredChallenge#isSearching
  From:                0xf39fd6e51aad88f6f4ce6ab8827279cfffb92266
  To:                  0xe7f1725e7734ce288f8367e1bb143e90bb3f0512

[32meth_chainId[0m
[32meth_call[0m
  Contract call:       LayeredChallenge#getProposedState
  From:                0xf39fd6e51aad88f6f4ce6ab8827279cfffb92266
  To:                  0xe7f1725e7734ce288f8367e1bb143e90bb3f0512

[32meth_blockNumber[0m
[32meth_chainId[0m
[32meth_chainId (2)[0m
[32meth_estimateGas[0m
[32meth_getBlockByNumber[0m
[32meth_feeHistory[0m
[32meth_sendTransaction[0m
  Contract call:       LayeredChallenge#respondState
  Transaction:         0xba2555006de065e9f3ed524309e062bb662fd7ba542a262e84393d6fe4d51292
  From:                0xf39fd6e51aad88f6f4ce6ab8827279cfffb92266
  To:                  0xe7f1725e7734ce288f8367e1bb143e90bb3f0512
  Value:               0 ETH
  Gas used:            60437 of 60437
  Block #40:           0xf4804bb3ee5667310517f202a5552dc300b1b58207d84b647554c2532fefcac7

[32meth_chainId[0m
[32meth_getTransactionByHash[0m
[32meth_chainId[0m
[32meth_getTransactionReceipt[0m
[32meth_chainId[0m
[32meth_accounts[0m
[32meth_accounts (2)[0m
[32meth_accounts (3)[0m
[32meth_chainId[0m
[32meth_call[0m
  Contract call:       LayeredChallenge#getStepNumber
  From:                0xf39fd6e51aad88f6f4ce6ab8827279cfffb92266
  To:                  0xe7f1725e7734ce288f8367e1bb143e90bb3f0512

[32meth_chainId[0m
[32meth_call[0m
  Contract call:       LayeredChallenge#getCurrentLayer
  From:                0xf39fd6e51aad88f6f4ce6ab8827279cfffb92266
  To:                  0xe7f1725e7734ce288f8367e1bb143e90bb3f0512

[32meth_chainId[0m
[32meth_call[0m
  Contract call:       LayeredChallenge#getNodeID
  From:                0xf39fd6e51aad88f6f4ce6ab8827279cfffb92266
  To:                  0xe7f1725e7734ce288f8367e1bb143e90bb3f0512

[32meth_chainId[0m
[32meth_call[0m
  Contract call:       LayeredChallenge#isSearching
  From:                0xf39fd6e51aad88f6f4ce6ab8827279cfffb92266
  To:                  0xe7f1725e7734ce288f8367e1bb143e90bb3f0512

[32meth_chainId[0m
[32meth_call[0m
  Contract call:       LayeredChallenge#getProposedState
  From:                0xf39fd6e51aad88f6f4ce6ab8827279cfffb92266
  To:                  0xe7f1725e7734ce288f8367e1bb143e90bb3f0512

[32meth_blockNumber[0m
[32meth_chainId[0m
[32meth_chainId (2)[0m
[32meth_estimateGas[0m
[32meth_getBlockByNumber[0m
[32meth_feeHistory[0m
[32meth_sendTransaction[0m
  Contract call:       LayeredChallenge#proposeState
  Transaction:         0xef79b8bb604aa59d265588ae821b2d22f006328b93a6c02c7147c93b99d270ab
  From:                0xf39fd6e51aad88f6f4ce6ab8827279cfffb92266
  To:                  0xe7f1725e7734ce288f8367e1bb143e90bb3f0512
  Value:               0 ETH
  Gas used:            54475 of 54475
  Block #41:           0xbfbc39d0b18d61a74ec17b1fcdd7c4af445231b63c504b67fcbf8dc08ae0c411

[32meth_chainId[0m
[32meth_getTransactionByHash[0m
[32meth_chainId[0m
[32meth_getTransactionReceipt[0m
[32meth_chainId[0m
[32meth_accounts[0m
[32meth_accounts (2)[0m
[32meth_accounts (3)[0m
[32meth_chainId[0m
[32meth_call[0m
  Contract call:       LayeredChallenge#getStepNumber
  From:                0xf39fd6e51aad88f6f4ce6ab8827279cfffb92266
  To:                  0xe7f1725e7734ce288f8367e1bb143e90bb3f0512

[32meth_chainId[0m
[32meth_call[0m
  Contract call:       LayeredChallenge#getCurrentLayer
  From:                0xf39fd6e51aad88f6f4ce6ab8827279cfffb92266
  To:                  0xe7f1725e7734ce288f8367e1bb143e90bb3f0512

[32meth_chainId[0m
[32meth_call[0m
  Contract call:       LayeredChallenge#getNodeID
  From:                0xf39fd6e51aad88f6f4ce6ab8827279cfffb92266
  To:                  0xe7f1725e7734ce288f8367e1bb143e90bb3f0512

[32meth_chainId[0m
[32meth_call[0m
  Contract call:       LayeredChallenge#isSearching
  From:                0xf39fd6e51aad88f6f4ce6ab8827279cfffb92266
  To:                  0xe7f1725e7734ce288f8367e1bb143e90bb3f0512

[32meth_chainId[0m
[32meth_call[0m
  Contract call:       LayeredChallenge#getProposedState
  From:                0xf39fd6e51aad88f6f4ce6ab8827279cfffb92266
  To:                  0xe7f1725e7734ce288f8367e1bb143e90bb3f0512

[32meth_blockNumber[0m
[32meth_chainId[0m
[32meth_chainId (2)[0m
[32meth_estimateGas[0m
[32meth_getBlockByNumber[0m
[32meth_feeHistory[0m
[32meth_sendTransaction[0m
  Contract call:       LayeredChallenge#respondState
  Transaction:         0x7d2e32d6e376c14f3bbc7275584c0f9c3ffe6e600442b85aee48cd2d4d5fa22e
  From:                0xf39fd6e51aad88f6f4ce6ab8827279cfffb92266
  To:                  0xe7f1725e7734ce288f8367e1bb143e90bb3f0512
  Value:               0 ETH
  Gas used:            60437 of 60437
  Block #42:           0xc5cef7ae65ffdc0b892ba3c89d7bc28cbb382df8da1a13faf7aaafff9fbbe7cf

[32meth_chainId[0m
[32meth_getTransactionByHash[0m
[32meth_chainId[0m
[32meth_getTransactionReceipt[0m
[32meth_chainId[0m
[32meth_accounts[0m
[32meth_accounts (2)[0m
[32meth_accounts (3)[0m
[32meth_chainId[0m
[32meth_call[0m
  Contract call:       LayeredChallenge#getStepNumber
  From:                0xf39fd6e51aad88f6f4ce6ab8827279cfffb92266
  To:                  0xe7f1725e7734ce288f8367e1bb143e90bb3f0512

[32meth_chainId[0m
[32meth_call[0m
  Contract call:       LayeredChallenge#getCurrentLayer
  From:                0xf39fd6e51aad88f6f4ce6ab8827279cfffb92266
  To:                  0xe7f1725e7734ce288f8367e1bb143e90bb3f0512

[32meth_chainId[0m
[32meth_call[0m
  Contract call:       LayeredChallenge#getNodeID
  From:                0xf39fd6e51aad88f6f4ce6ab8827279cfffb92266
  To:                  0xe7f1725e7734ce288f8367e1bb143e90bb3f0512

[32meth_chainId[0m
[32meth_call[0m
  Contract call:       LayeredChallenge#isSearching
  From:                0xf39fd6e51aad88f6f4ce6ab8827279cfffb92266
  To:                  0xe7f1725e7734ce288f8367e1bb143e90bb3f0512

[32meth_chainId[0m
[32meth_call[0m
  Contract call:       LayeredChallenge#getProposedState
  From:                0xf39fd6e51aad88f6f4ce6ab8827279cfffb92266
  To:                  0xe7f1725e7734ce288f8367e1bb143e90bb3f0512

[32meth_blockNumber[0m
[32meth_chainId[0m
[32meth_chainId (2)[0m
[32meth_estimateGas[0m
[32meth_getBlockByNumber[0m
[32meth_feeHistory[0m
[32meth_sendTransaction[0m
  Contract call:       LayeredChallenge#proposeState
  Transaction:         0x27b8e777b6146ecec663326350b937fa10b17a4036304c6b9660b76db808825a
  From:                0xf39fd6e51aad88f6f4ce6ab8827279cfffb92266
  To:                  0xe7f1725e7734ce288f8367e1bb143e90bb3f0512
  Value:               0 ETH
  Gas used:            54475 of 54475
  Block #43:           0x8fcf15a131ad71abef438f2b3ad54218f3d79c1bfa407d0d9d65614f239086f4

[32meth_chainId[0m
[32meth_getTransactionByHash[0m
[32meth_chainId[0m
[32meth_getTransactionReceipt[0m
[32meth_chainId[0m
[32meth_accounts[0m
[32meth_accounts (2)[0m
[32meth_accounts (3)[0m
[32meth_chainId[0m
[32meth_call[0m
  Contract call:       LayeredChallenge#getStepNumber
  From:                0xf39fd6e51aad88f6f4ce6ab8827279cfffb92266
  To:                  0xe7f1725e7734ce288f8367e1bb143e90bb3f0512

[32meth_chainId[0m
[32meth_call[0m
  Contract call:       LayeredChallenge#getCurrentLayer
  From:                0xf39fd6e51aad88f6f4ce6ab8827279cfffb92266
  To:                  0xe7f1725e7734ce288f8367e1bb143e90bb3f0512

[32meth_chainId[0m
[32meth_call[0m
  Contract call:       LayeredChallenge#getNodeID
  From:                0xf39fd6e51aad88f6f4ce6ab8827279cfffb92266
  To:                  0xe7f1725e7734ce288f8367e1bb143e90bb3f0512

[32meth_chainId[0m
[32meth_call[0m
  Contract call:       LayeredChallenge#isSearching
  From:                0xf39fd6e51aad88f6f4ce6ab8827279cfffb92266
  To:                  0xe7f1725e7734ce288f8367e1bb143e90bb3f0512

[32meth_chainId[0m
[32meth_call[0m
  Contract call:       LayeredChallenge#getProposedState
  From:                0xf39fd6e51aad88f6f4ce6ab8827279cfffb92266
  To:                  0xe7f1725e7734ce288f8367e1bb143e90bb3f0512

[32meth_blockNumber[0m
[32meth_chainId[0m
[32meth_chainId (2)[0m
[32meth_estimateGas[0m
[32meth_getBlockByNumber[0m
[32meth_feeHistory[0m
[32meth_sendTransaction[0m
  Contract call:       LayeredChallenge#respondState
  Transaction:         0xbf9dd79a057666c1a5e9d1bf15af64bf6f45965471bcb7e27027b3a5ba304061
  From:                0xf39fd6e51aad88f6f4ce6ab8827279cfffb92266
  To:                  0xe7f1725e7734ce288f8367e1bb143e90bb3f0512
  Value:               0 ETH
  Gas used:            60437 of 60437
  Block #44:           0x7cbe873b9af109a49b0ecbb0d03865132eee53688471e371ab40e52c932c9393

[32meth_chainId[0m
[32meth_getTransactionByHash[0m
[32meth_chainId[0m
[32meth_getTransactionReceipt[0m
[32meth_chainId[0m
[32meth_accounts[0m
[32meth_accounts (2)[0m
[32meth_accounts (3)[0m
[32meth_chainId[0m
[32meth_call[0m
  Contract call:       LayeredChallenge#getStepNumber
  From:                0xf39fd6e51aad88f6f4ce6ab8827279cfffb92266
  To:                  0xe7f1725e7734ce288f8367e1bb143e90bb3f0512

[32meth_chainId[0m
[32meth_call[0m
  Contract call:       LayeredChallenge#getCurrentLayer
  From:                0xf39fd6e51aad88f6f4ce6ab8827279cfffb92266
  To:                  0xe7f1725e7734ce288f8367e1bb143e90bb3f0512

[32meth_chainId[0m
[32meth_call[0m
  Contract call:       LayeredChallenge#getNodeID
  From:                0xf39fd6e51aad88f6f4ce6ab8827279cfffb92266
  To:                  0xe7f1725e7734ce288f8367e1bb143e90bb3f0512

[32meth_chainId[0m
[32meth_call[0m
  Contract call:       LayeredChallenge#isSearching
  From:                0xf39fd6e51aad88f6f4ce6ab8827279cfffb92266
  To:                  0xe7f1725e7734ce288f8367e1bb143e90bb3f0512

[32meth_chainId[0m
[32meth_call[0m
  Contract call:       LayeredChallenge#getProposedState
  From:                0xf39fd6e51aad88f6f4ce6ab8827279cfffb92266
  To:                  0xe7f1725e7734ce288f8367e1bb143e90bb3f0512

[32meth_blockNumber[0m
[32meth_chainId[0m
[32meth_chainId (2)[0m
[32meth_estimateGas[0m
[32meth_getBlockByNumber[0m
[32meth_feeHistory[0m
[32meth_sendTransaction[0m
  Contract call:       LayeredChallenge#proposeState
  Transaction:         0x28031685910667a0c5e941c2291e55185fa02710208c37bb1bd58063445712dc
  From:                0xf39fd6e51aad88f6f4ce6ab8827279cfffb92266
  To:                  0xe7f1725e7734ce288f8367e1bb143e90bb3f0512
  Value:               0 ETH
  Gas used:            54475 of 54475
  Block #45:           0xfd47e12ad96407bdcc87b608954f2e75f3fc30afc415c6474b2141f0719c2d07

[32meth_chainId[0m
[32meth_getTransactionByHash[0m
[32meth_chainId[0m
[32meth_getTransactionReceipt[0m
[32meth_chainId[0m
[32meth_accounts[0m
[32meth_accounts (2)[0m
[32meth_accounts (3)[0m
[32meth_chainId[0m
[32meth_call[0m
  Contract call:       LayeredChallenge#getStepNumber
  From:                0xf39fd6e51aad88f6f4ce6ab8827279cfffb92266
  To:                  0xe7f1725e7734ce288f8367e1bb143e90bb3f0512

[32meth_chainId[0m
[32meth_call[0m
  Contract call:       LayeredChallenge#getCurrentLayer
  From:                0xf39fd6e51aad88f6f4ce6ab8827279cfffb92266
  To:                  0xe7f1725e7734ce288f8367e1bb143e90bb3f0512

[32meth_chainId[0m
[32meth_call[0m
  Contract call:       LayeredChallenge#getNodeID
  From:                0xf39fd6e51aad88f6f4ce6ab8827279cfffb92266
  To:                  0xe7f1725e7734ce288f8367e1bb143e90bb3f0512

[32meth_chainId[0m
[32meth_call[0m
  Contract call:       LayeredChallenge#isSearching
  From:                0xf39fd6e51aad88f6f4ce6ab8827279cfffb92266
  To:                  0xe7f1725e7734ce288f8367e1bb143e90bb3f0512

[32meth_chainId[0m
[32meth_call[0m
  Contract call:       LayeredChallenge#getProposedState
  From:                0xf39fd6e51aad88f6f4ce6ab8827279cfffb92266
  To:                  0xe7f1725e7734ce288f8367e1bb143e90bb3f0512

[32meth_blockNumber[0m
[32meth_chainId[0m
[32meth_chainId (2)[0m
[32meth_estimateGas[0m
[32meth_getBlockByNumber[0m
[32meth_feeHistory[0m
[32meth_sendTransaction[0m
  Contract call:       LayeredChallenge#respondState
  Transaction:         0xa4fe1d420eb35e05554de910bf050ed8c538e71903f7283059f8c76677cfa7df
  From:                0xf39fd6e51aad88f6f4ce6ab8827279cfffb92266
  To:                  0xe7f1725e7734ce288f8367e1bb143e90bb3f0512
  Value:               0 ETH
  Gas used:            60437 of 60437
  Block #46:           0xa9a43bb4635d6109618232830645f60bfe035d74c9315b5c6dc87c1732bf1cf6

[32meth_chainId[0m
[32meth_getTransactionByHash[0m
[32meth_chainId[0m
[32meth_getTransactionReceipt[0m
[32meth_chainId[0m
[32meth_accounts[0m
[32meth_accounts (2)[0m
[32meth_accounts (3)[0m
[32meth_chainId[0m
[32meth_call[0m
  Contract call:       LayeredChallenge#getStepNumber
  From:                0xf39fd6e51aad88f6f4ce6ab8827279cfffb92266
  To:                  0xe7f1725e7734ce288f8367e1bb143e90bb3f0512

[32meth_chainId[0m
[32meth_call[0m
  Contract call:       LayeredChallenge#getCurrentLayer
  From:                0xf39fd6e51aad88f6f4ce6ab8827279cfffb92266
  To:                  0xe7f1725e7734ce288f8367e1bb143e90bb3f0512

[32meth_chainId[0m
[32meth_call[0m
  Contract call:       LayeredChallenge#getNodeID
  From:                0xf39fd6e51aad88f6f4ce6ab8827279cfffb92266
  To:                  0xe7f1725e7734ce288f8367e1bb143e90bb3f0512

[32meth_chainId[0m
[32meth_call[0m
  Contract call:       LayeredChallenge#isSearching
  From:                0xf39fd6e51aad88f6f4ce6ab8827279cfffb92266
  To:                  0xe7f1725e7734ce288f8367e1bb143e90bb3f0512

[32meth_chainId[0m
[32meth_call[0m
  Contract call:       LayeredChallenge#getProposedState
  From:                0xf39fd6e51aad88f6f4ce6ab8827279cfffb92266
  To:                  0xe7f1725e7734ce288f8367e1bb143e90bb3f0512

[32meth_blockNumber[0m
[32meth_chainId[0m
[32meth_chainId (2)[0m
[32meth_estimateGas[0m
[32meth_getBlockByNumber[0m
[32meth_feeHistory[0m
[32meth_sendTransaction[0m
  Contract call:       LayeredChallenge#proposeState
  Transaction:         0x6d890ab1116cace5a5b162a056f412c3b03cac4c7a03213ab6eee92f489f1e04
  From:                0xf39fd6e51aad88f6f4ce6ab8827279cfffb92266
  To:                  0xe7f1725e7734ce288f8367e1bb143e90bb3f0512
  Value:               0 ETH
  Gas used:            54475 of 54475
  Block #47:           0xab12877753184a10706eb8032750f7bd3759cc5d216822c018a74ebeebac2d1b

[32meth_chainId[0m
[32meth_getTransactionByHash[0m
[32meth_chainId[0m
[32meth_getTransactionReceipt[0m
[32meth_chainId[0m
[32meth_accounts[0m
[32meth_accounts (2)[0m
[32meth_accounts (3)[0m
[32meth_chainId[0m
[32meth_call[0m
  Contract call:       LayeredChallenge#getStepNumber
  From:                0xf39fd6e51aad88f6f4ce6ab8827279cfffb92266
  To:                  0xe7f1725e7734ce288f8367e1bb143e90bb3f0512

[32meth_chainId[0m
[32meth_call[0m
  Contract call:       LayeredChallenge#getCurrentLayer
  From:                0xf39fd6e51aad88f6f4ce6ab8827279cfffb92266
  To:                  0xe7f1725e7734ce288f8367e1bb143e90bb3f0512

[32meth_chainId[0m
[32meth_call[0m
  Contract call:       LayeredChallenge#getNodeID
  From:                0xf39fd6e51aad88f6f4ce6ab8827279cfffb92266
  To:                  0xe7f1725e7734ce288f8367e1bb143e90bb3f0512

[32meth_chainId[0m
[32meth_call[0m
  Contract call:       LayeredChallenge#isSearching
  From:                0xf39fd6e51aad88f6f4ce6ab8827279cfffb92266
  To:                  0xe7f1725e7734ce288f8367e1bb143e90bb3f0512

[32meth_chainId[0m
[32meth_call[0m
  Contract call:       LayeredChallenge#getProposedState
  From:                0xf39fd6e51aad88f6f4ce6ab8827279cfffb92266
  To:                  0xe7f1725e7734ce288f8367e1bb143e90bb3f0512

[32meth_blockNumber[0m
[32meth_chainId[0m
[32meth_chainId (2)[0m
[32meth_estimateGas[0m
[32meth_getBlockByNumber[0m
[32meth_feeHistory[0m
[32meth_sendTransaction[0m
  Contract call:       LayeredChallenge#respondState
  Transaction:         0xf635c2da8c94a9224dca5fb51b5fa53647d74a8265ba9ddc0740410746f13122
  From:                0xf39fd6e51aad88f6f4ce6ab8827279cfffb92266
  To:                  0xe7f1725e7734ce288f8367e1bb143e90bb3f0512
  Value:               0 ETH
  Gas used:            60437 of 60437
  Block #48:           0xd0413a78a18986e47145b9f7307f255dcf239e898968c802064f25dfa6cad931

[32meth_chainId[0m
[32meth_getTransactionByHash[0m
[32meth_chainId[0m
[32meth_getTransactionReceipt[0m
[32meth_chainId[0m
[32meth_accounts[0m
[32meth_accounts (2)[0m
[32meth_accounts (3)[0m
[32meth_chainId[0m
[32meth_call[0m
  Contract call:       LayeredChallenge#getStepNumber
  From:                0xf39fd6e51aad88f6f4ce6ab8827279cfffb92266
  To:                  0xe7f1725e7734ce288f8367e1bb143e90bb3f0512

[32meth_chainId[0m
[32meth_call[0m
  Contract call:       LayeredChallenge#getCurrentLayer
  From:                0xf39fd6e51aad88f6f4ce6ab8827279cfffb92266
  To:                  0xe7f1725e7734ce288f8367e1bb143e90bb3f0512

[32meth_chainId[0m
[32meth_call[0m
  Contract call:       LayeredChallenge#getNodeID
  From:                0xf39fd6e51aad88f6f4ce6ab8827279cfffb92266
  To:                  0xe7f1725e7734ce288f8367e1bb143e90bb3f0512

[32meth_chainId[0m
[32meth_call[0m
  Contract call:       LayeredChallenge#isSearching
  From:                0xf39fd6e51aad88f6f4ce6ab8827279cfffb92266
  To:                  0xe7f1725e7734ce288f8367e1bb143e90bb3f0512

[32meth_chainId[0m
[32meth_call[0m
  Contract call:       LayeredChallenge#getProposedState
  From:                0xf39fd6e51aad88f6f4ce6ab8827279cfffb92266
  To:                  0xe7f1725e7734ce288f8367e1bb143e90bb3f0512

[32meth_blockNumber[0m
[32meth_chainId[0m
[32meth_chainId (2)[0m
[32meth_estimateGas[0m
[32meth_getBlockByNumber[0m
[32meth_feeHistory[0m
[32meth_sendTransaction[0m
  Contract call:       LayeredChallenge#proposeState
  Transaction:         0xa49a4063efd79f19a7e93e292e681b218cbff6fce6b216c669925ef80429906b
  From:                0xf39fd6e51aad88f6f4ce6ab8827279cfffb92266
  To:                  0xe7f1725e7734ce288f8367e1bb143e90bb3f0512
  Value:               0 ETH
  Gas used:            54475 of 54475
  Block #49:           0xa265506b6890607c915c997e74312d4535d0737973c9513482d58bc92b9e1125

[32meth_chainId[0m
[32meth_getTransactionByHash[0m
[32meth_chainId[0m
[32meth_getTransactionReceipt[0m
[32meth_chainId[0m
[32meth_accounts[0m
[32meth_accounts (2)[0m
[32meth_accounts (3)[0m
[32meth_chainId[0m
[32meth_call[0m
  Contract call:       LayeredChallenge#getStepNumber
  From:                0xf39fd6e51aad88f6f4ce6ab8827279cfffb92266
  To:                  0xe7f1725e7734ce288f8367e1bb143e90bb3f0512

[32meth_chainId[0m
[32meth_call[0m
  Contract call:       LayeredChallenge#getCurrentLayer
  From:                0xf39fd6e51aad88f6f4ce6ab8827279cfffb92266
  To:                  0xe7f1725e7734ce288f8367e1bb143e90bb3f0512

[32meth_chainId[0m
[32meth_call[0m
  Contract call:       LayeredChallenge#getNodeID
  From:                0xf39fd6e51aad88f6f4ce6ab8827279cfffb92266
  To:                  0xe7f1725e7734ce288f8367e1bb143e90bb3f0512

[32meth_chainId[0m
[32meth_call[0m
  Contract call:       LayeredChallenge#isSearching
  From:                0xf39fd6e51aad88f6f4ce6ab8827279cfffb92266
  To:                  0xe7f1725e7734ce288f8367e1bb143e90bb3f0512

[32meth_chainId[0m
[32meth_call[0m
  Contract call:       LayeredChallenge#getProposedState
  From:                0xf39fd6e51aad88f6f4ce6ab8827279cfffb92266
  To:                  0xe7f1725e7734ce288f8367e1bb143e90bb3f0512

[32meth_blockNumber[0m
[32meth_chainId[0m
[32meth_chainId (2)[0m
[32meth_estimateGas[0m
[32meth_getBlockByNumber[0m
[32meth_feeHistory[0m
[32meth_sendTransaction[0m
  Contract call:       LayeredChallenge#respondState
  Transaction:         0xf382d5d12225656aa8e3d8a566bf4fa6a7e33be0ab3c14be5fe8e1c9385eb4cc
  From:                0xf39fd6e51aad88f6f4ce6ab8827279cfffb92266
  To:                  0xe7f1725e7734ce288f8367e1bb143e90bb3f0512
  Value:               0 ETH
  Gas used:            60437 of 60437
  Block #50:           0xe7a05adfbb4ebbbd45340b56535b3bc322b2f065887a3de955d26967742fa67f

[32meth_chainId[0m
[32meth_getTransactionByHash[0m
[32meth_chainId[0m
[32meth_getTransactionReceipt[0m
[32meth_chainId[0m
[32meth_accounts[0m
[32meth_accounts (2)[0m
[32meth_accounts (3)[0m
[32meth_chainId[0m
[32meth_call[0m
  Contract call:       LayeredChallenge#getStepNumber
  From:                0xf39fd6e51aad88f6f4ce6ab8827279cfffb92266
  To:                  0xe7f1725e7734ce288f8367e1bb143e90bb3f0512

[32meth_chainId[0m
[32meth_call[0m
  Contract call:       LayeredChallenge#getCurrentLayer
  From:                0xf39fd6e51aad88f6f4ce6ab8827279cfffb92266
  To:                  0xe7f1725e7734ce288f8367e1bb143e90bb3f0512

[32meth_chainId[0m
[32meth_call[0m
  Contract call:       LayeredChallenge#getNodeID
  From:                0xf39fd6e51aad88f6f4ce6ab8827279cfffb92266
  To:                  0xe7f1725e7734ce288f8367e1bb143e90bb3f0512

[32meth_chainId[0m
[32meth_call[0m
  Contract call:       LayeredChallenge#isSearching
  From:                0xf39fd6e51aad88f6f4ce6ab8827279cfffb92266
  To:                  0xe7f1725e7734ce288f8367e1bb143e90bb3f0512

[32meth_chainId[0m
[32meth_call[0m
  Contract call:       LayeredChallenge#getProposedState
  From:                0xf39fd6e51aad88f6f4ce6ab8827279cfffb92266
  To:                  0xe7f1725e7734ce288f8367e1bb143e90bb3f0512

[32meth_blockNumber[0m
[32meth_chainId[0m
[32meth_chainId (2)[0m
[32meth_estimateGas[0m
[32meth_getBlockByNumber[0m
[32meth_feeHistory[0m
[32meth_sendTransaction[0m
  Contract call:       LayeredChallenge#proposeState
  Transaction:         0x6ff98e7b95c8dc2804e9a1cde0a6c846560413cca65a4d69469a4492ee5edaae
  From:                0xf39fd6e51aad88f6f4ce6ab8827279cfffb92266
  To:                  0xe7f1725e7734ce288f8367e1bb143e90bb3f0512
  Value:               0 ETH
  Gas used:            54475 of 54475
  Block #51:           0x1f8e28ea0bdb25d74d675d44004fb894c5d4b3982a1d61afe6b30a8235a4695f

[32meth_chainId[0m
[32meth_getTransactionByHash[0m
[32meth_chainId[0m
[32meth_getTransactionReceipt[0m
[32meth_chainId[0m
[32meth_accounts[0m
[32meth_accounts (2)[0m
[32meth_accounts (3)[0m
[32meth_chainId[0m
[32meth_call[0m
  Contract call:       LayeredChallenge#getStepNumber
  From:                0xf39fd6e51aad88f6f4ce6ab8827279cfffb92266
  To:                  0xe7f1725e7734ce288f8367e1bb143e90bb3f0512

[32meth_chainId[0m
[32meth_call[0m
  Contract call:       LayeredChallenge#getCurrentLayer
  From:                0xf39fd6e51aad88f6f4ce6ab8827279cfffb92266
  To:                  0xe7f1725e7734ce288f8367e1bb143e90bb3f0512

[32meth_chainId[0m
[32meth_call[0m
  Contract call:       LayeredChallenge#getNodeID
  From:                0xf39fd6e51aad88f6f4ce6ab8827279cfffb92266
  To:                  0xe7f1725e7734ce288f8367e1bb143e90bb3f0512

[32meth_chainId[0m
[32meth_call[0m
  Contract call:       LayeredChallenge#isSearching
  From:                0xf39fd6e51aad88f6f4ce6ab8827279cfffb92266
  To:                  0xe7f1725e7734ce288f8367e1bb143e90bb3f0512

[32meth_chainId[0m
[32meth_call[0m
  Contract call:       LayeredChallenge#getProposedState
  From:                0xf39fd6e51aad88f6f4ce6ab8827279cfffb92266
  To:                  0xe7f1725e7734ce288f8367e1bb143e90bb3f0512

[32meth_blockNumber[0m
[32meth_chainId[0m
[32meth_chainId (2)[0m
[32meth_estimateGas[0m
[32meth_getBlockByNumber[0m
[32meth_feeHistory[0m
[32meth_sendTransaction[0m
  Contract call:       LayeredChallenge#respondState
  Transaction:         0x159b552573b1ee3ff1334d7f4e43ed3f30814755cd8c551f39d78bda40b61c0b
  From:                0xf39fd6e51aad88f6f4ce6ab8827279cfffb92266
  To:                  0xe7f1725e7734ce288f8367e1bb143e90bb3f0512
  Value:               0 ETH
  Gas used:            60437 of 60437
  Block #52:           0x7b826107b59f225397c2cb2ffc91e4da26d126f6e4cbb40a0cb37f8bfb5bbc82

[32meth_chainId[0m
[32meth_getTransactionByHash[0m
[32meth_chainId[0m
[32meth_getTransactionReceipt[0m
[32meth_chainId[0m
[32meth_accounts[0m
[32meth_accounts (2)[0m
[32meth_accounts (3)[0m
[32meth_chainId[0m
[32meth_call[0m
  Contract call:       LayeredChallenge#getStepNumber
  From:                0xf39fd6e51aad88f6f4ce6ab8827279cfffb92266
  To:                  0xe7f1725e7734ce288f8367e1bb143e90bb3f0512

[32meth_chainId[0m
[32meth_call[0m
  Contract call:       LayeredChallenge#getCurrentLayer
  From:                0xf39fd6e51aad88f6f4ce6ab8827279cfffb92266
  To:                  0xe7f1725e7734ce288f8367e1bb143e90bb3f0512

[32meth_chainId[0m
[32meth_call[0m
  Contract call:       LayeredChallenge#getNodeID
  From:                0xf39fd6e51aad88f6f4ce6ab8827279cfffb92266
  To:                  0xe7f1725e7734ce288f8367e1bb143e90bb3f0512

[32meth_chainId[0m
[32meth_call[0m
  Contract call:       LayeredChallenge#isSearching
  From:                0xf39fd6e51aad88f6f4ce6ab8827279cfffb92266
  To:                  0xe7f1725e7734ce288f8367e1bb143e90bb3f0512

[32meth_chainId[0m
[32meth_call[0m
  Contract call:       LayeredChallenge#getProposedState
  From:                0xf39fd6e51aad88f6f4ce6ab8827279cfffb92266
  To:                  0xe7f1725e7734ce288f8367e1bb143e90bb3f0512

[32meth_blockNumber[0m
[32meth_chainId[0m
[32meth_chainId (2)[0m
[32meth_estimateGas[0m
[32meth_getBlockByNumber[0m
[32meth_feeHistory[0m
[32meth_sendTransaction[0m
  Contract call:       LayeredChallenge#proposeState
  Transaction:         0x808064b2124934646e17a97752909cb6b8ffe70fc4708c1a8bb34a19d0e18218
  From:                0xf39fd6e51aad88f6f4ce6ab8827279cfffb92266
  To:                  0xe7f1725e7734ce288f8367e1bb143e90bb3f0512
  Value:               0 ETH
  Gas used:            54475 of 54475
  Block #53:           0xca0dc2bd5a5704835109a4e5991c9aec2fd29390a84f033c8729c5622e5738cc

[32meth_chainId[0m
[32meth_getTransactionByHash[0m
[32meth_chainId[0m
[32meth_getTransactionReceipt[0m
[32meth_chainId[0m
[32meth_accounts[0m
[32meth_accounts (2)[0m
[32meth_accounts (3)[0m
[32meth_chainId[0m
[32meth_call[0m
  Contract call:       LayeredChallenge#getStepNumber
  From:                0xf39fd6e51aad88f6f4ce6ab8827279cfffb92266
  To:                  0xe7f1725e7734ce288f8367e1bb143e90bb3f0512

[32meth_chainId[0m
[32meth_call[0m
  Contract call:       LayeredChallenge#getCurrentLayer
  From:                0xf39fd6e51aad88f6f4ce6ab8827279cfffb92266
  To:                  0xe7f1725e7734ce288f8367e1bb143e90bb3f0512

[32meth_chainId[0m
[32meth_call[0m
  Contract call:       LayeredChallenge#getNodeID
  From:                0xf39fd6e51aad88f6f4ce6ab8827279cfffb92266
  To:                  0xe7f1725e7734ce288f8367e1bb143e90bb3f0512

[32meth_chainId[0m
[32meth_call[0m
  Contract call:       LayeredChallenge#isSearching
  From:                0xf39fd6e51aad88f6f4ce6ab8827279cfffb92266
  To:                  0xe7f1725e7734ce288f8367e1bb143e90bb3f0512

[32meth_chainId[0m
[32meth_call[0m
  Contract call:       LayeredChallenge#getProposedState
  From:                0xf39fd6e51aad88f6f4ce6ab8827279cfffb92266
  To:                  0xe7f1725e7734ce288f8367e1bb143e90bb3f0512

[32meth_blockNumber[0m
[32meth_chainId[0m
[32meth_chainId (2)[0m
[32meth_estimateGas[0m
[32meth_getBlockByNumber[0m
[32meth_feeHistory[0m
[32meth_sendTransaction[0m
  Contract call:       LayeredChallenge#respondState
  Transaction:         0x93be76168d1de6272681bef2ee33cbdf891c749e25646c01277e9250b4b2ec9e
  From:                0xf39fd6e51aad88f6f4ce6ab8827279cfffb92266
  To:                  0xe7f1725e7734ce288f8367e1bb143e90bb3f0512
  Value:               0 ETH
  Gas used:            60437 of 60437
  Block #54:           0x911265818ac2e41bb7abfad9f6917473fc7dfb07cdcfd2c638f4f8ebf9ea2211

[32meth_chainId[0m
[32meth_getTransactionByHash[0m
[32meth_chainId[0m
[32meth_getTransactionReceipt[0m
[32meth_chainId[0m
[32meth_accounts[0m
[32meth_accounts (2)[0m
[32meth_accounts (3)[0m
[32meth_chainId[0m
[32meth_call[0m
  Contract call:       LayeredChallenge#getStepNumber
  From:                0xf39fd6e51aad88f6f4ce6ab8827279cfffb92266
  To:                  0xe7f1725e7734ce288f8367e1bb143e90bb3f0512

[32meth_chainId[0m
[32meth_call[0m
  Contract call:       LayeredChallenge#getCurrentLayer
  From:                0xf39fd6e51aad88f6f4ce6ab8827279cfffb92266
  To:                  0xe7f1725e7734ce288f8367e1bb143e90bb3f0512

[32meth_chainId[0m
[32meth_call[0m
  Contract call:       LayeredChallenge#getNodeID
  From:                0xf39fd6e51aad88f6f4ce6ab8827279cfffb92266
  To:                  0xe7f1725e7734ce288f8367e1bb143e90bb3f0512

[32meth_chainId[0m
[32meth_call[0m
  Contract call:       LayeredChallenge#isSearching
  From:                0xf39fd6e51aad88f6f4ce6ab8827279cfffb92266
  To:                  0xe7f1725e7734ce288f8367e1bb143e90bb3f0512

[32meth_chainId[0m
[32meth_call[0m
  Contract call:       LayeredChallenge#getProposedState
  From:                0xf39fd6e51aad88f6f4ce6ab8827279cfffb92266
  To:                  0xe7f1725e7734ce288f8367e1bb143e90bb3f0512

[32meth_blockNumber[0m
[32meth_chainId[0m
[32meth_chainId (2)[0m
[32meth_estimateGas[0m
[32meth_getBlockByNumber[0m
[32meth_feeHistory[0m
[32meth_sendTransaction[0m
  Contract call:       LayeredChallenge#proposeState
  Transaction:         0xdef8e8d0e38f8de4baf90a0692c816a03c721ca8a207d42ea719c9ab5b63f225
  From:                0xf39fd6e51aad88f6f4ce6ab8827279cfffb92266
  To:                  0xe7f1725e7734ce288f8367e1bb143e90bb3f0512
  Value:               0 ETH
  Gas used:            54463 of 54463
  Block #55:           0x4fac15bf78f0ea31c4a498749b7cda2f89dbd0463b27dbd43b2489e1d97f783c

[32meth_chainId[0m
[32meth_getTransactionByHash[0m
[32meth_chainId[0m
[32meth_getTransactionReceipt[0m
[32meth_chainId[0m
[32meth_accounts[0m
[32meth_accounts (2)[0m
[32meth_accounts (3)[0m
[32meth_chainId[0m
[32meth_call[0m
  Contract call:       LayeredChallenge#getStepNumber
  From:                0xf39fd6e51aad88f6f4ce6ab8827279cfffb92266
  To:                  0xe7f1725e7734ce288f8367e1bb143e90bb3f0512

[32meth_chainId[0m
[32meth_call[0m
  Contract call:       LayeredChallenge#getCurrentLayer
  From:                0xf39fd6e51aad88f6f4ce6ab8827279cfffb92266
  To:                  0xe7f1725e7734ce288f8367e1bb143e90bb3f0512

[32meth_chainId[0m
[32meth_call[0m
  Contract call:       LayeredChallenge#getNodeID
  From:                0xf39fd6e51aad88f6f4ce6ab8827279cfffb92266
  To:                  0xe7f1725e7734ce288f8367e1bb143e90bb3f0512

[32meth_chainId[0m
[32meth_call[0m
  Contract call:       LayeredChallenge#isSearching
  From:                0xf39fd6e51aad88f6f4ce6ab8827279cfffb92266
  To:                  0xe7f1725e7734ce288f8367e1bb143e90bb3f0512

[32meth_chainId[0m
[32meth_call[0m
  Contract call:       LayeredChallenge#getProposedState
  From:                0xf39fd6e51aad88f6f4ce6ab8827279cfffb92266
  To:                  0xe7f1725e7734ce288f8367e1bb143e90bb3f0512

[32meth_blockNumber[0m
[32meth_chainId[0m
[32meth_chainId (2)[0m
[32meth_estimateGas[0m
[32meth_getBlockByNumber[0m
[32meth_feeHistory[0m
[32meth_sendTransaction[0m
  Contract call:       LayeredChallenge#respondState
  Transaction:         0xc42acfef0878626accd2311f8035a1e43a9adecf1e50b689cac6f9c42e962496
  From:                0xf39fd6e51aad88f6f4ce6ab8827279cfffb92266
  To:                  0xe7f1725e7734ce288f8367e1bb143e90bb3f0512
  Value:               0 ETH
  Gas used:            60425 of 60425
  Block #56:           0xf44e84764785a6c8eb049bcd9a0318db4a4de19b1e21df7ef9893ab8c94c7c13

[32meth_chainId[0m
[32meth_getTransactionByHash[0m
[32meth_chainId[0m
[32meth_getTransactionReceipt[0m
[32meth_chainId[0m
[32meth_accounts[0m
[32meth_accounts (2)[0m
[32meth_accounts (3)[0m
[32meth_chainId[0m
[32meth_call[0m
  Contract call:       LayeredChallenge#getStepNumber
  From:                0xf39fd6e51aad88f6f4ce6ab8827279cfffb92266
  To:                  0xe7f1725e7734ce288f8367e1bb143e90bb3f0512

[32meth_chainId[0m
[32meth_call[0m
  Contract call:       LayeredChallenge#getCurrentLayer
  From:                0xf39fd6e51aad88f6f4ce6ab8827279cfffb92266
  To:                  0xe7f1725e7734ce288f8367e1bb143e90bb3f0512

[32meth_chainId[0m
[32meth_call[0m
  Contract call:       LayeredChallenge#getNodeID
  From:                0xf39fd6e51aad88f6f4ce6ab8827279cfffb92266
  To:                  0xe7f1725e7734ce288f8367e1bb143e90bb3f0512

[32meth_chainId[0m
[32meth_call[0m
  Contract call:       LayeredChallenge#isSearching
  From:                0xf39fd6e51aad88f6f4ce6ab8827279cfffb92266
  To:                  0xe7f1725e7734ce288f8367e1bb143e90bb3f0512

[32meth_chainId[0m
[32meth_call[0m
  Contract call:       LayeredChallenge#getProposedState
  From:                0xf39fd6e51aad88f6f4ce6ab8827279cfffb92266
  To:                  0xe7f1725e7734ce288f8367e1bb143e90bb3f0512

[32meth_blockNumber[0m
[32meth_chainId[0m
[32meth_chainId (2)[0m
[32meth_estimateGas[0m
[32meth_getBlockByNumber[0m
[32meth_feeHistory[0m
[32meth_sendTransaction[0m
  Contract call:       LayeredChallenge#proposeState
  Transaction:         0x09ca9418616115ad9fa676761a7608dd0680d7eba3e6e08d60157a1bc73875ce
  From:                0xf39fd6e51aad88f6f4ce6ab8827279cfffb92266
  To:                  0xe7f1725e7734ce288f8367e1bb143e90bb3f0512
  Value:               0 ETH
  Gas used:            54475 of 54475
  Block #57:           0xcbffc11273ac9dfc75dda92bfc603d7260e7025522e43cda1c9da90e13ad8aee

[32meth_chainId[0m
[32meth_getTransactionByHash[0m
[32meth_chainId[0m
[32meth_getTransactionReceipt[0m
[32meth_chainId[0m
[32meth_accounts[0m
[32meth_accounts (2)[0m
[32meth_accounts (3)[0m
[32meth_chainId[0m
[32meth_call[0m
  Contract call:       LayeredChallenge#getStepNumber
  From:                0xf39fd6e51aad88f6f4ce6ab8827279cfffb92266
  To:                  0xe7f1725e7734ce288f8367e1bb143e90bb3f0512

[32meth_chainId[0m
[32meth_call[0m
  Contract call:       LayeredChallenge#getCurrentLayer
  From:                0xf39fd6e51aad88f6f4ce6ab8827279cfffb92266
  To:                  0xe7f1725e7734ce288f8367e1bb143e90bb3f0512

[32meth_chainId[0m
[32meth_call[0m
  Contract call:       LayeredChallenge#getNodeID
  From:                0xf39fd6e51aad88f6f4ce6ab8827279cfffb92266
  To:                  0xe7f1725e7734ce288f8367e1bb143e90bb3f0512

[32meth_chainId[0m
[32meth_call[0m
  Contract call:       LayeredChallenge#isSearching
  From:                0xf39fd6e51aad88f6f4ce6ab8827279cfffb92266
  To:                  0xe7f1725e7734ce288f8367e1bb143e90bb3f0512

[32meth_chainId[0m
[32meth_call[0m
  Contract call:       LayeredChallenge#getProposedState
  From:                0xf39fd6e51aad88f6f4ce6ab8827279cfffb92266
  To:                  0xe7f1725e7734ce288f8367e1bb143e90bb3f0512

[32meth_blockNumber[0m
[32meth_chainId[0m
[32meth_chainId (2)[0m
[32meth_estimateGas[0m
[32meth_getBlockByNumber[0m
[32meth_feeHistory[0m
[32meth_sendTransaction[0m
  Contract call:       LayeredChallenge#respondState
  Transaction:         0x2bc92e0f6e8bb8a51bf2525fa25e1092f8685b2a1e9c65cb823cedad4dbc06da
  From:                0xf39fd6e51aad88f6f4ce6ab8827279cfffb92266
  To:                  0xe7f1725e7734ce288f8367e1bb143e90bb3f0512
  Value:               0 ETH
  Gas used:            60437 of 60437
  Block #58:           0x29fa35a7526329d6975d090beb575fc73eb640f5c3103a1d7da27820beaf58e0

[32meth_chainId[0m
[32meth_getTransactionByHash[0m
[32meth_chainId[0m
[32meth_getTransactionReceipt[0m
[32meth_chainId[0m
[32meth_accounts[0m
[32meth_accounts (2)[0m
[32meth_accounts (3)[0m
[32meth_chainId[0m
[32meth_call[0m
  Contract call:       LayeredChallenge#getStepNumber
  From:                0xf39fd6e51aad88f6f4ce6ab8827279cfffb92266
  To:                  0xe7f1725e7734ce288f8367e1bb143e90bb3f0512

[32meth_chainId[0m
[32meth_call[0m
  Contract call:       LayeredChallenge#getCurrentLayer
  From:                0xf39fd6e51aad88f6f4ce6ab8827279cfffb92266
  To:                  0xe7f1725e7734ce288f8367e1bb143e90bb3f0512

[32meth_chainId[0m
[32meth_call[0m
  Contract call:       LayeredChallenge#getNodeID
  From:                0xf39fd6e51aad88f6f4ce6ab8827279cfffb92266
  To:                  0xe7f1725e7734ce288f8367e1bb143e90bb3f0512

[32meth_chainId[0m
[32meth_call[0m
  Contract call:       LayeredChallenge#isSearching
  From:                0xf39fd6e51aad88f6f4ce6ab8827279cfffb92266
  To:                  0xe7f1725e7734ce288f8367e1bb143e90bb3f0512

[32meth_chainId[0m
[32meth_call[0m
  Contract call:       LayeredChallenge#getProposedState
  From:                0xf39fd6e51aad88f6f4ce6ab8827279cfffb92266
  To:                  0xe7f1725e7734ce288f8367e1bb143e90bb3f0512

[32meth_blockNumber[0m
[32meth_chainId[0m
[32meth_chainId (2)[0m
[32meth_estimateGas[0m
[32meth_getBlockByNumber[0m
[32meth_feeHistory[0m
[32meth_sendTransaction[0m
  Contract call:       LayeredChallenge#proposeState
  Transaction:         0x75a304277a8ab152ee52b922e101d70a1125d6ffbd62797d87eb15283a815d09
  From:                0xf39fd6e51aad88f6f4ce6ab8827279cfffb92266
  To:                  0xe7f1725e7734ce288f8367e1bb143e90bb3f0512
  Value:               0 ETH
  Gas used:            54475 of 54475
  Block #59:           0xc792277b4e96599108119d751953d86d8f7c88a1ad71ffa209b602e10151e316

[32meth_chainId[0m
[32meth_getTransactionByHash[0m
[32meth_chainId[0m
[32meth_getTransactionReceipt[0m
[32meth_chainId[0m
[32meth_accounts[0m
[32meth_accounts (2)[0m
[32meth_accounts (3)[0m
[32meth_chainId[0m
[32meth_call[0m
  Contract call:       LayeredChallenge#getStepNumber
  From:                0xf39fd6e51aad88f6f4ce6ab8827279cfffb92266
  To:                  0xe7f1725e7734ce288f8367e1bb143e90bb3f0512

[32meth_chainId[0m
[32meth_call[0m
  Contract call:       LayeredChallenge#getCurrentLayer
  From:                0xf39fd6e51aad88f6f4ce6ab8827279cfffb92266
  To:                  0xe7f1725e7734ce288f8367e1bb143e90bb3f0512

[32meth_chainId[0m
[32meth_call[0m
  Contract call:       LayeredChallenge#getNodeID
  From:                0xf39fd6e51aad88f6f4ce6ab8827279cfffb92266
  To:                  0xe7f1725e7734ce288f8367e1bb143e90bb3f0512

[32meth_chainId[0m
[32meth_call[0m
  Contract call:       LayeredChallenge#isSearching
  From:                0xf39fd6e51aad88f6f4ce6ab8827279cfffb92266
  To:                  0xe7f1725e7734ce288f8367e1bb143e90bb3f0512

[32meth_chainId[0m
[32meth_call[0m
  Contract call:       LayeredChallenge#getProposedState
  From:                0xf39fd6e51aad88f6f4ce6ab8827279cfffb92266
  To:                  0xe7f1725e7734ce288f8367e1bb143e90bb3f0512

[32meth_blockNumber[0m
[32meth_chainId[0m
[32meth_chainId (2)[0m
[32meth_estimateGas[0m
[32meth_getBlockByNumber[0m
[32meth_feeHistory[0m
[32meth_sendTransaction[0m
  Contract call:       LayeredChallenge#respondState
  Transaction:         0xe6f410519d073676afa08c81d747c1f0abd2896c8208c9603899c20df067ed3e
  From:                0xf39fd6e51aad88f6f4ce6ab8827279cfffb92266
  To:                  0xe7f1725e7734ce288f8367e1bb143e90bb3f0512
  Value:               0 ETH
  Gas used:            60437 of 60437
  Block #60:           0xba101e9242f3bc0040ddad45c4bad05037100b886bcc5b4ed2408889943a5a59

[32meth_chainId[0m
[32meth_getTransactionByHash[0m
[32meth_chainId[0m
[32meth_getTransactionReceipt[0m
[32meth_chainId[0m
[32meth_accounts[0m
[32meth_accounts (2)[0m
[32meth_accounts (3)[0m
[32meth_chainId[0m
[32meth_call[0m
  Contract call:       LayeredChallenge#getStepNumber
  From:                0xf39fd6e51aad88f6f4ce6ab8827279cfffb92266
  To:                  0xe7f1725e7734ce288f8367e1bb143e90bb3f0512

[32meth_chainId[0m
[32meth_call[0m
  Contract call:       LayeredChallenge#getCurrentLayer
  From:                0xf39fd6e51aad88f6f4ce6ab8827279cfffb92266
  To:                  0xe7f1725e7734ce288f8367e1bb143e90bb3f0512

[32meth_chainId[0m
[32meth_call[0m
  Contract call:       LayeredChallenge#getNodeID
  From:                0xf39fd6e51aad88f6f4ce6ab8827279cfffb92266
  To:                  0xe7f1725e7734ce288f8367e1bb143e90bb3f0512

[32meth_chainId[0m
[32meth_call[0m
  Contract call:       LayeredChallenge#isSearching
  From:                0xf39fd6e51aad88f6f4ce6ab8827279cfffb92266
  To:                  0xe7f1725e7734ce288f8367e1bb143e90bb3f0512

[32meth_chainId[0m
[32meth_call[0m
  Contract call:       LayeredChallenge#getProposedState
  From:                0xf39fd6e51aad88f6f4ce6ab8827279cfffb92266
  To:                  0xe7f1725e7734ce288f8367e1bb143e90bb3f0512

[32meth_blockNumber[0m
[32meth_chainId[0m
[32meth_chainId (2)[0m
[32meth_estimateGas[0m
[32meth_getBlockByNumber[0m
[32meth_feeHistory[0m
[32meth_sendTransaction[0m
  Contract call:       LayeredChallenge#proposeState
  Transaction:         0xc4b9a3f22ba514f59269739a0b409d7a130ae2949cd6a94d7ecc91b6b8e0bf14
  From:                0xf39fd6e51aad88f6f4ce6ab8827279cfffb92266
  To:                  0xe7f1725e7734ce288f8367e1bb143e90bb3f0512
  Value:               0 ETH
  Gas used:            54475 of 54475
  Block #61:           0x650228eba8ca222656c0a5471144cc616ddda0ff0812e47c407e8422320e0f22

[32meth_chainId[0m
[32meth_getTransactionByHash[0m
[32meth_chainId[0m
[32meth_getTransactionReceipt[0m
[32meth_chainId[0m
[32meth_accounts[0m
[32meth_accounts (2)[0m
[32meth_accounts (3)[0m
[32meth_chainId[0m
[32meth_call[0m
  Contract call:       LayeredChallenge#getStepNumber
  From:                0xf39fd6e51aad88f6f4ce6ab8827279cfffb92266
  To:                  0xe7f1725e7734ce288f8367e1bb143e90bb3f0512

[32meth_chainId[0m
[32meth_call[0m
  Contract call:       LayeredChallenge#getCurrentLayer
  From:                0xf39fd6e51aad88f6f4ce6ab8827279cfffb92266
  To:                  0xe7f1725e7734ce288f8367e1bb143e90bb3f0512

[32meth_chainId[0m
[32meth_call[0m
  Contract call:       LayeredChallenge#getNodeID
  From:                0xf39fd6e51aad88f6f4ce6ab8827279cfffb92266
  To:                  0xe7f1725e7734ce288f8367e1bb143e90bb3f0512

[32meth_chainId[0m
[32meth_call[0m
  Contract call:       LayeredChallenge#isSearching
  From:                0xf39fd6e51aad88f6f4ce6ab8827279cfffb92266
  To:                  0xe7f1725e7734ce288f8367e1bb143e90bb3f0512

[32meth_chainId[0m
[32meth_call[0m
  Contract call:       LayeredChallenge#getProposedState
  From:                0xf39fd6e51aad88f6f4ce6ab8827279cfffb92266
  To:                  0xe7f1725e7734ce288f8367e1bb143e90bb3f0512

[32meth_blockNumber[0m
[32meth_chainId[0m
[32meth_chainId (2)[0m
[32meth_estimateGas[0m
[32meth_getBlockByNumber[0m
[32meth_feeHistory[0m
[32meth_sendTransaction[0m
  Contract call:       LayeredChallenge#respondState
  Transaction:         0x0096bfdc5e44129028d58a0454a66ff45a4b66b10ab722104c62d4ec47bed0b6
  From:                0xf39fd6e51aad88f6f4ce6ab8827279cfffb92266
  To:                  0xe7f1725e7734ce288f8367e1bb143e90bb3f0512
  Value:               0 ETH
  Gas used:            60437 of 60437
  Block #62:           0x007fbad39255b8c5dd771923e911fbe8bc08c3fbb37f31e368aeb6ec8cb12c4b

[32meth_chainId[0m
[32meth_getTransactionByHash[0m
[32meth_chainId[0m
[32meth_getTransactionReceipt[0m
[32meth_chainId[0m
[32meth_accounts[0m
[32meth_accounts (2)[0m
[32meth_accounts (3)[0m
[32meth_chainId[0m
[32meth_call[0m
  Contract call:       LayeredChallenge#getStepNumber
  From:                0xf39fd6e51aad88f6f4ce6ab8827279cfffb92266
  To:                  0xe7f1725e7734ce288f8367e1bb143e90bb3f0512

[32meth_chainId[0m
[32meth_call[0m
  Contract call:       LayeredChallenge#getCurrentLayer
  From:                0xf39fd6e51aad88f6f4ce6ab8827279cfffb92266
  To:                  0xe7f1725e7734ce288f8367e1bb143e90bb3f0512

[32meth_chainId[0m
[32meth_call[0m
  Contract call:       LayeredChallenge#getNodeID
  From:                0xf39fd6e51aad88f6f4ce6ab8827279cfffb92266
  To:                  0xe7f1725e7734ce288f8367e1bb143e90bb3f0512

[32meth_chainId[0m
[32meth_call[0m
  Contract call:       LayeredChallenge#isSearching
  From:                0xf39fd6e51aad88f6f4ce6ab8827279cfffb92266
  To:                  0xe7f1725e7734ce288f8367e1bb143e90bb3f0512

[32meth_chainId[0m
[32meth_call[0m
  Contract call:       LayeredChallenge#getProposedState
  From:                0xf39fd6e51aad88f6f4ce6ab8827279cfffb92266
  To:                  0xe7f1725e7734ce288f8367e1bb143e90bb3f0512

[32meth_blockNumber[0m
[32meth_chainId[0m
[32meth_chainId (2)[0m
[32meth_estimateGas[0m
[32meth_getBlockByNumber[0m
[32meth_feeHistory[0m
[32meth_sendTransaction[0m
  Contract call:       LayeredChallenge#proposeState
  Transaction:         0xdb55b2be6e4e13fecb0ac76fae452f9938dd8eaa843fd7ad19df719bb8c02943
  From:                0xf39fd6e51aad88f6f4ce6ab8827279cfffb92266
  To:                  0xe7f1725e7734ce288f8367e1bb143e90bb3f0512
  Value:               0 ETH
  Gas used:            54475 of 54475
  Block #63:           0xc37c05b7ec9695f2b660ff0c919b24bff11cc4659ec491e22ecc1e8e1e5e1765

[32meth_chainId[0m
[32meth_getTransactionByHash[0m
[32meth_chainId[0m
[32meth_getTransactionReceipt[0m
[32meth_chainId[0m
[32meth_accounts[0m
[32meth_accounts (2)[0m
[32meth_accounts (3)[0m
[32meth_chainId[0m
[32meth_call[0m
  Contract call:       LayeredChallenge#getStepNumber
  From:                0xf39fd6e51aad88f6f4ce6ab8827279cfffb92266
  To:                  0xe7f1725e7734ce288f8367e1bb143e90bb3f0512

[32meth_chainId[0m
[32meth_call[0m
  Contract call:       LayeredChallenge#getCurrentLayer
  From:                0xf39fd6e51aad88f6f4ce6ab8827279cfffb92266
  To:                  0xe7f1725e7734ce288f8367e1bb143e90bb3f0512

[32meth_chainId[0m
[32meth_call[0m
  Contract call:       LayeredChallenge#getNodeID
  From:                0xf39fd6e51aad88f6f4ce6ab8827279cfffb92266
  To:                  0xe7f1725e7734ce288f8367e1bb143e90bb3f0512

[32meth_chainId[0m
[32meth_call[0m
  Contract call:       LayeredChallenge#isSearching
  From:                0xf39fd6e51aad88f6f4ce6ab8827279cfffb92266
  To:                  0xe7f1725e7734ce288f8367e1bb143e90bb3f0512

[32meth_chainId[0m
[32meth_call[0m
  Contract call:       LayeredChallenge#getProposedState
  From:                0xf39fd6e51aad88f6f4ce6ab8827279cfffb92266
  To:                  0xe7f1725e7734ce288f8367e1bb143e90bb3f0512

[32meth_blockNumber[0m
[32meth_chainId[0m
[32meth_chainId (2)[0m
[32meth_estimateGas[0m
[32meth_getBlockByNumber[0m
[32meth_feeHistory[0m
[32meth_sendTransaction[0m
  Contract call:       LayeredChallenge#respondState
  Transaction:         0x2fe1d84b4ab6b92eb4c458b91e96d1abf9f6c73662d250a7fc47263ebe6fe650
  From:                0xf39fd6e51aad88f6f4ce6ab8827279cfffb92266
  To:                  0xe7f1725e7734ce288f8367e1bb143e90bb3f0512
  Value:               0 ETH
  Gas used:            60437 of 60437
  Block #64:           0xa6bb4597cf73baf5fce4c150a97c5ae7a8e320d578329375110766d9556e063a

[32meth_chainId[0m
[32meth_getTransactionByHash[0m
[32meth_chainId[0m
[32meth_getTransactionReceipt[0m
[32meth_chainId[0m
[32meth_accounts[0m
[32meth_accounts (2)[0m
[32meth_accounts (3)[0m
[32meth_chainId[0m
[32meth_call[0m
  Contract call:       LayeredChallenge#getStepNumber
  From:                0xf39fd6e51aad88f6f4ce6ab8827279cfffb92266
  To:                  0xe7f1725e7734ce288f8367e1bb143e90bb3f0512

[32meth_chainId[0m
[32meth_call[0m
  Contract call:       LayeredChallenge#getCurrentLayer
  From:                0xf39fd6e51aad88f6f4ce6ab8827279cfffb92266
  To:                  0xe7f1725e7734ce288f8367e1bb143e90bb3f0512

[32meth_chainId[0m
[32meth_call[0m
  Contract call:       LayeredChallenge#getNodeID
  From:                0xf39fd6e51aad88f6f4ce6ab8827279cfffb92266
  To:                  0xe7f1725e7734ce288f8367e1bb143e90bb3f0512

[32meth_chainId[0m
[32meth_call[0m
  Contract call:       LayeredChallenge#isSearching
  From:                0xf39fd6e51aad88f6f4ce6ab8827279cfffb92266
  To:                  0xe7f1725e7734ce288f8367e1bb143e90bb3f0512

[32meth_chainId[0m
[32meth_call[0m
  Contract call:       LayeredChallenge#getProposedState
  From:                0xf39fd6e51aad88f6f4ce6ab8827279cfffb92266
  To:                  0xe7f1725e7734ce288f8367e1bb143e90bb3f0512

[32meth_blockNumber[0m
[32meth_chainId[0m
[32meth_chainId (2)[0m
[32meth_estimateGas[0m
[32meth_getBlockByNumber[0m
[32meth_feeHistory[0m
[32meth_sendTransaction[0m
  Contract call:       LayeredChallenge#proposeState
  Transaction:         0x70efdccbf80d7400643201c8868921c8f8b846d3d778fc9289a36c0ab5c0850f
  From:                0xf39fd6e51aad88f6f4ce6ab8827279cfffb92266
  To:                  0xe7f1725e7734ce288f8367e1bb143e90bb3f0512
  Value:               0 ETH
  Gas used:            54475 of 54475
  Block #65:           0xafa1af643f8f18f1536ddac8ece9ac0fdea94911352bc3b7b939d0d7d22e393b

[32meth_chainId[0m
[32meth_getTransactionByHash[0m
[32meth_chainId[0m
[32meth_getTransactionReceipt[0m
[32meth_chainId[0m
[32meth_accounts[0m
[32meth_accounts (2)[0m
[32meth_accounts (3)[0m
[32meth_chainId[0m
[32meth_call[0m
  Contract call:       LayeredChallenge#getStepNumber
  From:                0xf39fd6e51aad88f6f4ce6ab8827279cfffb92266
  To:                  0xe7f1725e7734ce288f8367e1bb143e90bb3f0512

[32meth_chainId[0m
[32meth_call[0m
  Contract call:       LayeredChallenge#getCurrentLayer
  From:                0xf39fd6e51aad88f6f4ce6ab8827279cfffb92266
  To:                  0xe7f1725e7734ce288f8367e1bb143e90bb3f0512

[32meth_chainId[0m
[32meth_call[0m
  Contract call:       LayeredChallenge#getNodeID
  From:                0xf39fd6e51aad88f6f4ce6ab8827279cfffb92266
  To:                  0xe7f1725e7734ce288f8367e1bb143e90bb3f0512

[32meth_chainId[0m
[32meth_call[0m
  Contract call:       LayeredChallenge#isSearching
  From:                0xf39fd6e51aad88f6f4ce6ab8827279cfffb92266
  To:                  0xe7f1725e7734ce288f8367e1bb143e90bb3f0512

[32meth_chainId[0m
[32meth_call[0m
  Contract call:       LayeredChallenge#getProposedState
  From:                0xf39fd6e51aad88f6f4ce6ab8827279cfffb92266
  To:                  0xe7f1725e7734ce288f8367e1bb143e90bb3f0512

[32meth_blockNumber[0m
[32meth_chainId[0m
[32meth_chainId (2)[0m
[32meth_estimateGas[0m
[32meth_getBlockByNumber[0m
[32meth_feeHistory[0m
[32meth_sendTransaction[0m
  Contract call:       LayeredChallenge#respondState
  Transaction:         0x437b89084517db399f8cd63fe6709d4e5837f4f7e03ef6c8f72751935059e35c
  From:                0xf39fd6e51aad88f6f4ce6ab8827279cfffb92266
  To:                  0xe7f1725e7734ce288f8367e1bb143e90bb3f0512
  Value:               0 ETH
  Gas used:            60437 of 60437
  Block #66:           0x6bce637c15bc542a9d48f1f7b4fbf7eb1854522c2d57c4b5072c9d7debf3d3c9

[32meth_chainId[0m
[32meth_getTransactionByHash[0m
[32meth_chainId[0m
[32meth_getTransactionReceipt[0m
[32meth_chainId[0m
[32meth_accounts[0m
[32meth_accounts (2)[0m
[32meth_accounts (3)[0m
[32meth_chainId[0m
[32meth_call[0m
  Contract call:       LayeredChallenge#getStepNumber
  From:                0xf39fd6e51aad88f6f4ce6ab8827279cfffb92266
  To:                  0xe7f1725e7734ce288f8367e1bb143e90bb3f0512

[32meth_chainId[0m
[32meth_call[0m
  Contract call:       LayeredChallenge#getCurrentLayer
  From:                0xf39fd6e51aad88f6f4ce6ab8827279cfffb92266
  To:                  0xe7f1725e7734ce288f8367e1bb143e90bb3f0512

[32meth_chainId[0m
[32meth_call[0m
  Contract call:       LayeredChallenge#getNodeID
  From:                0xf39fd6e51aad88f6f4ce6ab8827279cfffb92266
  To:                  0xe7f1725e7734ce288f8367e1bb143e90bb3f0512

[32meth_chainId[0m
[32meth_call[0m
  Contract call:       LayeredChallenge#isSearching
  From:                0xf39fd6e51aad88f6f4ce6ab8827279cfffb92266
  To:                  0xe7f1725e7734ce288f8367e1bb143e90bb3f0512

[32meth_chainId[0m
[32meth_call[0m
  Contract call:       LayeredChallenge#getProposedState
  From:                0xf39fd6e51aad88f6f4ce6ab8827279cfffb92266
  To:                  0xe7f1725e7734ce288f8367e1bb143e90bb3f0512

[32meth_blockNumber[0m
[32meth_chainId[0m
[32meth_chainId (2)[0m
[32meth_estimateGas[0m
[32meth_getBlockByNumber[0m
[32meth_feeHistory[0m
[32meth_sendTransaction[0m
  Contract call:       LayeredChallenge#proposeState
  Transaction:         0x6ef792594766d9ed65e72bb023730f39df5c1bd8cd245c5e75846969317a4d4c
  From:                0xf39fd6e51aad88f6f4ce6ab8827279cfffb92266
  To:                  0xe7f1725e7734ce288f8367e1bb143e90bb3f0512
  Value:               0 ETH
  Gas used:            54475 of 54475
  Block #67:           0x16e3b66400e169ff2af47b05aaccbc12640b4c8872e51d752c651a6681bbbbc3

[32meth_chainId[0m
[32meth_getTransactionByHash[0m
[32meth_chainId[0m
[32meth_getTransactionReceipt[0m
[32meth_chainId[0m
[32meth_accounts[0m
[32meth_accounts (2)[0m
[32meth_accounts (3)[0m
[32meth_chainId[0m
[32meth_call[0m
  Contract call:       LayeredChallenge#getStepNumber
  From:                0xf39fd6e51aad88f6f4ce6ab8827279cfffb92266
  To:                  0xe7f1725e7734ce288f8367e1bb143e90bb3f0512

[32meth_chainId[0m
[32meth_call[0m
  Contract call:       LayeredChallenge#getCurrentLayer
  From:                0xf39fd6e51aad88f6f4ce6ab8827279cfffb92266
  To:                  0xe7f1725e7734ce288f8367e1bb143e90bb3f0512

[32meth_chainId[0m
[32meth_call[0m
  Contract call:       LayeredChallenge#getNodeID
  From:                0xf39fd6e51aad88f6f4ce6ab8827279cfffb92266
  To:                  0xe7f1725e7734ce288f8367e1bb143e90bb3f0512

[32meth_chainId[0m
[32meth_call[0m
  Contract call:       LayeredChallenge#isSearching
  From:                0xf39fd6e51aad88f6f4ce6ab8827279cfffb92266
  To:                  0xe7f1725e7734ce288f8367e1bb143e90bb3f0512

[32meth_chainId[0m
[32meth_call[0m
  Contract call:       LayeredChallenge#getProposedState
  From:                0xf39fd6e51aad88f6f4ce6ab8827279cfffb92266
  To:                  0xe7f1725e7734ce288f8367e1bb143e90bb3f0512

[32meth_blockNumber[0m
[32meth_chainId[0m
[32meth_chainId (2)[0m
[32meth_estimateGas[0m
[32meth_getBlockByNumber[0m
[32meth_feeHistory[0m
[32meth_sendTransaction[0m
  Contract call:       LayeredChallenge#respondState
  Transaction:         0xa56b6a276ad915a673b67a5b7eb634c6c86f634320b339cb0059af4c7890f88e
  From:                0xf39fd6e51aad88f6f4ce6ab8827279cfffb92266
  To:                  0xe7f1725e7734ce288f8367e1bb143e90bb3f0512
  Value:               0 ETH
  Gas used:            60437 of 60437
  Block #68:           0xb4a763056bffecc5fba533e205970b86366f5885b39ce6992729843da9ce3ac8

[32meth_chainId[0m
[32meth_getTransactionByHash[0m
[32meth_chainId[0m
[32meth_getTransactionReceipt[0m
[32meth_chainId[0m
[32meth_accounts[0m
[32meth_accounts (2)[0m
[32meth_accounts (3)[0m
[32meth_chainId[0m
[32meth_call[0m
  Contract call:       LayeredChallenge#getStepNumber
  From:                0xf39fd6e51aad88f6f4ce6ab8827279cfffb92266
  To:                  0xe7f1725e7734ce288f8367e1bb143e90bb3f0512

[32meth_chainId[0m
[32meth_call[0m
  Contract call:       LayeredChallenge#getCurrentLayer
  From:                0xf39fd6e51aad88f6f4ce6ab8827279cfffb92266
  To:                  0xe7f1725e7734ce288f8367e1bb143e90bb3f0512

[32meth_chainId[0m
[32meth_call[0m
  Contract call:       LayeredChallenge#getNodeID
  From:                0xf39fd6e51aad88f6f4ce6ab8827279cfffb92266
  To:                  0xe7f1725e7734ce288f8367e1bb143e90bb3f0512

[32meth_chainId[0m
[32meth_call[0m
  Contract call:       LayeredChallenge#isSearching
  From:                0xf39fd6e51aad88f6f4ce6ab8827279cfffb92266
  To:                  0xe7f1725e7734ce288f8367e1bb143e90bb3f0512

[32meth_chainId[0m
[32meth_call[0m
  Contract call:       LayeredChallenge#getProposedState
  From:                0xf39fd6e51aad88f6f4ce6ab8827279cfffb92266
  To:                  0xe7f1725e7734ce288f8367e1bb143e90bb3f0512

[32meth_blockNumber[0m
[32meth_chainId[0m
[32meth_chainId (2)[0m
[32meth_estimateGas[0m
[32meth_getBlockByNumber[0m
[32meth_feeHistory[0m
[32meth_sendTransaction[0m
  Contract call:       LayeredChallenge#proposeState
  Transaction:         0x1d0abd514194cc6232f7235dd8bdb51124ec5eef2be92eaf338985c7ecb972cf
  From:                0xf39fd6e51aad88f6f4ce6ab8827279cfffb92266
  To:                  0xe7f1725e7734ce288f8367e1bb143e90bb3f0512
  Value:               0 ETH
  Gas used:            54475 of 54475
  Block #69:           0x56f9d7df6059e383be60f7c60eb97c5462b1ebd416288a58caf935f97c16ca5f

[32meth_chainId[0m
[32meth_getTransactionByHash[0m
[32meth_chainId[0m
[32meth_getTransactionReceipt[0m
[32meth_chainId[0m
[32meth_accounts[0m
[32meth_accounts (2)[0m
[32meth_accounts (3)[0m
[32meth_chainId[0m
[32meth_call[0m
  Contract call:       LayeredChallenge#getStepNumber
  From:                0xf39fd6e51aad88f6f4ce6ab8827279cfffb92266
  To:                  0xe7f1725e7734ce288f8367e1bb143e90bb3f0512

[32meth_chainId[0m
[32meth_call[0m
  Contract call:       LayeredChallenge#getCurrentLayer
  From:                0xf39fd6e51aad88f6f4ce6ab8827279cfffb92266
  To:                  0xe7f1725e7734ce288f8367e1bb143e90bb3f0512

[32meth_chainId[0m
[32meth_call[0m
  Contract call:       LayeredChallenge#getNodeID
  From:                0xf39fd6e51aad88f6f4ce6ab8827279cfffb92266
  To:                  0xe7f1725e7734ce288f8367e1bb143e90bb3f0512

[32meth_chainId[0m
[32meth_call[0m
  Contract call:       LayeredChallenge#isSearching
  From:                0xf39fd6e51aad88f6f4ce6ab8827279cfffb92266
  To:                  0xe7f1725e7734ce288f8367e1bb143e90bb3f0512

[32meth_chainId[0m
[32meth_call[0m
  Contract call:       LayeredChallenge#getProposedState
  From:                0xf39fd6e51aad88f6f4ce6ab8827279cfffb92266
  To:                  0xe7f1725e7734ce288f8367e1bb143e90bb3f0512

[32meth_blockNumber[0m
[32meth_chainId[0m
[32meth_chainId (2)[0m
[32meth_estimateGas[0m
[32meth_getBlockByNumber[0m
[32meth_feeHistory[0m
[32meth_sendTransaction[0m
  Contract call:       LayeredChallenge#respondState
  Transaction:         0x16f23122a5a70064a9ed7bfc2978bb2b9686c8ccf7988990442deca6bae43ac2
  From:                0xf39fd6e51aad88f6f4ce6ab8827279cfffb92266
  To:                  0xe7f1725e7734ce288f8367e1bb143e90bb3f0512
  Value:               0 ETH
  Gas used:            60437 of 60437
  Block #70:           0x73bcbc68a9236f152e7e5644d81d34a5a502c1202040aa54ee1039e96a7e2c90

[32meth_chainId[0m
[32meth_getTransactionByHash[0m
[32meth_chainId[0m
[32meth_getTransactionReceipt[0m
[32meth_chainId[0m
[32meth_accounts[0m
[32meth_accounts (2)[0m
[32meth_accounts (3)[0m
[32meth_chainId[0m
[32meth_call[0m
  Contract call:       LayeredChallenge#getStepNumber
  From:                0xf39fd6e51aad88f6f4ce6ab8827279cfffb92266
  To:                  0xe7f1725e7734ce288f8367e1bb143e90bb3f0512

[32meth_chainId[0m
[32meth_call[0m
  Contract call:       LayeredChallenge#getCurrentLayer
  From:                0xf39fd6e51aad88f6f4ce6ab8827279cfffb92266
  To:                  0xe7f1725e7734ce288f8367e1bb143e90bb3f0512

[32meth_chainId[0m
[32meth_call[0m
  Contract call:       LayeredChallenge#getNodeID
  From:                0xf39fd6e51aad88f6f4ce6ab8827279cfffb92266
  To:                  0xe7f1725e7734ce288f8367e1bb143e90bb3f0512

[32meth_chainId[0m
[32meth_call[0m
  Contract call:       LayeredChallenge#isSearching
  From:                0xf39fd6e51aad88f6f4ce6ab8827279cfffb92266
  To:                  0xe7f1725e7734ce288f8367e1bb143e90bb3f0512

[32meth_chainId[0m
[32meth_call[0m
  Contract call:       LayeredChallenge#getProposedState
  From:                0xf39fd6e51aad88f6f4ce6ab8827279cfffb92266
  To:                  0xe7f1725e7734ce288f8367e1bb143e90bb3f0512

[32meth_blockNumber[0m
[32meth_chainId[0m
[32meth_chainId (2)[0m
[32meth_estimateGas[0m
[32meth_getBlockByNumber[0m
[32meth_feeHistory[0m
[32meth_sendTransaction[0m
  Contract call:       LayeredChallenge#proposeState
  Transaction:         0x05cb7ba059cb8c49f4d76af4fa217878174c5d912fca6cc30b0ac888f0fdd79d
  From:                0xf39fd6e51aad88f6f4ce6ab8827279cfffb92266
  To:                  0xe7f1725e7734ce288f8367e1bb143e90bb3f0512
  Value:               0 ETH
  Gas used:            54475 of 54475
  Block #71:           0x76756f1803cfd95ab2eab59588b776a8aa6b80cedc9ee6060d85c98bc9d41555

[32meth_chainId[0m
[32meth_getTransactionByHash[0m
[32meth_chainId[0m
[32meth_getTransactionReceipt[0m
[32meth_chainId[0m
[32meth_accounts[0m
[32meth_accounts (2)[0m
[32meth_accounts (3)[0m
[32meth_chainId[0m
[32meth_call[0m
  Contract call:       LayeredChallenge#getStepNumber
  From:                0xf39fd6e51aad88f6f4ce6ab8827279cfffb92266
  To:                  0xe7f1725e7734ce288f8367e1bb143e90bb3f0512

[32meth_chainId[0m
[32meth_call[0m
  Contract call:       LayeredChallenge#getCurrentLayer
  From:                0xf39fd6e51aad88f6f4ce6ab8827279cfffb92266
  To:                  0xe7f1725e7734ce288f8367e1bb143e90bb3f0512

[32meth_chainId[0m
[32meth_call[0m
  Contract call:       LayeredChallenge#getNodeID
  From:                0xf39fd6e51aad88f6f4ce6ab8827279cfffb92266
  To:                  0xe7f1725e7734ce288f8367e1bb143e90bb3f0512

[32meth_chainId[0m
[32meth_call[0m
  Contract call:       LayeredChallenge#isSearching
  From:                0xf39fd6e51aad88f6f4ce6ab8827279cfffb92266
  To:                  0xe7f1725e7734ce288f8367e1bb143e90bb3f0512

[32meth_chainId[0m
[32meth_call[0m
  Contract call:       LayeredChallenge#getProposedState
  From:                0xf39fd6e51aad88f6f4ce6ab8827279cfffb92266
  To:                  0xe7f1725e7734ce288f8367e1bb143e90bb3f0512

[32meth_blockNumber[0m
[32meth_chainId[0m
[32meth_chainId (2)[0m
[32meth_estimateGas[0m
[32meth_getBlockByNumber[0m
[32meth_feeHistory[0m
[32meth_sendTransaction[0m
  Contract call:       LayeredChallenge#respondState
  Transaction:         0xa107d45e5d399f101c9590bca0184e03448397a55337fbe2a6b74c1f026a692d
  From:                0xf39fd6e51aad88f6f4ce6ab8827279cfffb92266
  To:                  0xe7f1725e7734ce288f8367e1bb143e90bb3f0512
  Value:               0 ETH
  Gas used:            60437 of 60437
  Block #72:           0x625ab0cf0b1299e472a5ad43a5de114d800645511cfc0e3891eaa1eb06c0b76e

[32meth_chainId[0m
[32meth_getTransactionByHash[0m
[32meth_chainId[0m
[32meth_getTransactionReceipt[0m
[32meth_chainId[0m
[32meth_accounts[0m
[32meth_accounts (2)[0m
[32meth_accounts (3)[0m
[32meth_chainId[0m
[32meth_call[0m
  Contract call:       LayeredChallenge#getStepNumber
  From:                0xf39fd6e51aad88f6f4ce6ab8827279cfffb92266
  To:                  0xe7f1725e7734ce288f8367e1bb143e90bb3f0512

[32meth_chainId[0m
[32meth_call[0m
  Contract call:       LayeredChallenge#getCurrentLayer
  From:                0xf39fd6e51aad88f6f4ce6ab8827279cfffb92266
  To:                  0xe7f1725e7734ce288f8367e1bb143e90bb3f0512

[32meth_chainId[0m
[32meth_call[0m
  Contract call:       LayeredChallenge#getNodeID
  From:                0xf39fd6e51aad88f6f4ce6ab8827279cfffb92266
  To:                  0xe7f1725e7734ce288f8367e1bb143e90bb3f0512

[32meth_chainId[0m
[32meth_call[0m
  Contract call:       LayeredChallenge#isSearching
  From:                0xf39fd6e51aad88f6f4ce6ab8827279cfffb92266
  To:                  0xe7f1725e7734ce288f8367e1bb143e90bb3f0512

[32meth_chainId[0m
[32meth_call[0m
  Contract call:       LayeredChallenge#getProposedState
  From:                0xf39fd6e51aad88f6f4ce6ab8827279cfffb92266
  To:                  0xe7f1725e7734ce288f8367e1bb143e90bb3f0512

[32meth_blockNumber[0m
[32meth_chainId[0m
[32meth_chainId (2)[0m
[32meth_estimateGas[0m
[32meth_getBlockByNumber[0m
[32meth_feeHistory[0m
[32meth_sendTransaction[0m
  Contract call:       LayeredChallenge#proposeState
  Transaction:         0xda2e7ee220eeb2629eca62855cc439d02abcd8c3adb731ee7afce8f03bde344c
  From:                0xf39fd6e51aad88f6f4ce6ab8827279cfffb92266
  To:                  0xe7f1725e7734ce288f8367e1bb143e90bb3f0512
  Value:               0 ETH
  Gas used:            54475 of 54475
  Block #73:           0x87e02b724cb56968c09836f25366cee3b6799f29818003b79bf670e33c085582

[32meth_chainId[0m
[32meth_getTransactionByHash[0m
[32meth_chainId[0m
[32meth_getTransactionReceipt[0m
[32meth_chainId[0m
[32meth_accounts[0m
[32meth_accounts (2)[0m
[32meth_accounts (3)[0m
[32meth_chainId[0m
[32meth_call[0m
  Contract call:       LayeredChallenge#getStepNumber
  From:                0xf39fd6e51aad88f6f4ce6ab8827279cfffb92266
  To:                  0xe7f1725e7734ce288f8367e1bb143e90bb3f0512

[32meth_chainId[0m
[32meth_call[0m
  Contract call:       LayeredChallenge#getCurrentLayer
  From:                0xf39fd6e51aad88f6f4ce6ab8827279cfffb92266
  To:                  0xe7f1725e7734ce288f8367e1bb143e90bb3f0512

[32meth_chainId[0m
[32meth_call[0m
  Contract call:       LayeredChallenge#getNodeID
  From:                0xf39fd6e51aad88f6f4ce6ab8827279cfffb92266
  To:                  0xe7f1725e7734ce288f8367e1bb143e90bb3f0512

[32meth_chainId[0m
[32meth_call[0m
  Contract call:       LayeredChallenge#isSearching
  From:                0xf39fd6e51aad88f6f4ce6ab8827279cfffb92266
  To:                  0xe7f1725e7734ce288f8367e1bb143e90bb3f0512

[32meth_chainId[0m
[32meth_call[0m
  Contract call:       LayeredChallenge#getProposedState
  From:                0xf39fd6e51aad88f6f4ce6ab8827279cfffb92266
  To:                  0xe7f1725e7734ce288f8367e1bb143e90bb3f0512

[32meth_blockNumber[0m
[32meth_chainId[0m
[32meth_chainId (2)[0m
[32meth_estimateGas[0m
[32meth_getBlockByNumber[0m
[32meth_feeHistory[0m
[32meth_sendTransaction[0m
  Contract call:       LayeredChallenge#respondState
  Transaction:         0x07bf2a02be7c8bccd0d036f8177b7786551ab0f17ca9452dc0e541ecfd8b3149
  From:                0xf39fd6e51aad88f6f4ce6ab8827279cfffb92266
  To:                  0xe7f1725e7734ce288f8367e1bb143e90bb3f0512
  Value:               0 ETH
  Gas used:            60437 of 60437
  Block #74:           0xe421386305ae0cf22af540cbb5bbe60b2077a2b56648869d3152fa2cb042c291

[32meth_chainId[0m
[32meth_getTransactionByHash[0m
[32meth_chainId[0m
[32meth_getTransactionReceipt[0m
[32meth_chainId[0m
[32meth_accounts[0m
[32meth_accounts (2)[0m
[32meth_accounts (3)[0m
[32meth_chainId[0m
[32meth_call[0m
  Contract call:       LayeredChallenge#getStepNumber
  From:                0xf39fd6e51aad88f6f4ce6ab8827279cfffb92266
  To:                  0xe7f1725e7734ce288f8367e1bb143e90bb3f0512

[32meth_chainId[0m
[32meth_call[0m
  Contract call:       LayeredChallenge#getCurrentLayer
  From:                0xf39fd6e51aad88f6f4ce6ab8827279cfffb92266
  To:                  0xe7f1725e7734ce288f8367e1bb143e90bb3f0512

[32meth_chainId[0m
[32meth_call[0m
  Contract call:       LayeredChallenge#getNodeID
  From:                0xf39fd6e51aad88f6f4ce6ab8827279cfffb92266
  To:                  0xe7f1725e7734ce288f8367e1bb143e90bb3f0512

[32meth_chainId[0m
[32meth_call[0m
  Contract call:       LayeredChallenge#isSearching
  From:                0xf39fd6e51aad88f6f4ce6ab8827279cfffb92266
  To:                  0xe7f1725e7734ce288f8367e1bb143e90bb3f0512

[32meth_chainId[0m
[32meth_call[0m
  Contract call:       LayeredChallenge#getProposedState
  From:                0xf39fd6e51aad88f6f4ce6ab8827279cfffb92266
  To:                  0xe7f1725e7734ce288f8367e1bb143e90bb3f0512

[32meth_blockNumber[0m
[32meth_chainId[0m
[32meth_chainId (2)[0m
[32meth_estimateGas[0m
[32meth_getBlockByNumber[0m
[32meth_feeHistory[0m
[32meth_sendTransaction[0m
  Contract call:       LayeredChallenge#proposeState
  Transaction:         0x1c7578620a3673c6db6937874a66b985eb6765e515b50cbc64125850c53bd971
  From:                0xf39fd6e51aad88f6f4ce6ab8827279cfffb92266
  To:                  0xe7f1725e7734ce288f8367e1bb143e90bb3f0512
  Value:               0 ETH
  Gas used:            54475 of 54475
  Block #75:           0x32b53896f1017644e99f0871cea26b7f8fb37418b7f5d3c470acfd56b96350a9

[32meth_chainId[0m
[32meth_getTransactionByHash[0m
[32meth_chainId[0m
[32meth_getTransactionReceipt[0m
[32meth_chainId[0m
[32meth_accounts[0m
[32meth_accounts (2)[0m
[32meth_accounts (3)[0m
[32meth_chainId[0m
[32meth_call[0m
  Contract call:       LayeredChallenge#getStepNumber
  From:                0xf39fd6e51aad88f6f4ce6ab8827279cfffb92266
  To:                  0xe7f1725e7734ce288f8367e1bb143e90bb3f0512

[32meth_chainId[0m
[32meth_call[0m
  Contract call:       LayeredChallenge#getCurrentLayer
  From:                0xf39fd6e51aad88f6f4ce6ab8827279cfffb92266
  To:                  0xe7f1725e7734ce288f8367e1bb143e90bb3f0512

[32meth_chainId[0m
[32meth_call[0m
  Contract call:       LayeredChallenge#getNodeID
  From:                0xf39fd6e51aad88f6f4ce6ab8827279cfffb92266
  To:                  0xe7f1725e7734ce288f8367e1bb143e90bb3f0512

[32meth_chainId[0m
[32meth_call[0m
  Contract call:       LayeredChallenge#isSearching
  From:                0xf39fd6e51aad88f6f4ce6ab8827279cfffb92266
  To:                  0xe7f1725e7734ce288f8367e1bb143e90bb3f0512

[32meth_chainId[0m
[32meth_call[0m
  Contract call:       LayeredChallenge#getProposedState
  From:                0xf39fd6e51aad88f6f4ce6ab8827279cfffb92266
  To:                  0xe7f1725e7734ce288f8367e1bb143e90bb3f0512

[32meth_blockNumber[0m
[32meth_chainId[0m
[32meth_chainId (2)[0m
[32meth_estimateGas[0m
[32meth_getBlockByNumber[0m
[32meth_feeHistory[0m
[32meth_sendTransaction[0m
  Contract call:       LayeredChallenge#respondState
  Transaction:         0x2135ad7d9b085e10ec0eac7c739c9656138ba16f97adb83494f0b736819dfca1
  From:                0xf39fd6e51aad88f6f4ce6ab8827279cfffb92266
  To:                  0xe7f1725e7734ce288f8367e1bb143e90bb3f0512
  Value:               0 ETH
  Gas used:            60437 of 60437
  Block #76:           0xeb5a900e1053749aac49c6e48f2260cc08d74605ca4526bea3b3f79922b1ae5c

[32meth_chainId[0m
[32meth_getTransactionByHash[0m
[32meth_chainId[0m
[32meth_getTransactionReceipt[0m
[32meth_chainId[0m
[32meth_accounts[0m
[32meth_accounts (2)[0m
[32meth_accounts (3)[0m
[32meth_chainId[0m
[32meth_call[0m
  Contract call:       LayeredChallenge#getStepNumber
  From:                0xf39fd6e51aad88f6f4ce6ab8827279cfffb92266
  To:                  0xe7f1725e7734ce288f8367e1bb143e90bb3f0512

[32meth_chainId[0m
[32meth_call[0m
  Contract call:       LayeredChallenge#getCurrentLayer
  From:                0xf39fd6e51aad88f6f4ce6ab8827279cfffb92266
  To:                  0xe7f1725e7734ce288f8367e1bb143e90bb3f0512

[32meth_chainId[0m
[32meth_call[0m
  Contract call:       LayeredChallenge#getNodeID
  From:                0xf39fd6e51aad88f6f4ce6ab8827279cfffb92266
  To:                  0xe7f1725e7734ce288f8367e1bb143e90bb3f0512

[32meth_chainId[0m
[32meth_call[0m
  Contract call:       LayeredChallenge#isSearching
  From:                0xf39fd6e51aad88f6f4ce6ab8827279cfffb92266
  To:                  0xe7f1725e7734ce288f8367e1bb143e90bb3f0512

[32meth_chainId[0m
[32meth_accounts[0m
[32meth_accounts (2)[0m
[32meth_accounts (3)[0m
[32meth_chainId[0m
[32meth_call[0m
  Contract call:       LayeredChallenge#getStepNumber
  From:                0xf39fd6e51aad88f6f4ce6ab8827279cfffb92266
  To:                  0xe7f1725e7734ce288f8367e1bb143e90bb3f0512

[32meth_chainId[0m
[32meth_call[0m
  Contract call:       LayeredChallenge#getCurrentLayer
  From:                0xf39fd6e51aad88f6f4ce6ab8827279cfffb92266
  To:                  0xe7f1725e7734ce288f8367e1bb143e90bb3f0512

[32meth_chainId[0m
[32meth_call[0m
  Contract call:       LayeredChallenge#getNodeID
  From:                0xf39fd6e51aad88f6f4ce6ab8827279cfffb92266
  To:                  0xe7f1725e7734ce288f8367e1bb143e90bb3f0512

[32meth_chainId[0m
[32meth_call[0m
  Contract call:       LayeredChallenge#isSearching
  From:                0xf39fd6e51aad88f6f4ce6ab8827279cfffb92266
  To:                  0xe7f1725e7734ce288f8367e1bb143e90bb3f0512

[32meth_chainId[0m
[32meth_accounts[0m
[32meth_accounts (2)[0m
[32meth_accounts (3)[0m
[32meth_chainId[0m
[32meth_call[0m
  Contract call:       LayeredChallenge#getStepNumber
  From:                0xf39fd6e51aad88f6f4ce6ab8827279cfffb92266
  To:                  0xe7f1725e7734ce288f8367e1bb143e90bb3f0512

[32meth_chainId[0m
[32meth_call[0m
  Contract call:       LayeredChallenge#getCurrentLayer
  From:                0xf39fd6e51aad88f6f4ce6ab8827279cfffb92266
  To:                  0xe7f1725e7734ce288f8367e1bb143e90bb3f0512

[32meth_chainId[0m
[32meth_call[0m
  Contract call:       LayeredChallenge#getNodeID
  From:                0xf39fd6e51aad88f6f4ce6ab8827279cfffb92266
  To:                  0xe7f1725e7734ce288f8367e1bb143e90bb3f0512

[32meth_chainId[0m
[32meth_call[0m
  Contract call:       LayeredChallenge#isSearching
  From:                0xf39fd6e51aad88f6f4ce6ab8827279cfffb92266
  To:                  0xe7f1725e7734ce288f8367e1bb143e90bb3f0512

[32meth_chainId[0m
[32meth_accounts[0m
[32meth_accounts (2)[0m
[32meth_accounts (3)[0m
[32meth_chainId[0m
[32meth_call[0m
  Contract call:       LayeredChallenge#getStepNumber
  From:                0xf39fd6e51aad88f6f4ce6ab8827279cfffb92266
  To:                  0xe7f1725e7734ce288f8367e1bb143e90bb3f0512

[32meth_chainId[0m
[32meth_call[0m
  Contract call:       LayeredChallenge#getCurrentLayer
  From:                0xf39fd6e51aad88f6f4ce6ab8827279cfffb92266
  To:                  0xe7f1725e7734ce288f8367e1bb143e90bb3f0512

[32meth_chainId[0m
[32meth_call[0m
  Contract call:       LayeredChallenge#getNodeID
  From:                0xf39fd6e51aad88f6f4ce6ab8827279cfffb92266
  To:                  0xe7f1725e7734ce288f8367e1bb143e90bb3f0512

[32meth_chainId[0m
[32meth_call[0m
  Contract call:       LayeredChallenge#isSearching
  From:                0xf39fd6e51aad88f6f4ce6ab8827279cfffb92266
  To:                  0xe7f1725e7734ce288f8367e1bb143e90bb3f0512

[32meth_chainId[0m
[32meth_accounts[0m
[32meth_accounts (2)[0m
[32meth_accounts (3)[0m
[32meth_chainId[0m
[32meth_call[0m
  Contract call:       LayeredChallenge#getStepNumber
  From:                0xf39fd6e51aad88f6f4ce6ab8827279cfffb92266
  To:                  0xe7f1725e7734ce288f8367e1bb143e90bb3f0512

[32meth_chainId[0m
[32meth_call[0m
  Contract call:       LayeredChallenge#getCurrentLayer
  From:                0xf39fd6e51aad88f6f4ce6ab8827279cfffb92266
  To:                  0xe7f1725e7734ce288f8367e1bb143e90bb3f0512

[32meth_chainId[0m
[32meth_call[0m
  Contract call:       LayeredChallenge#getNodeID
  From:                0xf39fd6e51aad88f6f4ce6ab8827279cfffb92266
  To:                  0xe7f1725e7734ce288f8367e1bb143e90bb3f0512

[32meth_chainId[0m
[32meth_call[0m
  Contract call:       LayeredChallenge#isSearching
  From:                0xf39fd6e51aad88f6f4ce6ab8827279cfffb92266
  To:                  0xe7f1725e7734ce288f8367e1bb143e90bb3f0512

[32meth_chainId[0m
[32meth_accounts[0m
[32meth_accounts (2)[0m
[32meth_accounts (3)[0m
[32meth_chainId[0m
[32meth_call[0m
  Contract call:       LayeredChallenge#getStepNumber
  From:                0xf39fd6e51aad88f6f4ce6ab8827279cfffb92266
  To:                  0xe7f1725e7734ce288f8367e1bb143e90bb3f0512

[32meth_chainId[0m
[32meth_call[0m
  Contract call:       LayeredChallenge#getCurrentLayer
  From:                0xf39fd6e51aad88f6f4ce6ab8827279cfffb92266
  To:                  0xe7f1725e7734ce288f8367e1bb143e90bb3f0512

[32meth_chainId[0m
[32meth_call[0m
  Contract call:       LayeredChallenge#getNodeID
  From:                0xf39fd6e51aad88f6f4ce6ab8827279cfffb92266
  To:                  0xe7f1725e7734ce288f8367e1bb143e90bb3f0512

[32meth_chainId[0m
[32meth_call[0m
  Contract call:       LayeredChallenge#isSearching
  From:                0xf39fd6e51aad88f6f4ce6ab8827279cfffb92266
  To:                  0xe7f1725e7734ce288f8367e1bb143e90bb3f0512

[32meth_chainId[0m
[32meth_accounts[0m
[32meth_accounts (2)[0m
[32meth_accounts (3)[0m
[32meth_chainId[0m
[32meth_call[0m
  Contract call:       LayeredChallenge#getStepNumber
  From:                0xf39fd6e51aad88f6f4ce6ab8827279cfffb92266
  To:                  0xe7f1725e7734ce288f8367e1bb143e90bb3f0512

[32meth_chainId[0m
[32meth_call[0m
  Contract call:       LayeredChallenge#getNodeID
  From:                0xf39fd6e51aad88f6f4ce6ab8827279cfffb92266
  To:                  0xe7f1725e7734ce288f8367e1bb143e90bb3f0512

[32meth_chainId[0m
[32meth_call[0m
  Contract call:       LayeredChallenge#isSearching
  From:                0xf39fd6e51aad88f6f4ce6ab8827279cfffb92266
  To:                  0xe7f1725e7734ce288f8367e1bb143e90bb3f0512

[32meth_chainId[0m
[32meth_accounts[0m
[31meth_call[0m
  Contract call:       LayeredChallenge#callWithTrieNodes
  From:                0xf39fd6e51aad88f6f4ce6ab8827279cfffb92266
  To:                  0xe7f1725e7734ce288f8367e1bb143e90bb3f0512

  Error: reverted with reason string 'a6dab53d329455b0137ed3839c02eb0644adc410253ac449ac503ce7243fff6c'

[32meth_chainId[0m
[31meth_call[0m
  Contract call:       LayeredChallenge#callWithTrieNodes
  From:                0xf39fd6e51aad88f6f4ce6ab8827279cfffb92266
  To:                  0xe7f1725e7734ce288f8367e1bb143e90bb3f0512

  Error: reverted with reason string '0e74c40df9f34e76091570f51747730c6bf9011b1ea8774a6a51334e884bf048'

[32meth_chainId[0m
[31meth_call[0m
  Contract call:       LayeredChallenge#callWithTrieNodes
  From:                0xf39fd6e51aad88f6f4ce6ab8827279cfffb92266
  To:                  0xe7f1725e7734ce288f8367e1bb143e90bb3f0512

  Error: reverted with reason string 'b7fb99a0c1da9f2490ecd159c4324c326a8cd7f57dba650f335961312685f9a0'

[32meth_chainId[0m
[31meth_call[0m
  Contract call:       LayeredChallenge#callWithTrieNodes
  From:                0xf39fd6e51aad88f6f4ce6ab8827279cfffb92266
  To:                  0xe7f1725e7734ce288f8367e1bb143e90bb3f0512

  Error: reverted with reason string '3da91779b428565a1c6157e87bde41b635323378d1fb3b339d3f64b4d348d5b8'

[32meth_chainId[0m
[31meth_call[0m
  Contract call:       LayeredChallenge#callWithTrieNodes
  From:                0xf39fd6e51aad88f6f4ce6ab8827279cfffb92266
  To:                  0xe7f1725e7734ce288f8367e1bb143e90bb3f0512

  Error: reverted with reason string 'wrong asserted state for challenger'

[32meth_blockNumber[0m
[32meth_chainId[0m
[32meth_chainId (2)[0m
[32meth_estimateGas[0m
[32meth_getBlockByNumber[0m
[32meth_feeHistory[0m
[32meth_sendTransaction[0m
  Contract call:       MIPSMemory#AddTrieNode
  Transaction:         0x8fd3f481875f338e4810d41f588168a7e00124fd24d6d89a47d0b7e7405f66cd
  From:                0xf39fd6e51aad88f6f4ce6ab8827279cfffb92266
  To:                  0xa16e02e87b7454126e5e10d957a927a7f5b5d2be
  Value:               0 ETH
  Gas used:            135071 of 135071
  Block #77:           0xab1cf3a95bb5b64b9d979aa13a04165b461f334a8b7a485aadec6fec339f4e6f

[32meth_chainId[0m
[32meth_getTransactionByHash[0m
[32meth_chainId[0m
[32meth_estimateGas[0m
[32meth_feeHistory[0m
[32meth_sendTransaction[0m
  Contract call:       MIPSMemory#AddTrieNode
  Transaction:         0x4d5afc6358029aaeb6a52c442530a35edc6a4dfd3fc9793ff09a0598427b65ef
  From:                0xf39fd6e51aad88f6f4ce6ab8827279cfffb92266
  To:                  0xa16e02e87b7454126e5e10d957a927a7f5b5d2be
  Value:               0 ETH
  Gas used:            89503 of 89503
  Block #78:           0x1fd5af086ca0d27682f773ed8a43ecc441b71f980362690b47db5e18f3998691

[32meth_chainId[0m
[32meth_getTransactionByHash[0m
[32meth_chainId[0m
[32meth_estimateGas[0m
[32meth_feeHistory[0m
[32meth_sendTransaction[0m
  Contract call:       MIPSMemory#AddTrieNode
  Transaction:         0x8e7f54d89537b0fa1f04bae64ba44dce5aa1647368cffac3c9162531222c5934
  From:                0xf39fd6e51aad88f6f4ce6ab8827279cfffb92266
  To:                  0xa16e02e87b7454126e5e10d957a927a7f5b5d2be
  Value:               0 ETH
  Gas used:            135071 of 135071
  Block #79:           0x9cebd98438537eb52d6ea8aa9c1da70930efff1dd7454ae73a7ecb0a01c86a0a

[32meth_chainId[0m
[32meth_getTransactionByHash[0m
[32meth_chainId[0m
[32meth_estimateGas[0m
[32meth_feeHistory[0m
[32meth_sendTransaction[0m
  Contract call:       MIPSMemory#AddTrieNode
  Transaction:         0xd5d2907054f52aab0e92d68eb3ea4bd98fe8402934a45d4a30ee12e00a53a389
  From:                0xf39fd6e51aad88f6f4ce6ab8827279cfffb92266
  To:                  0xa16e02e87b7454126e5e10d957a927a7f5b5d2be
  Value:               0 ETH
  Gas used:            89443 of 89443
  Block #80:           0xc8dbec62fa4703d30ea4da8d415dca35c3090f122b47fd975d2a0fc2b0d8b262

[32meth_chainId[0m
[32meth_getTransactionByHash[0m
[32meth_chainId[0m
[31meth_estimateGas[0m
  Contract call:       LayeredChallenge#confirmStateTransition
  From:                0xf39fd6e51aad88f6f4ce6ab8827279cfffb92266
  To:                  0xe7f1725e7734ce288f8367e1bb143e90bb3f0512
  Value:               0 ETH

  Error: reverted with reason string 'wrong asserted state for challenger'

[32meth_chainId[0m
[32meth_accounts[0m
[32meth_accounts (2)[0m
[32meth_accounts (3)[0m
[32meth_chainId[0m
[32meth_call[0m
  Contract call:       LayeredChallenge#getStepNumber
  From:                0xf39fd6e51aad88f6f4ce6ab8827279cfffb92266
  To:                  0xe7f1725e7734ce288f8367e1bb143e90bb3f0512

[32meth_chainId[0m
[32meth_call[0m
  Contract call:       LayeredChallenge#getNodeID
  From:                0xf39fd6e51aad88f6f4ce6ab8827279cfffb92266
  To:                  0xe7f1725e7734ce288f8367e1bb143e90bb3f0512

[32meth_chainId[0m
[32meth_call[0m
  Contract call:       LayeredChallenge#isSearching
  From:                0xf39fd6e51aad88f6f4ce6ab8827279cfffb92266
  To:                  0xe7f1725e7734ce288f8367e1bb143e90bb3f0512

[32meth_chainId[0m
[32meth_accounts[0m
[32meth_call[0m
  Contract call:       LayeredChallenge#callWithTrieNodes
  From:                0xf39fd6e51aad88f6f4ce6ab8827279cfffb92266
  To:                  0xe7f1725e7734ce288f8367e1bb143e90bb3f0512

[32meth_blockNumber[0m
[32meth_chainId[0m
[32meth_chainId (2)[0m
[32meth_estimateGas[0m
[32meth_getBlockByNumber[0m
[32meth_feeHistory[0m
[32meth_sendTransaction[0m
  Contract call:       LayeredChallenge#denyStateTransition
  Transaction:         0x3b7596a5a504439f9e611cc4e8bdf1059c08acbbddf359ac7a9a882bc7e24279
  From:                0xf39fd6e51aad88f6f4ce6ab8827279cfffb92266
  To:                  0xe7f1725e7734ce288f8367e1bb143e90bb3f0512
  Value:               0 ETH
  Gas used:            162088 of 162088
  Block #81:           0x14b132df2083510c75af46d3f8e993045d8114239c9a2c0d4c75dd97394d4d9b

[32meth_chainId[0m
[32meth_getTransactionByHash[0m
[32meth_chainId[0m
[32meth_getTransactionReceipt[0m
